{
 "type": "FeatureCollection",
 "properties": {
  "generatedBy": "data/scripts/bake_danjong_route.py",
  "source": "근대 교통로 DB — 1914년 교통로 최단경로 · 수로: OpenStreetMap 하천 중심선(ODbL)",
  "sourceUrl": "https://www.hisgeo.info/wiki/근대_교통로_DB",
  "itinerarySource": "세조실록(출발·도착·호송) + 영월 단종유배길 통설 노정",
  "disclaimer": "유배 7일 노정 중 영월 「단종유배길」 공식 코스와 겹치는 마지막 구간(솔치재→주천→배일치→선돌→청령포)만 표현했습니다. 지도의 선은 1914년 도로망(근대 교통로 DB) 위에서 계산한 근사 경로입니다 — 1914년 지형도는 자동차 신작로 이전의 재래 도로망을 담은 가장 오래된 전국 실측 기록이지만, 1457년과는 457년의 격차가 있어 당시의 길 그 자체는 아닙니다. 경유지 다수가 터만 남아 근사 위치입니다.",
  "totalDistanceKm": 39.61,
  "baseDate": "1457-07-06T00:00:00Z",
  "dayPlan": [
   {
    "day": 1,
    "lunar": "6월 27일 (유배 6일차)",
    "label": "솔치재 → 주천(공순원)",
    "legId": "day1",
    "startHour": 13
   },
   {
    "day": 2,
    "lunar": "6월 28일 (유배 7일차)",
    "label": "주천 → 배일치 → 선돌 → 청령포",
    "legId": "day2",
    "startHour": 7
   }
  ]
 },
 "features": [
  {
   "type": "Feature",
   "geometry": {
    "type": "LineString",
    "coordinates": [
     [
      128.216992,
      37.267483
     ],
     [
      128.217001,
      37.267478
     ],
     [
      128.217101,
      37.267461
     ],
     [
      128.217211,
      37.267442
     ],
     [
      128.217321,
      37.267423
     ],
     [
      128.21736,
      37.267416
     ],
     [
      128.217416,
      37.267379
     ],
     [
      128.217503,
      37.267321
     ],
     [
      128.217589,
      37.267263
     ],
     [
      128.217676,
      37.267206
     ],
     [
      128.217762,
      37.267148
     ],
     [
      128.217849,
      37.26709
     ],
     [
      128.217936,
      37.267033
     ],
     [
      128.218022,
      37.266975
     ],
     [
      128.218109,
      37.266917
     ],
     [
      128.218196,
      37.26686
     ],
     [
      128.218237,
      37.266832
     ],
     [
      128.218293,
      37.266819
     ],
     [
      128.218401,
      37.266793
     ],
     [
      128.218509,
      37.266767
     ],
     [
      128.218617,
      37.266741
     ],
     [
      128.218725,
      37.266715
     ],
     [
      128.218833,
      37.26669
     ],
     [
      128.218941,
      37.266664
     ],
     [
      128.219049,
      37.266638
     ],
     [
      128.219152,
      37.266614
     ],
     [
      128.219157,
      37.266611
     ],
     [
      128.21925,
      37.26656
     ],
     [
      128.219343,
      37.26651
     ],
     [
      128.219436,
      37.266459
     ],
     [
      128.219529,
      37.266408
     ],
     [
      128.219622,
      37.266357
     ],
     [
      128.219715,
      37.266306
     ],
     [
      128.219809,
      37.266256
     ],
     [
      128.219902,
      37.266205
     ],
     [
      128.219995,
      37.266154
     ],
     [
      128.220088,
      37.266103
     ],
     [
      128.220181,
      37.266052
     ],
     [
      128.220274,
      37.266001
     ],
     [
      128.220367,
      37.265951
     ],
     [
      128.220375,
      37.265946
     ],
     [
      128.220478,
      37.265946
     ],
     [
      128.220591,
      37.265945
     ],
     [
      128.220704,
      37.265945
     ],
     [
      128.220816,
      37.265944
     ],
     [
      128.220929,
      37.265944
     ],
     [
      128.221042,
      37.265943
     ],
     [
      128.221155,
      37.265942
     ],
     [
      128.221267,
      37.265942
     ],
     [
      128.221285,
      37.265942
     ],
     [
      128.221372,
      37.265972
     ],
     [
      128.221475,
      37.266009
     ],
     [
      128.221578,
      37.266045
     ],
     [
      128.221681,
      37.266082
     ],
     [
      128.221785,
      37.266118
     ],
     [
      128.221888,
      37.266154
     ],
     [
      128.221991,
      37.266191
     ],
     [
      128.221998,
      37.266193
     ],
     [
      128.2221,
      37.266213
     ],
     [
      128.222209,
      37.266235
     ],
     [
      128.222319,
      37.266257
     ],
     [
      128.222428,
      37.266279
     ],
     [
      128.222538,
      37.2663
     ],
     [
      128.22257,
      37.266307
     ],
     [
      128.222644,
      37.266283
     ],
     [
      128.222748,
      37.266249
     ],
     [
      128.222853,
      37.266215
     ],
     [
      128.222957,
      37.266182
     ],
     [
      128.223062,
      37.266148
     ],
     [
      128.223166,
      37.266114
     ],
     [
      128.223271,
      37.266081
     ],
     [
      128.223375,
      37.266047
     ],
     [
      128.22348,
      37.266013
     ],
     [
      128.223584,
      37.265979
     ],
     [
      128.223689,
      37.265946
     ],
     [
      128.22376,
      37.265923
     ],
     [
      128.223796,
      37.265923
     ],
     [
      128.223909,
      37.265922
     ],
     [
      128.224022,
      37.265921
     ],
     [
      128.224134,
      37.265921
     ],
     [
      128.224247,
      37.26592
     ],
     [
      128.22436,
      37.26592
     ],
     [
      128.224472,
      37.265919
     ],
     [
      128.224585,
      37.265918
     ],
     [
      128.224698,
      37.265918
     ],
     [
      128.224811,
      37.265917
     ],
     [
      128.224923,
      37.265916
     ],
     [
      128.225036,
      37.265916
     ],
     [
      128.225149,
      37.265915
     ],
     [
      128.225262,
      37.265915
     ],
     [
      128.225374,
      37.265914
     ],
     [
      128.225487,
      37.265913
     ],
     [
      128.225523,
      37.265913
     ],
     [
      128.225599,
      37.26592
     ],
     [
      128.225711,
      37.26593
     ],
     [
      128.225823,
      37.26594
     ],
     [
      128.225936,
      37.26595
     ],
     [
      128.226048,
      37.26596
     ],
     [
      128.22616,
      37.26597
     ],
     [
      128.226272,
      37.26598
     ],
     [
      128.226384,
      37.26599
     ],
     [
      128.226496,
      37.266
     ],
     [
      128.226608,
      37.266009
     ],
     [
      128.22672,
      37.266019
     ],
     [
      128.226832,
      37.266029
     ],
     [
      128.226912,
      37.266037
     ],
     [
      128.226942,
      37.266046
     ],
     [
      128.227047,
      37.266078
     ],
     [
      128.227152,
      37.26611
     ],
     [
      128.227258,
      37.266143
     ],
     [
      128.227363,
      37.266175
     ],
     [
      128.227468,
      37.266208
     ],
     [
      128.227573,
      37.26624
     ],
     [
      128.227678,
      37.266272
     ],
     [
      128.227784,
      37.266305
     ],
     [
      128.227889,
      37.266337
     ],
     [
      128.227994,
      37.26637
     ],
     [
      128.228036,
      37.266383
     ],
     [
      128.228103,
      37.266387
     ],
     [
      128.228216,
      37.266396
     ],
     [
      128.228328,
      37.266404
     ],
     [
      128.22844,
      37.266412
     ],
     [
      128.228553,
      37.26642
     ],
     [
      128.228665,
      37.266428
     ],
     [
      128.228777,
      37.266436
     ],
     [
      128.228889,
      37.266444
     ],
     [
      128.229002,
      37.266452
     ],
     [
      128.229114,
      37.26646
     ],
     [
      128.229226,
      37.266468
     ],
     [
      128.229287,
      37.266473
     ],
     [
      128.229338,
      37.266482
     ],
     [
      128.229448,
      37.266501
     ],
     [
      128.229558,
      37.266521
     ],
     [
      128.229668,
      37.26654
     ],
     [
      128.229778,
      37.26656
     ],
     [
      128.229888,
      37.26658
     ],
     [
      128.229998,
      37.266599
     ],
     [
      128.230108,
      37.266619
     ],
     [
      128.230218,
      37.266638
     ],
     [
      128.230328,
      37.266658
     ],
     [
      128.230438,
      37.266677
     ],
     [
      128.230548,
      37.266697
     ],
     [
      128.230658,
      37.266717
     ],
     [
      128.230768,
      37.266736
     ],
     [
      128.230878,
      37.266756
     ],
     [
      128.230885,
      37.266757
     ],
     [
      128.230986,
      37.266732
     ],
     [
      128.231094,
      37.266706
     ],
     [
      128.231202,
      37.26668
     ],
     [
      128.23131,
      37.266654
     ],
     [
      128.231418,
      37.266628
     ],
     [
      128.231525,
      37.266601
     ],
     [
      128.231633,
      37.266575
     ],
     [
      128.231741,
      37.266549
     ],
     [
      128.231743,
      37.266548
     ],
     [
      128.231854,
      37.266545
     ],
     [
      128.231966,
      37.266541
     ],
     [
      128.232079,
      37.266538
     ],
     [
      128.232192,
      37.266534
     ],
     [
      128.232304,
      37.26653
     ],
     [
      128.232417,
      37.266527
     ],
     [
      128.23253,
      37.266523
     ],
     [
      128.232642,
      37.266519
     ],
     [
      128.232755,
      37.266516
     ],
     [
      128.232868,
      37.266512
     ],
     [
      128.232909,
      37.266511
     ],
     [
      128.232977,
      37.266493
     ],
     [
      128.233084,
      37.266466
     ],
     [
      128.233192,
      37.266438
     ],
     [
      128.233299,
      37.26641
     ],
     [
      128.233406,
      37.266383
     ],
     [
      128.233513,
      37.266355
     ],
     [
      128.233619,
      37.266328
     ],
     [
      128.233621,
      37.266328
     ],
     [
      128.233732,
      37.266344
     ],
     [
      128.233843,
      37.266359
     ],
     [
      128.233954,
      37.266375
     ],
     [
      128.234065,
      37.26639
     ],
     [
      128.234176,
      37.266406
     ],
     [
      128.234287,
      37.266421
     ],
     [
      128.234398,
      37.266437
     ],
     [
      128.234509,
      37.266452
     ],
     [
      128.234554,
      37.266458
     ],
     [
      128.234619,
      37.266444
     ],
     [
      128.234728,
      37.26642
     ],
     [
      128.234836,
      37.266396
     ],
     [
      128.234945,
      37.266372
     ],
     [
      128.235054,
      37.266348
     ],
     [
      128.235162,
      37.266323
     ],
     [
      128.235271,
      37.266299
     ],
     [
      128.235379,
      37.266275
     ],
     [
      128.235488,
      37.266251
     ],
     [
      128.235597,
      37.266227
     ],
     [
      128.235646,
      37.266216
     ],
     [
      128.235707,
      37.266224
     ],
     [
      128.235818,
      37.26624
     ],
     [
      128.235929,
      37.266255
     ],
     [
      128.23604,
      37.26627
     ],
     [
      128.236151,
      37.266286
     ],
     [
      128.236262,
      37.266301
     ],
     [
      128.236304,
      37.266307
     ],
     [
      128.236366,
      37.266333
     ],
     [
      128.236465,
      37.266376
     ],
     [
      128.236565,
      37.266418
     ],
     [
      128.236664,
      37.266461
     ],
     [
      128.236764,
      37.266503
     ],
     [
      128.236863,
      37.266546
     ],
     [
      128.236963,
      37.266588
     ],
     [
      128.237062,
      37.26663
     ],
     [
      128.237161,
      37.266673
     ],
     [
      128.237261,
      37.266715
     ],
     [
      128.237291,
      37.266728
     ],
     [
      128.237365,
      37.266749
     ],
     [
      128.237472,
      37.266778
     ],
     [
      128.237578,
      37.266808
     ],
     [
      128.237685,
      37.266837
     ],
     [
      128.237791,
      37.266867
     ],
     [
      128.237898,
      37.266896
     ],
     [
      128.238005,
      37.266926
     ],
     [
      128.238111,
      37.266955
     ],
     [
      128.238167,
      37.26697
     ],
     [
      128.23822,
      37.266974
     ],
     [
      128.238333,
      37.266982
     ],
     [
      128.238445,
      37.26699
     ],
     [
      128.238557,
      37.266998
     ],
     [
      128.23867,
      37.267006
     ],
     [
      128.238782,
      37.267014
     ],
     [
      128.238894,
      37.267023
     ],
     [
      128.239006,
      37.267031
     ],
     [
      128.239119,
      37.267039
     ],
     [
      128.239231,
      37.267047
     ],
     [
      128.239343,
      37.267055
     ],
     [
      128.239456,
      37.267063
     ],
     [
      128.239534,
      37.267068
     ],
     [
      128.239565,
      37.267079
     ],
     [
      128.239668,
      37.267116
     ],
     [
      128.239771,
      37.267153
     ],
     [
      128.239874,
      37.26719
     ],
     [
      128.239977,
      37.267227
     ],
     [
      128.240079,
      37.267264
     ],
     [
      128.240182,
      37.267301
     ],
     [
      128.2402,
      37.267307
     ],
     [
      128.240266,
      37.26736
     ],
     [
      128.240345,
      37.267424
     ],
     [
      128.240424,
      37.267488
     ],
     [
      128.240503,
      37.267552
     ],
     [
      128.240582,
      37.267616
     ],
     [
      128.240662,
      37.267681
     ],
     [
      128.240741,
      37.267745
     ],
     [
      128.24082,
      37.267809
     ],
     [
      128.240899,
      37.267873
     ],
     [
      128.240973,
      37.267933
     ],
     [
      128.240977,
      37.267938
     ],
     [
      128.241028,
      37.268018
     ],
     [
      128.24108,
      37.268098
     ],
     [
      128.241131,
      37.268179
     ],
     [
      128.241182,
      37.268259
     ],
     [
      128.241234,
      37.268339
     ],
     [
      128.241285,
      37.268419
     ],
     [
      128.241337,
      37.268499
     ],
     [
      128.241388,
      37.268579
     ],
     [
      128.24144,
      37.26866
     ],
     [
      128.241491,
      37.26874
     ],
     [
      128.241543,
      37.26882
     ],
     [
      128.241594,
      37.2689
     ],
     [
      128.241646,
      37.26898
     ],
     [
      128.241697,
      37.26906
     ],
     [
      128.241749,
      37.269141
     ],
     [
      128.241765,
      37.269165
     ],
     [
      128.241812,
      37.269215
     ],
     [
      128.241879,
      37.269287
     ],
     [
      128.241947,
      37.269359
     ],
     [
      128.242015,
      37.269431
     ],
     [
      128.242082,
      37.269503
     ],
     [
      128.24215,
      37.269575
     ],
     [
      128.242218,
      37.269647
     ],
     [
      128.242286,
      37.269719
     ],
     [
      128.242353,
      37.269791
     ],
     [
      128.242421,
      37.269863
     ],
     [
      128.242489,
      37.269935
     ],
     [
      128.242557,
      37.270007
     ],
     [
      128.242624,
      37.270079
     ],
     [
      128.242661,
      37.270118
     ],
     [
      128.242668,
      37.270159
     ],
     [
      128.242685,
      37.270248
     ],
     [
      128.242702,
      37.270338
     ],
     [
      128.242719,
      37.270427
     ],
     [
      128.242735,
      37.270516
     ],
     [
      128.242752,
      37.270605
     ],
     [
      128.242769,
      37.270694
     ],
     [
      128.242775,
      37.270725
     ],
     [
      128.242777,
      37.270784
     ],
     [
      128.242781,
      37.270874
     ],
     [
      128.242785,
      37.270964
     ],
     [
      128.242789,
      37.271054
     ],
     [
      128.242793,
      37.271144
     ],
     [
      128.242797,
      37.271234
     ],
     [
      128.242801,
      37.271324
     ],
     [
      128.242805,
      37.271414
     ],
     [
      128.242809,
      37.271504
     ],
     [
      128.242813,
      37.271594
     ],
     [
      128.242817,
      37.271678
     ],
     [
      128.242823,
      37.271682
     ],
     [
      128.242905,
      37.271744
     ],
     [
      128.242988,
      37.271805
     ],
     [
      128.24307,
      37.271867
     ],
     [
      128.243152,
      37.271928
     ],
     [
      128.24323,
      37.271986
     ],
     [
      128.243236,
      37.271988
     ],
     [
      128.243343,
      37.272016
     ],
     [
      128.24345,
      37.272045
     ],
     [
      128.243557,
      37.272073
     ],
     [
      128.243664,
      37.272101
     ],
     [
      128.243771,
      37.27213
     ],
     [
      128.243878,
      37.272158
     ],
     [
      128.243985,
      37.272187
     ],
     [
      128.244092,
      37.272215
     ],
     [
      128.244199,
      37.272243
     ],
     [
      128.24423,
      37.272251
     ],
     [
      128.24431,
      37.272254
     ],
     [
      128.244423,
      37.272258
     ],
     [
      128.244536,
      37.272261
     ],
     [
      128.244648,
      37.272265
     ],
     [
      128.244761,
      37.272269
     ],
     [
      128.244874,
      37.272272
     ],
     [
      128.24496,
      37.272275
     ],
     [
      128.244985,
      37.272269
     ],
     [
      128.245092,
      37.27224
     ],
     [
      128.245199,
      37.272211
     ],
     [
      128.245306,
      37.272183
     ],
     [
      128.245413,
      37.272154
     ],
     [
      128.245458,
      37.272142
     ],
     [
      128.245513,
      37.272114
     ],
     [
      128.245607,
      37.272065
     ],
     [
      128.245702,
      37.272016
     ],
     [
      128.245796,
      37.271967
     ],
     [
      128.245891,
      37.271917
     ],
     [
      128.245985,
      37.271868
     ],
     [
      128.24605,
      37.271834
     ],
     [
      128.246084,
      37.271828
     ],
     [
      128.246194,
      37.271807
     ],
     [
      128.246304,
      37.271786
     ],
     [
      128.246413,
      37.271765
     ],
     [
      128.246523,
      37.271744
     ],
     [
      128.246633,
      37.271723
     ],
     [
      128.246709,
      37.271709
     ],
     [
      128.246743,
      37.271709
     ],
     [
      128.246856,
      37.27171
     ],
     [
      128.246969,
      37.271711
     ],
     [
      128.247081,
      37.271712
     ],
     [
      128.247194,
      37.271713
     ],
     [
      128.247307,
      37.271713
     ],
     [
      128.24742,
      37.271714
     ],
     [
      128.247532,
      37.271715
     ],
     [
      128.247615,
      37.271716
     ],
     [
      128.247644,
      37.27171
     ],
     [
      128.247754,
      37.271691
     ],
     [
      128.247864,
      37.271671
     ],
     [
      128.247974,
      37.271651
     ],
     [
      128.248084,
      37.271631
     ],
     [
      128.248194,
      37.271611
     ],
     [
      128.248297,
      37.271593
     ],
     [
      128.248304,
      37.271591
     ],
     [
      128.248411,
      37.271561
     ],
     [
      128.248517,
      37.271531
     ],
     [
      128.248623,
      37.271502
     ],
     [
      128.24873,
      37.271472
     ],
     [
      128.248836,
      37.271442
     ],
     [
      128.248943,
      37.271413
     ],
     [
      128.249049,
      37.271383
     ],
     [
      128.249156,
      37.271353
     ],
     [
      128.249262,
      37.271323
     ],
     [
      128.249369,
      37.271294
     ],
     [
      128.249475,
      37.271264
     ],
     [
      128.249582,
      37.271234
     ],
     [
      128.249688,
      37.271205
     ],
     [
      128.249794,
      37.271175
     ],
     [
      128.249901,
      37.271145
     ],
     [
      128.250007,
      37.271116
     ],
     [
      128.250114,
      37.271086
     ],
     [
      128.25022,
      37.271056
     ],
     [
      128.250327,
      37.271027
     ],
     [
      128.250433,
      37.270997
     ],
     [
      128.25054,
      37.270967
     ],
     [
      128.250646,
      37.270938
     ],
     [
      128.250677,
      37.270929
     ],
     [
      128.25075,
      37.270902
     ],
     [
      128.250852,
      37.270865
     ],
     [
      128.250954,
      37.270827
     ],
     [
      128.251057,
      37.270789
     ],
     [
      128.251159,
      37.270752
     ],
     [
      128.251262,
      37.270714
     ],
     [
      128.251364,
      37.270676
     ],
     [
      128.251467,
      37.270639
     ],
     [
      128.251569,
      37.270601
     ],
     [
      128.251671,
      37.270563
     ],
     [
      128.251774,
      37.270526
     ],
     [
      128.251876,
      37.270488
     ],
     [
      128.251979,
      37.27045
     ],
     [
      128.252081,
      37.270413
     ],
     [
      128.252184,
      37.270375
     ],
     [
      128.252286,
      37.270337
     ],
     [
      128.252289,
      37.270336
     ],
     [
      128.252392,
      37.270307
     ],
     [
      128.252499,
      37.270278
     ],
     [
      128.252605,
      37.270248
     ],
     [
      128.252712,
      37.270218
     ],
     [
      128.252818,
      37.270188
     ],
     [
      128.252848,
      37.27018
     ],
     [
      128.252929,
      37.270177
     ],
     [
      128.253041,
      37.270173
     ],
     [
      128.253154,
      37.270168
     ],
     [
      128.253267,
      37.270164
     ],
     [
      128.253379,
      37.27016
     ],
     [
      128.253492,
      37.270156
     ],
     [
      128.253605,
      37.270152
     ],
     [
      128.253717,
      37.270147
     ],
     [
      128.253735,
      37.270147
     ],
     [
      128.253818,
      37.27011
     ],
     [
      128.253916,
      37.270066
     ],
     [
      128.254015,
      37.270022
     ],
     [
      128.254113,
      37.269978
     ],
     [
      128.254212,
      37.269934
     ],
     [
      128.254214,
      37.269933
     ],
     [
      128.254294,
      37.269872
     ],
     [
      128.254375,
      37.26981
     ],
     [
      128.254456,
      37.269748
     ],
     [
      128.254538,
      37.269685
     ],
     [
      128.254619,
      37.269623
     ],
     [
      128.254701,
      37.269561
     ],
     [
      128.254759,
      37.269516
     ],
     [
      128.254778,
      37.269495
     ],
     [
      128.254843,
      37.269422
     ],
     [
      128.254909,
      37.269348
     ],
     [
      128.254974,
      37.269275
     ],
     [
      128.25504,
      37.269202
     ],
     [
      128.255105,
      37.269128
     ],
     [
      128.255171,
      37.269055
     ],
     [
      128.255236,
      37.268982
     ],
     [
      128.255302,
      37.268908
     ],
     [
      128.255367,
      37.268835
     ],
     [
      128.255432,
      37.268762
     ],
     [
      128.255498,
      37.268688
     ],
     [
      128.255563,
      37.268615
     ],
     [
      128.255589,
      37.268587
     ],
     [
      128.255648,
      37.268559
     ],
     [
      128.255745,
      37.268513
     ],
     [
      128.255842,
      37.268467
     ],
     [
      128.25594,
      37.268421
     ],
     [
      128.256037,
      37.268375
     ],
     [
      128.256134,
      37.268329
     ],
     [
      128.256231,
      37.268283
     ],
     [
      128.256328,
      37.268237
     ],
     [
      128.256425,
      37.268192
     ],
     [
      128.256522,
      37.268146
     ],
     [
      128.256619,
      37.2681
     ],
     [
      128.256716,
      37.268054
     ],
     [
      128.256813,
      37.268008
     ],
     [
      128.25691,
      37.267962
     ],
     [
      128.257007,
      37.267916
     ],
     [
      128.257104,
      37.26787
     ],
     [
      128.257162,
      37.267843
     ],
     [
      128.257203,
      37.267827
     ],
     [
      128.257304,
      37.267787
     ],
     [
      128.257405,
      37.267748
     ],
     [
      128.257506,
      37.267708
     ],
     [
      128.257607,
      37.267668
     ],
     [
      128.257709,
      37.267628
     ],
     [
      128.25781,
      37.267589
     ],
     [
      128.257852,
      37.267572
     ],
     [
      128.257917,
      37.267564
     ],
     [
      128.258028,
      37.26755
     ],
     [
      128.25814,
      37.267536
     ],
     [
      128.258251,
      37.267521
     ],
     [
      128.258362,
      37.267507
     ],
     [
      128.258474,
      37.267493
     ],
     [
      128.258585,
      37.267479
     ],
     [
      128.258696,
      37.267465
     ],
     [
      128.258808,
      37.267451
     ],
     [
      128.258919,
      37.267436
     ],
     [
      128.25903,
      37.267422
     ],
     [
      128.259116,
      37.267411
     ],
     [
      128.25914,
      37.267402
     ],
     [
      128.259242,
      37.267365
     ],
     [
      128.259344,
      37.267327
     ],
     [
      128.259447,
      37.267289
     ],
     [
      128.259549,
      37.267252
     ],
     [
      128.259651,
      37.267214
     ],
     [
      128.259754,
      37.267176
     ],
     [
      128.259856,
      37.267138
     ],
     [
      128.259959,
      37.267101
     ],
     [
      128.260061,
      37.267063
     ],
     [
      128.260163,
      37.267025
     ],
     [
      128.260266,
      37.266988
     ],
     [
      128.260368,
      37.26695
     ],
     [
      128.260471,
      37.266912
     ],
     [
      128.260573,
      37.266875
     ],
     [
      128.260675,
      37.266837
     ],
     [
      128.260778,
      37.266799
     ],
     [
      128.26088,
      37.266761
     ],
     [
      128.260983,
      37.266724
     ],
     [
      128.261085,
      37.266686
     ],
     [
      128.261149,
      37.266662
     ],
     [
      128.26119,
      37.266655
     ],
     [
      128.261301,
      37.266637
     ],
     [
      128.261411,
      37.266618
     ],
     [
      128.261521,
      37.2666
     ],
     [
      128.261632,
      37.266581
     ],
     [
      128.261742,
      37.266562
     ],
     [
      128.261852,
      37.266544
     ],
     [
      128.261963,
      37.266525
     ],
     [
      128.26205,
      37.266511
     ],
     [
      128.262073,
      37.266511
     ],
     [
      128.262186,
      37.266515
     ],
     [
      128.262299,
      37.266519
     ],
     [
      128.262411,
      37.266523
     ],
     [
      128.262524,
      37.266527
     ],
     [
      128.262636,
      37.266531
     ],
     [
      128.262749,
      37.266535
     ],
     [
      128.262862,
      37.266539
     ],
     [
      128.262974,
      37.266543
     ],
     [
      128.263087,
      37.266546
     ],
     [
      128.2632,
      37.26655
     ],
     [
      128.263283,
      37.266553
     ],
     [
      128.263311,
      37.266547
     ],
     [
      128.26342,
      37.266523
     ],
     [
      128.263529,
      37.2665
     ],
     [
      128.263638,
      37.266476
     ],
     [
      128.263746,
      37.266452
     ],
     [
      128.263855,
      37.266429
     ],
     [
      128.263964,
      37.266405
     ],
     [
      128.264073,
      37.266381
     ],
     [
      128.264182,
      37.266358
     ],
     [
      128.264198,
      37.266354
     ],
     [
      128.264266,
      37.266342
     ],
     [
      128.264376,
      37.266323
     ],
     [
      128.264486,
      37.266303
     ],
     [
      128.264596,
      37.266284
     ],
     [
      128.264706,
      37.266265
     ],
     [
      128.264817,
      37.266245
     ],
     [
      128.264871,
      37.266236
     ],
     [
      128.264924,
      37.266253
     ],
     [
      128.265028,
      37.266288
     ],
     [
      128.265132,
      37.266322
     ],
     [
      128.265236,
      37.266357
     ],
     [
      128.26534,
      37.266391
     ],
     [
      128.265444,
      37.266426
     ],
     [
      128.265548,
      37.26646
     ],
     [
      128.265652,
      37.266495
     ],
     [
      128.265757,
      37.26653
     ],
     [
      128.265861,
      37.266564
     ],
     [
      128.265871,
      37.266567
     ],
     [
      128.265927,
      37.266635
     ],
     [
      128.265989,
      37.26671
     ],
     [
      128.266051,
      37.266786
     ],
     [
      128.266114,
      37.266861
     ],
     [
      128.266176,
      37.266936
     ],
     [
      128.266238,
      37.267011
     ],
     [
      128.2663,
      37.267086
     ],
     [
      128.2712,
      37.2645
     ]
    ]
   },
   "properties": {
    "kind": "leg",
    "id": "day1",
    "day": 1,
    "label": "솔치재 → 어음정 → 주천(공순원)",
    "direction": "outbound",
    "mode": "land",
    "distanceKm": 5.58,
    "pointCount": 560
   }
  },
  {
   "type": "Feature",
   "geometry": {
    "type": "LineString",
    "coordinates": [
     [
      128.2712,
      37.2645
     ],
     [
      128.2663,
      37.267086
     ],
     [
      128.266362,
      37.267161
     ],
     [
      128.266425,
      37.267236
     ],
     [
      128.266487,
      37.267312
     ],
     [
      128.266549,
      37.267387
     ],
     [
      128.266611,
      37.267462
     ],
     [
      128.266673,
      37.267537
     ],
     [
      128.266735,
      37.267612
     ],
     [
      128.266798,
      37.267687
     ],
     [
      128.26686,
      37.267763
     ],
     [
      128.266922,
      37.267838
     ],
     [
      128.266984,
      37.267913
     ],
     [
      128.267046,
      37.267988
     ],
     [
      128.267109,
      37.268063
     ],
     [
      128.267171,
      37.268138
     ],
     [
      128.267233,
      37.268213
     ],
     [
      128.267295,
      37.268289
     ],
     [
      128.267357,
      37.268364
     ],
     [
      128.26742,
      37.268439
     ],
     [
      128.267482,
      37.268514
     ],
     [
      128.267544,
      37.268589
     ],
     [
      128.267606,
      37.268664
     ],
     [
      128.267655,
      37.268723
     ],
     [
      128.267667,
      37.26874
     ],
     [
      128.267723,
      37.268818
     ],
     [
      128.267779,
      37.268896
     ],
     [
      128.267836,
      37.268975
     ],
     [
      128.267892,
      37.269053
     ],
     [
      128.267948,
      37.269131
     ],
     [
      128.268004,
      37.269209
     ],
     [
      128.268061,
      37.269287
     ],
     [
      128.268117,
      37.269365
     ],
     [
      128.268173,
      37.269443
     ],
     [
      128.268221,
      37.26951
     ],
     [
      128.268241,
      37.269511
     ],
     [
      128.268354,
      37.269517
     ],
     [
      128.268466,
      37.269523
     ],
     [
      128.268579,
      37.26953
     ],
     [
      128.268691,
      37.269536
     ],
     [
      128.268803,
      37.269542
     ],
     [
      128.268916,
      37.269549
     ],
     [
      128.269028,
      37.269555
     ],
     [
      128.269141,
      37.269561
     ],
     [
      128.269253,
      37.269568
     ],
     [
      128.269366,
      37.269574
     ],
     [
      128.269478,
      37.26958
     ],
     [
      128.269591,
      37.269586
     ],
     [
      128.269703,
      37.269593
     ],
     [
      128.269816,
      37.269599
     ],
     [
      128.269928,
      37.269605
     ],
     [
      128.270041,
      37.269612
     ],
     [
      128.270153,
      37.269618
     ],
     [
      128.270266,
      37.269624
     ],
     [
      128.270378,
      37.269631
     ],
     [
      128.270491,
      37.269637
     ],
     [
      128.270603,
      37.269643
     ],
     [
      128.270715,
      37.269649
     ],
     [
      128.270828,
      37.269656
     ],
     [
      128.27094,
      37.269662
     ],
     [
      128.271053,
      37.269668
     ],
     [
      128.271162,
      37.269674
     ],
     [
      128.271165,
      37.269674
     ],
     [
      128.271278,
      37.269667
     ],
     [
      128.27139,
      37.26966
     ],
     [
      128.271503,
      37.269653
     ],
     [
      128.271615,
      37.269646
     ],
     [
      128.271727,
      37.269639
     ],
     [
      128.27184,
      37.269632
     ],
     [
      128.271952,
      37.269625
     ],
     [
      128.272065,
      37.269618
     ],
     [
      128.272177,
      37.269611
     ],
     [
      128.272289,
      37.269604
     ],
     [
      128.272402,
      37.269597
     ],
     [
      128.272514,
      37.26959
     ],
     [
      128.272627,
      37.269583
     ],
     [
      128.272739,
      37.269576
     ],
     [
      128.272851,
      37.269569
     ],
     [
      128.272964,
      37.269562
     ],
     [
      128.273076,
      37.269555
     ],
     [
      128.273189,
      37.269548
     ],
     [
      128.273301,
      37.269541
     ],
     [
      128.273413,
      37.269534
     ],
     [
      128.273526,
      37.269527
     ],
     [
      128.273638,
      37.26952
     ],
     [
      128.273751,
      37.269513
     ],
     [
      128.273863,
      37.269506
     ],
     [
      128.273975,
      37.269499
     ],
     [
      128.274088,
      37.269492
     ],
     [
      128.2742,
      37.269485
     ],
     [
      128.274313,
      37.269478
     ],
     [
      128.274425,
      37.269471
     ],
     [
      128.274537,
      37.269464
     ],
     [
      128.27465,
      37.269456
     ],
     [
      128.274762,
      37.269449
     ],
     [
      128.274875,
      37.269442
     ],
     [
      128.274973,
      37.269436
     ],
     [
      128.274986,
      37.269433
     ],
     [
      128.275093,
      37.269405
     ],
     [
      128.275201,
      37.269377
     ],
     [
      128.275308,
      37.269349
     ],
     [
      128.275415,
      37.26932
     ],
     [
      128.275522,
      37.269292
     ],
     [
      128.275629,
      37.269264
     ],
     [
      128.275736,
      37.269236
     ],
     [
      128.275843,
      37.269208
     ],
     [
      128.27595,
      37.26918
     ],
     [
      128.276057,
      37.269152
     ],
     [
      128.276165,
      37.269124
     ],
     [
      128.276272,
      37.269095
     ],
     [
      128.276379,
      37.269067
     ],
     [
      128.276486,
      37.269039
     ],
     [
      128.276593,
      37.269011
     ],
     [
      128.2767,
      37.268983
     ],
     [
      128.276807,
      37.268955
     ],
     [
      128.276914,
      37.268927
     ],
     [
      128.277021,
      37.268899
     ],
     [
      128.277129,
      37.268871
     ],
     [
      128.277236,
      37.268842
     ],
     [
      128.277343,
      37.268814
     ],
     [
      128.27745,
      37.268786
     ],
     [
      128.277557,
      37.268758
     ],
     [
      128.277664,
      37.26873
     ],
     [
      128.277771,
      37.268702
     ],
     [
      128.277878,
      37.268674
     ],
     [
      128.277985,
      37.268646
     ],
     [
      128.278093,
      37.268617
     ],
     [
      128.2782,
      37.268589
     ],
     [
      128.278307,
      37.268561
     ],
     [
      128.278414,
      37.268533
     ],
     [
      128.278521,
      37.268505
     ],
     [
      128.278603,
      37.268483
     ],
     [
      128.278628,
      37.268477
     ],
     [
      128.278735,
      37.268448
     ],
     [
      128.278842,
      37.268419
     ],
     [
      128.278949,
      37.26839
     ],
     [
      128.279055,
      37.268362
     ],
     [
      128.279162,
      37.268333
     ],
     [
      128.279269,
      37.268304
     ],
     [
      128.279376,
      37.268275
     ],
     [
      128.279483,
      37.268247
     ],
     [
      128.27959,
      37.268218
     ],
     [
      128.279697,
      37.268189
     ],
     [
      128.279803,
      37.26816
     ],
     [
      128.27991,
      37.268132
     ],
     [
      128.280017,
      37.268103
     ],
     [
      128.280124,
      37.268074
     ],
     [
      128.280231,
      37.268045
     ],
     [
      128.280338,
      37.268017
     ],
     [
      128.280445,
      37.267988
     ],
     [
      128.280551,
      37.267959
     ],
     [
      128.280658,
      37.26793
     ],
     [
      128.280765,
      37.267902
     ],
     [
      128.280872,
      37.267873
     ],
     [
      128.280979,
      37.267844
     ],
     [
      128.281086,
      37.267815
     ],
     [
      128.281192,
      37.267787
     ],
     [
      128.281299,
      37.267758
     ],
     [
      128.281406,
      37.267729
     ],
     [
      128.281513,
      37.2677
     ],
     [
      128.28162,
      37.267672
     ],
     [
      128.281727,
      37.267643
     ],
     [
      128.281834,
      37.267614
     ],
     [
      128.28194,
      37.267585
     ],
     [
      128.282017,
      37.267565
     ],
     [
      128.282043,
      37.26755
     ],
     [
      128.282137,
      37.2675
     ],
     [
      128.28223,
      37.267449
     ],
     [
      128.282323,
      37.267398
     ],
     [
      128.282416,
      37.267347
     ],
     [
      128.282509,
      37.267297
     ],
     [
      128.282602,
      37.267246
     ],
     [
      128.282695,
      37.267195
     ],
     [
      128.282789,
      37.267144
     ],
     [
      128.282882,
      37.267094
     ],
     [
      128.282975,
      37.267043
     ],
     [
      128.283068,
      37.266992
     ],
     [
      128.283161,
      37.266941
     ],
     [
      128.283254,
      37.266891
     ],
     [
      128.283348,
      37.26684
     ],
     [
      128.283441,
      37.266789
     ],
     [
      128.283534,
      37.266738
     ],
     [
      128.283627,
      37.266688
     ],
     [
      128.28372,
      37.266637
     ],
     [
      128.283813,
      37.266586
     ],
     [
      128.283906,
      37.266535
     ],
     [
      128.284,
      37.266485
     ],
     [
      128.284093,
      37.266434
     ],
     [
      128.284186,
      37.266383
     ],
     [
      128.284279,
      37.266332
     ],
     [
      128.284372,
      37.266282
     ],
     [
      128.284465,
      37.266231
     ],
     [
      128.284559,
      37.26618
     ],
     [
      128.284652,
      37.266129
     ],
     [
      128.284745,
      37.266079
     ],
     [
      128.284838,
      37.266028
     ],
     [
      128.284931,
      37.265977
     ],
     [
      128.285024,
      37.265926
     ],
     [
      128.285117,
      37.265876
     ],
     [
      128.285211,
      37.265825
     ],
     [
      128.285304,
      37.265774
     ],
     [
      128.285306,
      37.265773
     ],
     [
      128.285334,
      37.265758
     ],
     [
      128.285428,
      37.265708
     ],
     [
      128.285522,
      37.265659
     ],
     [
      128.285615,
      37.265609
     ],
     [
      128.285709,
      37.265559
     ],
     [
      128.285803,
      37.265509
     ],
     [
      128.285897,
      37.265459
     ],
     [
      128.285991,
      37.265409
     ],
     [
      128.286085,
      37.26536
     ],
     [
      128.286179,
      37.26531
     ],
     [
      128.286273,
      37.26526
     ],
     [
      128.286367,
      37.26521
     ],
     [
      128.286461,
      37.26516
     ],
     [
      128.286555,
      37.265111
     ],
     [
      128.286649,
      37.265061
     ],
     [
      128.286743,
      37.265011
     ],
     [
      128.286837,
      37.264961
     ],
     [
      128.286931,
      37.264911
     ],
     [
      128.287025,
      37.264862
     ],
     [
      128.287118,
      37.264812
     ],
     [
      128.287212,
      37.264762
     ],
     [
      128.287306,
      37.264712
     ],
     [
      128.2874,
      37.264662
     ],
     [
      128.287494,
      37.264612
     ],
     [
      128.287552,
      37.264582
     ],
     [
      128.28758,
      37.264556
     ],
     [
      128.287654,
      37.264487
     ],
     [
      128.287728,
      37.264419
     ],
     [
      128.287802,
      37.264351
     ],
     [
      128.287875,
      37.264283
     ],
     [
      128.287949,
      37.264215
     ],
     [
      128.288023,
      37.264147
     ],
     [
      128.288097,
      37.264078
     ],
     [
      128.28817,
      37.26401
     ],
     [
      128.288244,
      37.263942
     ],
     [
      128.288318,
      37.263874
     ],
     [
      128.288392,
      37.263806
     ],
     [
      128.288465,
      37.263738
     ],
     [
      128.288539,
      37.263669
     ],
     [
      128.288613,
      37.263601
     ],
     [
      128.288686,
      37.263533
     ],
     [
      128.28876,
      37.263465
     ],
     [
      128.288834,
      37.263397
     ],
     [
      128.288908,
      37.263329
     ],
     [
      128.288981,
      37.263261
     ],
     [
      128.289055,
      37.263192
     ],
     [
      128.289129,
      37.263124
     ],
     [
      128.289203,
      37.263056
     ],
     [
      128.289276,
      37.262988
     ],
     [
      128.28935,
      37.26292
     ],
     [
      128.289424,
      37.262852
     ],
     [
      128.289498,
      37.262783
     ],
     [
      128.289571,
      37.262715
     ],
     [
      128.289645,
      37.262647
     ],
     [
      128.289719,
      37.262579
     ],
     [
      128.289792,
      37.262511
     ],
     [
      128.289866,
      37.262443
     ],
     [
      128.28994,
      37.262374
     ],
     [
      128.290014,
      37.262306
     ],
     [
      128.290087,
      37.262238
     ],
     [
      128.290161,
      37.26217
     ],
     [
      128.290235,
      37.262102
     ],
     [
      128.290309,
      37.262034
     ],
     [
      128.290382,
      37.261966
     ],
     [
      128.290456,
      37.261897
     ],
     [
      128.29053,
      37.261829
     ],
     [
      128.290604,
      37.261761
     ],
     [
      128.290677,
      37.261693
     ],
     [
      128.290751,
      37.261625
     ],
     [
      128.290825,
      37.261557
     ],
     [
      128.290899,
      37.261488
     ],
     [
      128.290972,
      37.26142
     ],
     [
      128.291046,
      37.261352
     ],
     [
      128.29112,
      37.261284
     ],
     [
      128.291193,
      37.261216
     ],
     [
      128.291267,
      37.261148
     ],
     [
      128.291341,
      37.261079
     ],
     [
      128.291415,
      37.261011
     ],
     [
      128.291488,
      37.260943
     ],
     [
      128.291562,
      37.260875
     ],
     [
      128.291601,
      37.260839
     ],
     [
      128.291633,
      37.260805
     ],
     [
      128.291701,
      37.260733
     ],
     [
      128.291768,
      37.260661
     ],
     [
      128.291836,
      37.260589
     ],
     [
      128.291904,
      37.260517
     ],
     [
      128.291971,
      37.260445
     ],
     [
      128.292039,
      37.260373
     ],
     [
      128.292106,
      37.2603
     ],
     [
      128.292174,
      37.260228
     ],
     [
      128.292242,
      37.260156
     ],
     [
      128.292309,
      37.260084
     ],
     [
      128.292377,
      37.260012
     ],
     [
      128.292445,
      37.25994
     ],
     [
      128.292512,
      37.259868
     ],
     [
      128.29258,
      37.259796
     ],
     [
      128.292648,
      37.259724
     ],
     [
      128.292715,
      37.259652
     ],
     [
      128.292783,
      37.25958
     ],
     [
      128.29285,
      37.259508
     ],
     [
      128.292918,
      37.259435
     ],
     [
      128.292986,
      37.259363
     ],
     [
      128.293053,
      37.259291
     ],
     [
      128.293121,
      37.259219
     ],
     [
      128.293189,
      37.259147
     ],
     [
      128.293256,
      37.259075
     ],
     [
      128.293324,
      37.259003
     ],
     [
      128.293392,
      37.258931
     ],
     [
      128.293459,
      37.258859
     ],
     [
      128.293527,
      37.258787
     ],
     [
      128.293594,
      37.258715
     ],
     [
      128.293662,
      37.258642
     ],
     [
      128.29373,
      37.25857
     ],
     [
      128.293797,
      37.258498
     ],
     [
      128.293865,
      37.258426
     ],
     [
      128.293933,
      37.258354
     ],
     [
      128.294,
      37.258282
     ],
     [
      128.294068,
      37.25821
     ],
     [
      128.294136,
      37.258138
     ],
     [
      128.294203,
      37.258066
     ],
     [
      128.294271,
      37.257994
     ],
     [
      128.294338,
      37.257922
     ],
     [
      128.294406,
      37.25785
     ],
     [
      128.294474,
      37.257777
     ],
     [
      128.294541,
      37.257705
     ],
     [
      128.294609,
      37.257633
     ],
     [
      128.294677,
      37.257561
     ],
     [
      128.294744,
      37.257489
     ],
     [
      128.294812,
      37.257417
     ],
     [
      128.294879,
      37.257345
     ],
     [
      128.29488,
      37.257345
     ],
     [
      128.294947,
      37.257273
     ],
     [
      128.295014,
      37.2572
     ],
     [
      128.295081,
      37.257128
     ],
     [
      128.295149,
      37.257056
     ],
     [
      128.295216,
      37.256983
     ],
     [
      128.295283,
      37.256911
     ],
     [
      128.29535,
      37.256839
     ],
     [
      128.295418,
      37.256766
     ],
     [
      128.295485,
      37.256694
     ],
     [
      128.295552,
      37.256622
     ],
     [
      128.295619,
      37.25655
     ],
     [
      128.295687,
      37.256477
     ],
     [
      128.295754,
      37.256405
     ],
     [
      128.295821,
      37.256333
     ],
     [
      128.295888,
      37.25626
     ],
     [
      128.295934,
      37.256211
     ],
     [
      128.295941,
      37.256183
     ],
     [
      128.295961,
      37.256094
     ],
     [
      128.295982,
      37.256006
     ],
     [
      128.296003,
      37.255917
     ],
     [
      128.296024,
      37.255829
     ],
     [
      128.296044,
      37.25574
     ],
     [
      128.296065,
      37.255651
     ],
     [
      128.296086,
      37.255563
     ],
     [
      128.296107,
      37.255474
     ],
     [
      128.296127,
      37.255386
     ],
     [
      128.296148,
      37.255297
     ],
     [
      128.296169,
      37.255209
     ],
     [
      128.29619,
      37.25512
     ],
     [
      128.29621,
      37.255031
     ],
     [
      128.296231,
      37.254943
     ],
     [
      128.296252,
      37.254854
     ],
     [
      128.296273,
      37.254766
     ],
     [
      128.296293,
      37.254677
     ],
     [
      128.296314,
      37.254589
     ],
     [
      128.296335,
      37.2545
     ],
     [
      128.296356,
      37.254412
     ],
     [
      128.296376,
      37.254323
     ],
     [
      128.296397,
      37.254234
     ],
     [
      128.296418,
      37.254146
     ],
     [
      128.296427,
      37.254106
     ],
     [
      128.29644,
      37.254057
     ],
     [
      128.296464,
      37.253969
     ],
     [
      128.296487,
      37.253881
     ],
     [
      128.296511,
      37.253793
     ],
     [
      128.296534,
      37.253705
     ],
     [
      128.296558,
      37.253617
     ],
     [
      128.296581,
      37.253529
     ],
     [
      128.296605,
      37.253441
     ],
     [
      128.296628,
      37.253352
     ],
     [
      128.296652,
      37.253264
     ],
     [
      128.296675,
      37.253176
     ],
     [
      128.296699,
      37.253088
     ],
     [
      128.296722,
      37.253
     ],
     [
      128.296746,
      37.252912
     ],
     [
      128.296769,
      37.252824
     ],
     [
      128.296793,
      37.252736
     ],
     [
      128.296808,
      37.252678
     ],
     [
      128.296809,
      37.252647
     ],
     [
      128.296813,
      37.252557
     ],
     [
      128.296817,
      37.252467
     ],
     [
      128.296821,
      37.252377
     ],
     [
      128.296825,
      37.252287
     ],
     [
      128.296829,
      37.252197
     ],
     [
      128.296833,
      37.252107
     ],
     [
      128.296837,
      37.252016
     ],
     [
      128.296841,
      37.251926
     ],
     [
      128.296845,
      37.251836
     ],
     [
      128.296849,
      37.251746
     ],
     [
      128.296853,
      37.251656
     ],
     [
      128.296857,
      37.251566
     ],
     [
      128.296861,
      37.251476
     ],
     [
      128.296865,
      37.251386
     ],
     [
      128.296869,
      37.251296
     ],
     [
      128.296873,
      37.251206
     ],
     [
      128.296877,
      37.251116
     ],
     [
      128.296881,
      37.251026
     ],
     [
      128.296885,
      37.250936
     ],
     [
      128.296889,
      37.250846
     ],
     [
      128.296893,
      37.250756
     ],
     [
      128.296897,
      37.250666
     ],
     [
      128.296901,
      37.250576
     ],
     [
      128.296903,
      37.250536
     ],
     [
      128.296883,
      37.250488
     ],
     [
      128.296847,
      37.250403
     ],
     [
      128.29681,
      37.250318
     ],
     [
      128.296774,
      37.250232
     ],
     [
      128.296738,
      37.250147
     ],
     [
      128.296702,
      37.250062
     ],
     [
      128.296665,
      37.249976
     ],
     [
      128.296629,
      37.249891
     ],
     [
      128.296593,
      37.249806
     ],
     [
      128.296557,
      37.24972
     ],
     [
      128.29652,
      37.249635
     ],
     [
      128.296484,
      37.24955
     ],
     [
      128.296448,
      37.249464
     ],
     [
      128.296412,
      37.249379
     ],
     [
      128.296376,
      37.249294
     ],
     [
      128.296339,
      37.249209
     ],
     [
      128.296303,
      37.249123
     ],
     [
      128.296267,
      37.249038
     ],
     [
      128.296231,
      37.248953
     ],
     [
      128.296194,
      37.248867
     ],
     [
      128.296158,
      37.248782
     ],
     [
      128.296122,
      37.248697
     ],
     [
      128.296086,
      37.248611
     ],
     [
      128.296049,
      37.248526
     ],
     [
      128.296013,
      37.248441
     ],
     [
      128.295977,
      37.248355
     ],
     [
      128.295941,
      37.24827
     ],
     [
      128.295905,
      37.248185
     ],
     [
      128.295868,
      37.248099
     ],
     [
      128.295832,
      37.248014
     ],
     [
      128.295796,
      37.247929
     ],
     [
      128.29576,
      37.247843
     ],
     [
      128.295723,
      37.247758
     ],
     [
      128.295687,
      37.247673
     ],
     [
      128.295651,
      37.247587
     ],
     [
      128.295615,
      37.247502
     ],
     [
      128.295578,
      37.247417
     ],
     [
      128.295542,
      37.247331
     ],
     [
      128.295506,
      37.247246
     ],
     [
      128.29547,
      37.247161
     ],
     [
      128.295434,
      37.247075
     ],
     [
      128.295428,
      37.247062
     ],
     [
      128.29543,
      37.246986
     ],
     [
      128.295433,
      37.246896
     ],
     [
      128.295436,
      37.246806
     ],
     [
      128.295439,
      37.246716
     ],
     [
      128.295442,
      37.246626
     ],
     [
      128.295445,
      37.246536
     ],
     [
      128.295448,
      37.246446
     ],
     [
      128.295451,
      37.246356
     ],
     [
      128.295454,
      37.246266
     ],
     [
      128.295457,
      37.246175
     ],
     [
      128.295459,
      37.246085
     ],
     [
      128.295462,
      37.245995
     ],
     [
      128.295465,
      37.245905
     ],
     [
      128.295468,
      37.245815
     ],
     [
      128.295471,
      37.245725
     ],
     [
      128.295474,
      37.245635
     ],
     [
      128.295476,
      37.245587
     ],
     [
      128.295476,
      37.245545
     ],
     [
      128.295476,
      37.245455
     ],
     [
      128.295476,
      37.245365
     ],
     [
      128.295476,
      37.245275
     ],
     [
      128.295476,
      37.245184
     ],
     [
      128.295476,
      37.245094
     ],
     [
      128.295476,
      37.245004
     ],
     [
      128.295476,
      37.244914
     ],
     [
      128.295476,
      37.244824
     ],
     [
      128.295476,
      37.244734
     ],
     [
      128.295476,
      37.244683
     ],
     [
      128.295515,
      37.24466
     ],
     [
      128.295605,
      37.244606
     ],
     [
      128.295696,
      37.244552
     ],
     [
      128.295786,
      37.244499
     ],
     [
      128.295877,
      37.244445
     ],
     [
      128.295967,
      37.244391
     ],
     [
      128.296058,
      37.244338
     ],
     [
      128.296149,
      37.244284
     ],
     [
      128.296239,
      37.24423
     ],
     [
      128.29633,
      37.244177
     ],
     [
      128.29642,
      37.244123
     ],
     [
      128.296511,
      37.244069
     ],
     [
      128.296601,
      37.244016
     ],
     [
      128.296692,
      37.243962
     ],
     [
      128.29676,
      37.243921
     ],
     [
      128.296788,
      37.243921
     ],
     [
      128.2969,
      37.243921
     ],
     [
      128.297013,
      37.243921
     ],
     [
      128.297126,
      37.243921
     ],
     [
      128.297239,
      37.243921
     ],
     [
      128.297351,
      37.243921
     ],
     [
      128.297464,
      37.243921
     ],
     [
      128.297577,
      37.243921
     ],
     [
      128.297617,
      37.243921
     ],
     [
      128.297685,
      37.243901
     ],
     [
      128.29779,
      37.243869
     ],
     [
      128.297895,
      37.243836
     ],
     [
      128.298,
      37.243804
     ],
     [
      128.298106,
      37.243772
     ],
     [
      128.298211,
      37.24374
     ],
     [
      128.298316,
      37.243708
     ],
     [
      128.298422,
      37.243676
     ],
     [
      128.298527,
      37.243643
     ],
     [
      128.298632,
      37.243611
     ],
     [
      128.298737,
      37.243579
     ],
     [
      128.298843,
      37.243547
     ],
     [
      128.298948,
      37.243515
     ],
     [
      128.299053,
      37.243483
     ],
     [
      128.299158,
      37.24345
     ],
     [
      128.299264,
      37.243418
     ],
     [
      128.299369,
      37.243386
     ],
     [
      128.299474,
      37.243354
     ],
     [
      128.29958,
      37.243322
     ],
     [
      128.299685,
      37.24329
     ],
     [
      128.29979,
      37.243257
     ],
     [
      128.299895,
      37.243225
     ],
     [
      128.300001,
      37.243193
     ],
     [
      128.300106,
      37.243161
     ],
     [
      128.300211,
      37.243129
     ],
     [
      128.300317,
      37.243097
     ],
     [
      128.300422,
      37.243064
     ],
     [
      128.300527,
      37.243032
     ],
     [
      128.300632,
      37.243
     ],
     [
      128.300738,
      37.242968
     ],
     [
      128.300843,
      37.242936
     ],
     [
      128.300948,
      37.242904
     ],
     [
      128.301043,
      37.242874
     ],
     [
      128.301054,
      37.242876
     ],
     [
      128.301165,
      37.242892
     ],
     [
      128.301276,
      37.242909
     ],
     [
      128.301387,
      37.242925
     ],
     [
      128.301497,
      37.242941
     ],
     [
      128.301608,
      37.242958
     ],
     [
      128.301719,
      37.242974
     ],
     [
      128.30183,
      37.24299
     ],
     [
      128.301941,
      37.243006
     ],
     [
      128.302052,
      37.243023
     ],
     [
      128.302162,
      37.243039
     ],
     [
      128.302273,
      37.243055
     ],
     [
      128.302384,
      37.243072
     ],
     [
      128.302495,
      37.243088
     ],
     [
      128.302606,
      37.243104
     ],
     [
      128.302661,
      37.243112
     ],
     [
      128.302705,
      37.243141
     ],
     [
      128.302791,
      37.243199
     ],
     [
      128.302878,
      37.243257
     ],
     [
      128.302964,
      37.243314
     ],
     [
      128.303051,
      37.243372
     ],
     [
      128.30309,
      37.243398
     ],
     [
      128.303152,
      37.243402
     ],
     [
      128.303264,
      37.243409
     ],
     [
      128.303376,
      37.243416
     ],
     [
      128.303489,
      37.243424
     ],
     [
      128.303601,
      37.243431
     ],
     [
      128.303713,
      37.243438
     ],
     [
      128.303826,
      37.243445
     ],
     [
      128.303938,
      37.243453
     ],
     [
      128.30405,
      37.24346
     ],
     [
      128.304163,
      37.243467
     ],
     [
      128.304275,
      37.243474
     ],
     [
      128.304387,
      37.243482
     ],
     [
      128.3045,
      37.243489
     ],
     [
      128.304565,
      37.243493
     ],
     [
      128.304603,
      37.243516
     ],
     [
      128.304693,
      37.24357
     ],
     [
      128.304783,
      37.243624
     ],
     [
      128.304873,
      37.243678
     ],
     [
      128.304963,
      37.243732
     ],
     [
      128.305053,
      37.243786
     ],
     [
      128.305144,
      37.24384
     ],
     [
      128.305234,
      37.243894
     ],
     [
      128.305324,
      37.243948
     ],
     [
      128.305414,
      37.244002
     ],
     [
      128.305504,
      37.244057
     ],
     [
      128.305517,
      37.244064
     ],
     [
      128.30555,
      37.244137
     ],
     [
      128.305589,
      37.244221
     ],
     [
      128.305628,
      37.244306
     ],
     [
      128.305666,
      37.244391
     ],
     [
      128.305705,
      37.244475
     ],
     [
      128.305744,
      37.24456
     ],
     [
      128.305783,
      37.244645
     ],
     [
      128.305822,
      37.244729
     ],
     [
      128.30586,
      37.244814
     ],
     [
      128.305899,
      37.244898
     ],
     [
      128.305938,
      37.244983
     ],
     [
      128.305977,
      37.245068
     ],
     [
      128.306015,
      37.245152
     ],
     [
      128.30604,
      37.245206
     ],
     [
      128.306079,
      37.245215
     ],
     [
      128.306187,
      37.245241
     ],
     [
      128.306296,
      37.245266
     ],
     [
      128.306404,
      37.245291
     ],
     [
      128.306512,
      37.245316
     ],
     [
      128.30662,
      37.245342
     ],
     [
      128.306728,
      37.245367
     ],
     [
      128.306837,
      37.245392
     ],
     [
      128.306945,
      37.245417
     ],
     [
      128.307053,
      37.245443
     ],
     [
      128.307161,
      37.245468
     ],
     [
      128.307269,
      37.245493
     ],
     [
      128.307377,
      37.245518
     ],
     [
      128.307468,
      37.245539
     ],
     [
      128.307479,
      37.245552
     ],
     [
      128.307543,
      37.245625
     ],
     [
      128.307608,
      37.245699
     ],
     [
      128.307672,
      37.245773
     ],
     [
      128.307737,
      37.245847
     ],
     [
      128.307801,
      37.24592
     ],
     [
      128.307802,
      37.24592
     ],
     [
      128.307907,
      37.245888
     ],
     [
      128.308012,
      37.245855
     ],
     [
      128.308117,
      37.245823
     ],
     [
      128.308223,
      37.245791
     ],
     [
      128.308328,
      37.245758
     ],
     [
      128.308433,
      37.245726
     ],
     [
      128.308538,
      37.245693
     ],
     [
      128.308643,
      37.245661
     ],
     [
      128.308749,
      37.245629
     ],
     [
      128.308854,
      37.245596
     ],
     [
      128.308959,
      37.245564
     ],
     [
      128.309038,
      37.245539
     ],
     [
      128.309056,
      37.245522
     ],
     [
      128.309126,
      37.245452
     ],
     [
      128.309196,
      37.245382
     ],
     [
      128.309267,
      37.245311
     ],
     [
      128.309337,
      37.245241
     ],
     [
      128.309408,
      37.24517
     ],
     [
      128.309478,
      37.2451
     ],
     [
      128.309548,
      37.24503
     ],
     [
      128.309619,
      37.244959
     ],
     [
      128.309689,
      37.244889
     ],
     [
      128.309752,
      37.244826
     ],
     [
      128.309759,
      37.244818
     ],
     [
      128.309827,
      37.244746
     ],
     [
      128.309895,
      37.244675
     ],
     [
      128.309963,
      37.244603
     ],
     [
      128.310031,
      37.244531
     ],
     [
      128.310099,
      37.244459
     ],
     [
      128.310167,
      37.244387
     ],
     [
      128.310235,
      37.244315
     ],
     [
      128.310302,
      37.244243
     ],
     [
      128.31037,
      37.244171
     ],
     [
      128.310438,
      37.244099
     ],
     [
      128.310506,
      37.244027
     ],
     [
      128.310561,
      37.243969
     ],
     [
      128.31058,
      37.243961
     ],
     [
      128.310677,
      37.243915
     ],
     [
      128.310775,
      37.24387
     ],
     [
      128.310873,
      37.243825
     ],
     [
      128.31097,
      37.24378
     ],
     [
      128.311068,
      37.243735
     ],
     [
      128.311165,
      37.24369
     ],
     [
      128.31118,
      37.243683
     ],
     [
      128.311201,
      37.243609
     ],
     [
      128.311226,
      37.243521
     ],
     [
      128.311252,
      37.243433
     ],
     [
      128.311277,
      37.243345
     ],
     [
      128.311302,
      37.243257
     ],
     [
      128.311327,
      37.24317
     ],
     [
      128.311352,
      37.243082
     ],
     [
      128.31137,
      37.243017
     ],
     [
      128.311389,
      37.242999
     ],
     [
      128.311459,
      37.242928
     ],
     [
      128.31153,
      37.242858
     ],
     [
      128.3116,
      37.242787
     ],
     [
      128.311671,
      37.242717
     ],
     [
      128.311741,
      37.242647
     ],
     [
      128.311751,
      37.242637
     ],
     [
      128.311789,
      37.242565
     ],
     [
      128.311833,
      37.242482
     ],
     [
      128.311877,
      37.2424
     ],
     [
      128.31192,
      37.242317
     ],
     [
      128.311964,
      37.242234
     ],
     [
      128.312008,
      37.242151
     ],
     [
      128.312052,
      37.242068
     ],
     [
      128.312096,
      37.241985
     ],
     [
      128.31214,
      37.241902
     ],
     [
      128.312179,
      37.241828
     ],
     [
      128.312186,
      37.241819
     ],
     [
      128.312243,
      37.241742
     ],
     [
      128.312301,
      37.241665
     ],
     [
      128.312359,
      37.241587
     ],
     [
      128.312417,
      37.24151
     ],
     [
      128.312475,
      37.241433
     ],
     [
      128.312533,
      37.241356
     ],
     [
      128.312591,
      37.241278
     ],
     [
      128.312649,
      37.241201
     ],
     [
      128.312707,
      37.241124
     ],
     [
      128.31275,
      37.241066
     ],
     [
      128.31276,
      37.241044
     ],
     [
      128.312796,
      37.240959
     ],
     [
      128.312833,
      37.240874
     ],
     [
      128.312869,
      37.240789
     ],
     [
      128.312906,
      37.240704
     ],
     [
      128.312942,
      37.240618
     ],
     [
      128.312979,
      37.240533
     ],
     [
      128.313015,
      37.240448
     ],
     [
      128.313052,
      37.240363
     ],
     [
      128.313088,
      37.240277
     ],
     [
      128.313125,
      37.240192
     ],
     [
      128.313162,
      37.240107
     ],
     [
      128.313198,
      37.240022
     ],
     [
      128.313235,
      37.239936
     ],
     [
      128.313271,
      37.239851
     ],
     [
      128.313308,
      37.239766
     ],
     [
      128.313344,
      37.239681
     ],
     [
      128.313381,
      37.239595
     ],
     [
      128.313417,
      37.23951
     ],
     [
      128.313454,
      37.239425
     ],
     [
      128.313464,
      37.2394
     ],
     [
      128.313537,
      37.239373
     ],
     [
      128.313639,
      37.239335
     ],
     [
      128.313741,
      37.239297
     ],
     [
      128.313843,
      37.239259
     ],
     [
      128.313945,
      37.23922
     ],
     [
      128.314047,
      37.239182
     ],
     [
      128.314149,
      37.239144
     ],
     [
      128.314252,
      37.239106
     ],
     [
      128.314354,
      37.239068
     ],
     [
      128.314456,
      37.23903
     ],
     [
      128.314558,
      37.238991
     ],
     [
      128.31466,
      37.238953
     ],
     [
      128.314762,
      37.238915
     ],
     [
      128.314864,
      37.238877
     ],
     [
      128.314966,
      37.238839
     ],
     [
      128.315068,
      37.2388
     ],
     [
      128.31517,
      37.238762
     ],
     [
      128.315272,
      37.238724
     ],
     [
      128.315374,
      37.238686
     ],
     [
      128.315476,
      37.238648
     ],
     [
      128.315579,
      37.238609
     ],
     [
      128.315681,
      37.238571
     ],
     [
      128.315783,
      37.238533
     ],
     [
      128.315885,
      37.238495
     ],
     [
      128.315987,
      37.238457
     ],
     [
      128.316089,
      37.238419
     ],
     [
      128.316191,
      37.23838
     ],
     [
      128.316293,
      37.238342
     ],
     [
      128.316395,
      37.238304
     ],
     [
      128.316497,
      37.238266
     ],
     [
      128.316599,
      37.238228
     ],
     [
      128.316701,
      37.238189
     ],
     [
      128.316803,
      37.238151
     ],
     [
      128.316906,
      37.238113
     ],
     [
      128.317008,
      37.238075
     ],
     [
      128.31711,
      37.238037
     ],
     [
      128.317212,
      37.237998
     ],
     [
      128.317314,
      37.23796
     ],
     [
      128.317367,
      37.23794
     ],
     [
      128.317421,
      37.237942
     ],
     [
      128.317533,
      37.237947
     ],
     [
      128.317646,
      37.237951
     ],
     [
      128.317759,
      37.237955
     ],
     [
      128.317871,
      37.237959
     ],
     [
      128.317984,
      37.237963
     ],
     [
      128.318096,
      37.237968
     ],
     [
      128.318209,
      37.237972
     ],
     [
      128.318321,
      37.237976
     ],
     [
      128.318434,
      37.23798
     ],
     [
      128.318547,
      37.237985
     ],
     [
      128.318659,
      37.237989
     ],
     [
      128.318772,
      37.237993
     ],
     [
      128.318884,
      37.237997
     ],
     [
      128.318997,
      37.238002
     ],
     [
      128.319109,
      37.238006
     ],
     [
      128.319222,
      37.23801
     ],
     [
      128.319335,
      37.238014
     ],
     [
      128.319447,
      37.238018
     ],
     [
      128.31956,
      37.238023
     ],
     [
      128.319672,
      37.238027
     ],
     [
      128.319785,
      37.238031
     ],
     [
      128.319898,
      37.238035
     ],
     [
      128.32001,
      37.23804
     ],
     [
      128.320123,
      37.238044
     ],
     [
      128.320235,
      37.238048
     ],
     [
      128.320348,
      37.238052
     ],
     [
      128.32046,
      37.238056
     ],
     [
      128.32046,
      37.238056
     ],
     [
      128.320572,
      37.238047
     ],
     [
      128.320684,
      37.238037
     ],
     [
      128.320797,
      37.238027
     ],
     [
      128.320909,
      37.238018
     ],
     [
      128.321021,
      37.238008
     ],
     [
      128.321133,
      37.237998
     ],
     [
      128.321245,
      37.237989
     ],
     [
      128.321357,
      37.237979
     ],
     [
      128.321469,
      37.237969
     ],
     [
      128.321581,
      37.23796
     ],
     [
      128.321693,
      37.23795
     ],
     [
      128.321805,
      37.23794
     ],
     [
      128.321917,
      37.237931
     ],
     [
      128.322029,
      37.237921
     ],
     [
      128.322141,
      37.237911
     ],
     [
      128.322188,
      37.237907
     ],
     [
      128.322256,
      37.237912
     ],
     [
      128.322369,
      37.237921
     ],
     [
      128.322481,
      37.237929
     ],
     [
      128.322593,
      37.237938
     ],
     [
      128.322705,
      37.237946
     ],
     [
      128.322817,
      37.237955
     ],
     [
      128.32293,
      37.237963
     ],
     [
      128.323042,
      37.237971
     ],
     [
      128.323154,
      37.23798
     ],
     [
      128.323266,
      37.237988
     ],
     [
      128.323305,
      37.237991
     ],
     [
      128.323374,
      37.237969
     ],
     [
      128.323478,
      37.237936
     ],
     [
      128.323583,
      37.237903
     ],
     [
      128.323688,
      37.23787
     ],
     [
      128.323793,
      37.237837
     ],
     [
      128.323897,
      37.237803
     ],
     [
      128.324002,
      37.23777
     ],
     [
      128.324107,
      37.237737
     ],
     [
      128.324212,
      37.237704
     ],
     [
      128.324316,
      37.237671
     ],
     [
      128.324421,
      37.237637
     ],
     [
      128.324526,
      37.237604
     ],
     [
      128.324631,
      37.237571
     ],
     [
      128.324736,
      37.237538
     ],
     [
      128.32484,
      37.237505
     ],
     [
      128.324931,
      37.237476
     ],
     [
      128.324944,
      37.23747
     ],
     [
      128.325045,
      37.237429
     ],
     [
      128.325145,
      37.237387
     ],
     [
      128.325245,
      37.237346
     ],
     [
      128.325345,
      37.237305
     ],
     [
      128.325445,
      37.237263
     ],
     [
      128.325545,
      37.237222
     ],
     [
      128.325645,
      37.23718
     ],
     [
      128.325745,
      37.237139
     ],
     [
      128.325845,
      37.237097
     ],
     [
      128.325945,
      37.237056
     ],
     [
      128.326045,
      37.237015
     ],
     [
      128.326145,
      37.236973
     ],
     [
      128.326245,
      37.236932
     ],
     [
      128.326346,
      37.23689
     ],
     [
      128.326446,
      37.236849
     ],
     [
      128.326546,
      37.236807
     ],
     [
      128.326646,
      37.236766
     ],
     [
      128.326746,
      37.236725
     ],
     [
      128.326846,
      37.236683
     ],
     [
      128.326946,
      37.236642
     ],
     [
      128.327046,
      37.2366
     ],
     [
      128.327146,
      37.236559
     ],
     [
      128.327246,
      37.236518
     ],
     [
      128.327346,
      37.236476
     ],
     [
      128.327446,
      37.236435
     ],
     [
      128.327544,
      37.236394
     ],
     [
      128.327547,
      37.236393
     ],
     [
      128.327652,
      37.236362
     ],
     [
      128.327758,
      37.236331
     ],
     [
      128.327864,
      37.2363
     ],
     [
      128.327969,
      37.236268
     ],
     [
      128.328075,
      37.236237
     ],
     [
      128.328181,
      37.236206
     ],
     [
      128.328287,
      37.236175
     ],
     [
      128.328392,
      37.236143
     ],
     [
      128.328498,
      37.236112
     ],
     [
      128.328604,
      37.236081
     ],
     [
      128.328709,
      37.23605
     ],
     [
      128.328815,
      37.236018
     ],
     [
      128.328921,
      37.235987
     ],
     [
      128.329026,
      37.235956
     ],
     [
      128.329132,
      37.235925
     ],
     [
      128.329238,
      37.235893
     ],
     [
      128.329344,
      37.235862
     ],
     [
      128.329449,
      37.235831
     ],
     [
      128.329555,
      37.2358
     ],
     [
      128.329661,
      37.235768
     ],
     [
      128.329729,
      37.235748
     ],
     [
      128.329764,
      37.235733
     ],
     [
      128.329863,
      37.235691
     ],
     [
      128.329963,
      37.235648
     ],
     [
      128.330062,
      37.235606
     ],
     [
      128.330162,
      37.235563
     ],
     [
      128.330261,
      37.235521
     ],
     [
      128.33036,
      37.235478
     ],
     [
      128.33046,
      37.235436
     ],
     [
      128.330559,
      37.235393
     ],
     [
      128.330659,
      37.235351
     ],
     [
      128.330758,
      37.235308
     ],
     [
      128.330857,
      37.235266
     ],
     [
      128.330957,
      37.235223
     ],
     [
      128.331056,
      37.235181
     ],
     [
      128.331155,
      37.235138
     ],
     [
      128.331255,
      37.235096
     ],
     [
      128.331354,
      37.235053
     ],
     [
      128.331454,
      37.235011
     ],
     [
      128.331553,
      37.234968
     ],
     [
      128.331652,
      37.234926
     ],
     [
      128.331733,
      37.234891
     ],
     [
      128.331754,
      37.23489
     ],
     [
      128.331866,
      37.234882
     ],
     [
      128.331979,
      37.234875
     ],
     [
      128.332091,
      37.234867
     ],
     [
      128.332203,
      37.234859
     ],
     [
      128.332316,
      37.234852
     ],
     [
      128.332372,
      37.234848
     ],
     [
      128.332401,
      37.23481
     ],
     [
      128.33246,
      37.234733
     ],
     [
      128.332519,
      37.234656
     ],
     [
      128.332577,
      37.234579
     ],
     [
      128.332636,
      37.234502
     ],
     [
      128.332695,
      37.234425
     ],
     [
      128.332754,
      37.234348
     ],
     [
      128.332812,
      37.234271
     ],
     [
      128.332871,
      37.234194
     ],
     [
      128.33293,
      37.234118
     ],
     [
      128.33296,
      37.234078
     ],
     [
      128.332998,
      37.234046
     ],
     [
      128.333076,
      37.233981
     ],
     [
      128.333153,
      37.233916
     ],
     [
      128.333231,
      37.233851
     ],
     [
      128.333309,
      37.233785
     ],
     [
      128.333386,
      37.23372
     ],
     [
      128.333464,
      37.233655
     ],
     [
      128.333542,
      37.23359
     ],
     [
      128.33362,
      37.233524
     ],
     [
      128.333697,
      37.233459
     ],
     [
      128.333718,
      37.233441
     ],
     [
      128.333728,
      37.233433
     ],
     [
      128.333806,
      37.233368
     ],
     [
      128.333883,
      37.233303
     ],
     [
      128.333961,
      37.233238
     ],
     [
      128.334039,
      37.233172
     ],
     [
      128.334116,
      37.233107
     ],
     [
      128.334194,
      37.233042
     ],
     [
      128.334272,
      37.232977
     ],
     [
      128.33435,
      37.232911
     ],
     [
      128.334427,
      37.232846
     ],
     [
      128.334455,
      37.232823
     ],
     [
      128.334489,
      37.232772
     ],
     [
      128.334542,
      37.232692
     ],
     [
      128.334595,
      37.232613
     ],
     [
      128.334648,
      37.232533
     ],
     [
      128.334701,
      37.232453
     ],
     [
      128.334754,
      37.232374
     ],
     [
      128.334807,
      37.232294
     ],
     [
      128.33486,
      37.232215
     ],
     [
      128.334913,
      37.232135
     ],
     [
      128.334966,
      37.232056
     ],
     [
      128.335018,
      37.231976
     ],
     [
      128.335071,
      37.231897
     ],
     [
      128.335089,
      37.23187
     ],
     [
      128.335145,
      37.23183
     ],
     [
      128.335228,
      37.231769
     ],
     [
      128.335311,
      37.231708
     ],
     [
      128.335394,
      37.231647
     ],
     [
      128.335477,
      37.231586
     ],
     [
      128.33556,
      37.231525
     ],
     [
      128.335643,
      37.231464
     ],
     [
      128.335726,
      37.231404
     ],
     [
      128.335809,
      37.231343
     ],
     [
      128.335892,
      37.231282
     ],
     [
      128.335975,
      37.231221
     ],
     [
      128.336009,
      37.231197
     ],
     [
      128.33602,
      37.231143
     ],
     [
      128.336038,
      37.231054
     ],
     [
      128.336056,
      37.230965
     ],
     [
      128.336075,
      37.230876
     ],
     [
      128.336093,
      37.230788
     ],
     [
      128.336112,
      37.230699
     ],
     [
      128.33613,
      37.23061
     ],
     [
      128.336139,
      37.230565
     ],
     [
      128.336179,
      37.230533
     ],
     [
      128.336258,
      37.230469
     ],
     [
      128.336337,
      37.230405
     ],
     [
      128.336416,
      37.230341
     ],
     [
      128.336495,
      37.230277
     ],
     [
      128.336574,
      37.230213
     ],
     [
      128.336653,
      37.230148
     ],
     [
      128.336733,
      37.230084
     ],
     [
      128.336812,
      37.23002
     ],
     [
      128.336891,
      37.229956
     ],
     [
      128.33697,
      37.229892
     ],
     [
      128.337049,
      37.229828
     ],
     [
      128.337128,
      37.229764
     ],
     [
      128.337208,
      37.2297
     ],
     [
      128.337287,
      37.229635
     ],
     [
      128.337366,
      37.229571
     ],
     [
      128.337445,
      37.229507
     ],
     [
      128.337524,
      37.229443
     ],
     [
      128.337603,
      37.229379
     ],
     [
      128.337682,
      37.229315
     ],
     [
      128.337707,
      37.229295
     ],
     [
      128.33776,
      37.229249
     ],
     [
      128.337836,
      37.229183
     ],
     [
      128.337913,
      37.229117
     ],
     [
      128.337989,
      37.229051
     ],
     [
      128.338065,
      37.228984
     ],
     [
      128.338142,
      37.228918
     ],
     [
      128.338218,
      37.228852
     ],
     [
      128.338295,
      37.228786
     ],
     [
      128.338371,
      37.228719
     ],
     [
      128.338448,
      37.228653
     ],
     [
      128.338524,
      37.228587
     ],
     [
      128.338601,
      37.228521
     ],
     [
      128.338677,
      37.228455
     ],
     [
      128.338753,
      37.228388
     ],
     [
      128.33883,
      37.228322
     ],
     [
      128.338847,
      37.228307
     ],
     [
      128.338884,
      37.228244
     ],
     [
      128.338931,
      37.228162
     ],
     [
      128.338979,
      37.228081
     ],
     [
      128.339027,
      37.227999
     ],
     [
      128.339074,
      37.227917
     ],
     [
      128.339122,
      37.227836
     ],
     [
      128.33917,
      37.227754
     ],
     [
      128.339217,
      37.227672
     ],
     [
      128.339265,
      37.227591
     ],
     [
      128.339313,
      37.227509
     ],
     [
      128.33936,
      37.227427
     ],
     [
      128.339408,
      37.227346
     ],
     [
      128.339455,
      37.227264
     ],
     [
      128.339503,
      37.227182
     ],
     [
      128.339551,
      37.227101
     ],
     [
      128.339598,
      37.227019
     ],
     [
      128.339646,
      37.226938
     ],
     [
      128.339694,
      37.226856
     ],
     [
      128.339711,
      37.226827
     ],
     [
      128.339734,
      37.226772
     ],
     [
      128.339769,
      37.226686
     ],
     [
      128.339805,
      37.226601
     ],
     [
      128.339841,
      37.226515
     ],
     [
      128.339877,
      37.22643
     ],
     [
      128.339913,
      37.226345
     ],
     [
      128.339948,
      37.226259
     ],
     [
      128.339984,
      37.226174
     ],
     [
      128.34002,
      37.226088
     ],
     [
      128.340056,
      37.226003
     ],
     [
      128.340092,
      37.225917
     ],
     [
      128.340127,
      37.225832
     ],
     [
      128.340163,
      37.225747
     ],
     [
      128.340199,
      37.225661
     ],
     [
      128.340235,
      37.225576
     ],
     [
      128.340271,
      37.22549
     ],
     [
      128.340305,
      37.225409
     ],
     [
      128.340306,
      37.225405
     ],
     [
      128.340339,
      37.225318
     ],
     [
      128.340372,
      37.225232
     ],
     [
      128.340404,
      37.225146
     ],
     [
      128.340437,
      37.22506
     ],
     [
      128.340469,
      37.224974
     ],
     [
      128.340502,
      37.224887
     ],
     [
      128.340535,
      37.224801
     ],
     [
      128.340567,
      37.224715
     ],
     [
      128.3406,
      37.224629
     ],
     [
      128.340633,
      37.224542
     ],
     [
      128.340665,
      37.224456
     ],
     [
      128.340698,
      37.22437
     ],
     [
      128.34073,
      37.224284
     ],
     [
      128.340763,
      37.224197
     ],
     [
      128.340796,
      37.224111
     ],
     [
      128.340828,
      37.224025
     ],
     [
      128.340861,
      37.223939
     ],
     [
      128.340862,
      37.223936
     ],
     [
      128.340939,
      37.223874
     ],
     [
      128.341018,
      37.22381
     ],
     [
      128.341098,
      37.223746
     ],
     [
      128.341177,
      37.223682
     ],
     [
      128.341257,
      37.223618
     ],
     [
      128.341336,
      37.223554
     ],
     [
      128.341415,
      37.22349
     ],
     [
      128.34143,
      37.223478
     ],
     [
      128.341521,
      37.223473
     ],
     [
      128.341634,
      37.223466
     ],
     [
      128.341746,
      37.223458
     ],
     [
      128.341858,
      37.223451
     ],
     [
      128.341971,
      37.223444
     ],
     [
      128.342083,
      37.223437
     ],
     [
      128.342092,
      37.223437
     ],
     [
      128.342186,
      37.223401
     ],
     [
      128.342288,
      37.223363
     ],
     [
      128.34239,
      37.223325
     ],
     [
      128.342492,
      37.223287
     ],
     [
      128.342594,
      37.223249
     ],
     [
      128.3426,
      37.223247
     ],
     [
      128.342686,
      37.223297
     ],
     [
      128.342777,
      37.22335
     ],
     [
      128.342868,
      37.223403
     ],
     [
      128.342959,
      37.223456
     ],
     [
      128.342999,
      37.22348
     ],
     [
      128.343061,
      37.223485
     ],
     [
      128.343173,
      37.223493
     ],
     [
      128.343286,
      37.223502
     ],
     [
      128.343398,
      37.22351
     ],
     [
      128.34351,
      37.223519
     ],
     [
      128.343622,
      37.223527
     ],
     [
      128.343734,
      37.223536
     ],
     [
      128.343846,
      37.223544
     ],
     [
      128.343959,
      37.223552
     ],
     [
      128.344059,
      37.22356
     ],
     [
      128.344071,
      37.223558
     ],
     [
      128.344181,
      37.22354
     ],
     [
      128.344291,
      37.223522
     ],
     [
      128.344402,
      37.223504
     ],
     [
      128.344512,
      37.223486
     ],
     [
      128.344623,
      37.223468
     ],
     [
      128.344733,
      37.22345
     ],
     [
      128.344844,
      37.223432
     ],
     [
      128.344954,
      37.223414
     ],
     [
      128.345064,
      37.223396
     ],
     [
      128.345175,
      37.223379
     ],
     [
      128.345264,
      37.223364
     ],
     [
      128.345282,
      37.223355
     ],
     [
      128.345378,
      37.223307
     ],
     [
      128.345474,
      37.22326
     ],
     [
      128.345569,
      37.223212
     ],
     [
      128.345665,
      37.223165
     ],
     [
      128.345761,
      37.223117
     ],
     [
      128.345857,
      37.223069
     ],
     [
      128.345952,
      37.223022
     ],
     [
      128.346048,
      37.222974
     ],
     [
      128.346144,
      37.222927
     ],
     [
      128.346239,
      37.222879
     ],
     [
      128.346335,
      37.222832
     ],
     [
      128.346431,
      37.222784
     ],
     [
      128.346526,
      37.222736
     ],
     [
      128.346534,
      37.222732
     ],
     [
      128.34661,
      37.222677
     ],
     [
      128.346693,
      37.222616
     ],
     [
      128.346776,
      37.222555
     ],
     [
      128.346859,
      37.222494
     ],
     [
      128.346943,
      37.222433
     ],
     [
      128.347026,
      37.222372
     ],
     [
      128.347109,
      37.222311
     ],
     [
      128.347192,
      37.22225
     ],
     [
      128.347275,
      37.222189
     ],
     [
      128.347358,
      37.222128
     ],
     [
      128.347441,
      37.222067
     ],
     [
      128.347524,
      37.222007
     ],
     [
      128.347607,
      37.221946
     ],
     [
      128.34769,
      37.221885
     ],
     [
      128.347761,
      37.221832
     ],
     [
      128.347775,
      37.221826
     ],
     [
      128.347873,
      37.221782
     ],
     [
      128.347971,
      37.221737
     ],
     [
      128.348069,
      37.221693
     ],
     [
      128.348167,
      37.221648
     ],
     [
      128.348265,
      37.221604
     ],
     [
      128.348363,
      37.221559
     ],
     [
      128.348461,
      37.221515
     ],
     [
      128.348545,
      37.221477
     ],
     [
      128.348561,
      37.221475
     ],
     [
      128.348672,
      37.221461
     ],
     [
      128.348783,
      37.221447
     ],
     [
      128.348895,
      37.221433
     ],
     [
      128.349006,
      37.221419
     ],
     [
      128.349117,
      37.221405
     ],
     [
      128.349229,
      37.221391
     ],
     [
      128.34934,
      37.221377
     ],
     [
      128.349451,
      37.221363
     ],
     [
      128.349563,
      37.221349
     ],
     [
      128.349674,
      37.221335
     ],
     [
      128.349785,
      37.221321
     ],
     [
      128.349896,
      37.221307
     ],
     [
      128.350008,
      37.221293
     ],
     [
      128.350119,
      37.221279
     ],
     [
      128.35023,
      37.221265
     ],
     [
      128.350342,
      37.221251
     ],
     [
      128.350396,
      37.221244
     ],
     [
      128.350453,
      37.221251
     ],
     [
      128.350565,
      37.221264
     ],
     [
      128.350676,
      37.221277
     ],
     [
      128.350788,
      37.22129
     ],
     [
      128.350899,
      37.221303
     ],
     [
      128.351011,
      37.221316
     ],
     [
      128.351122,
      37.221329
     ],
     [
      128.351233,
      37.221342
     ],
     [
      128.351345,
      37.221355
     ],
     [
      128.351456,
      37.221368
     ],
     [
      128.351568,
      37.221381
     ],
     [
      128.351679,
      37.221395
     ],
     [
      128.351791,
      37.221408
     ],
     [
      128.351902,
      37.221421
     ],
     [
      128.352014,
      37.221434
     ],
     [
      128.352125,
      37.221447
     ],
     [
      128.352237,
      37.22146
     ],
     [
      128.352348,
      37.221473
     ],
     [
      128.352443,
      37.221484
     ],
     [
      128.352458,
      37.221478
     ],
     [
      128.352559,
      37.221438
     ],
     [
      128.35266,
      37.221398
     ],
     [
      128.352761,
      37.221358
     ],
     [
      128.352862,
      37.221318
     ],
     [
      128.352963,
      37.221278
     ],
     [
      128.353064,
      37.221238
     ],
     [
      128.353106,
      37.221221
     ],
     [
      128.353153,
      37.221185
     ],
     [
      128.353235,
      37.221122
     ],
     [
      128.353316,
      37.22106
     ],
     [
      128.353397,
      37.220998
     ],
     [
      128.353478,
      37.220935
     ],
     [
      128.35356,
      37.220873
     ],
     [
      128.353641,
      37.22081
     ],
     [
      128.353722,
      37.220748
     ],
     [
      128.353725,
      37.220745
     ],
     [
      128.353833,
      37.220741
     ],
     [
      128.353946,
      37.220737
     ],
     [
      128.354058,
      37.220733
     ],
     [
      128.354171,
      37.220729
     ],
     [
      128.354171,
      37.220729
     ],
     [
      128.354216,
      37.220646
     ],
     [
      128.35426,
      37.220563
     ],
     [
      128.354305,
      37.220481
     ],
     [
      128.35435,
      37.220398
     ],
     [
      128.354395,
      37.220315
     ],
     [
      128.354439,
      37.220233
     ],
     [
      128.354484,
      37.22015
     ],
     [
      128.354529,
      37.220067
     ],
     [
      128.354556,
      37.220018
     ],
     [
      128.354583,
      37.219989
     ],
     [
      128.354653,
      37.219918
     ],
     [
      128.354723,
      37.219848
     ],
     [
      128.354792,
      37.219777
     ],
     [
      128.354862,
      37.219706
     ],
     [
      128.354932,
      37.219635
     ],
     [
      128.355001,
      37.219564
     ],
     [
      128.35501,
      37.219556
     ],
     [
      128.355102,
      37.219527
     ],
     [
      128.355207,
      37.219494
     ],
     [
      128.355312,
      37.219461
     ],
     [
      128.355417,
      37.219429
     ],
     [
      128.355522,
      37.219396
     ],
     [
      128.355627,
      37.219363
     ],
     [
      128.355732,
      37.21933
     ],
     [
      128.355771,
      37.219318
     ],
     [
      128.355838,
      37.219334
     ],
     [
      128.355946,
      37.219361
     ],
     [
      128.356054,
      37.219387
     ],
     [
      128.356161,
      37.219414
     ],
     [
      128.356269,
      37.21944
     ],
     [
      128.356377,
      37.219467
     ],
     [
      128.356484,
      37.219493
     ],
     [
      128.356592,
      37.21952
     ],
     [
      128.3567,
      37.219546
     ],
     [
      128.356807,
      37.219573
     ],
     [
      128.356915,
      37.2196
     ],
     [
      128.357023,
      37.219626
     ],
     [
      128.35713,
      37.219653
     ],
     [
      128.357198,
      37.219669
     ],
     [
      128.35724,
      37.219671
     ],
     [
      128.357352,
      37.219676
     ],
     [
      128.357465,
      37.219682
     ],
     [
      128.357577,
      37.219687
     ],
     [
      128.35769,
      37.219692
     ],
     [
      128.357802,
      37.219697
     ],
     [
      128.357915,
      37.219703
     ],
     [
      128.357975,
      37.219705
     ],
     [
      128.358004,
      37.21967
     ],
     [
      128.358066,
      37.219595
     ],
     [
      128.358129,
      37.21952
     ],
     [
      128.358191,
      37.219445
     ],
     [
      128.358253,
      37.21937
     ],
     [
      128.358316,
      37.219295
     ],
     [
      128.358378,
      37.21922
     ],
     [
      128.358441,
      37.219145
     ],
     [
      128.358503,
      37.21907
     ],
     [
      128.358512,
      37.219059
     ],
     [
      128.358546,
      37.218987
     ],
     [
      128.358586,
      37.218903
     ],
     [
      128.358626,
      37.218819
     ],
     [
      128.358666,
      37.218735
     ],
     [
      128.358707,
      37.21865
     ],
     [
      128.35873,
      37.218602
     ],
     [
      128.358776,
      37.218611
     ],
     [
      128.358886,
      37.21863
     ],
     [
      128.358996,
      37.21865
     ],
     [
      128.359106,
      37.21867
     ],
     [
      128.359216,
      37.21869
     ],
     [
      128.359326,
      37.21871
     ],
     [
      128.359436,
      37.21873
     ],
     [
      128.359546,
      37.21875
     ],
     [
      128.359655,
      37.21877
     ],
     [
      128.359765,
      37.21879
     ],
     [
      128.359875,
      37.21881
     ],
     [
      128.359971,
      37.218827
     ],
     [
      128.359985,
      37.218827
     ],
     [
      128.360098,
      37.218828
     ],
     [
      128.360211,
      37.218829
     ],
     [
      128.360323,
      37.218831
     ],
     [
      128.360436,
      37.218832
     ],
     [
      128.360549,
      37.218833
     ],
     [
      128.360661,
      37.218834
     ],
     [
      128.360774,
      37.218835
     ],
     [
      128.360791,
      37.218835
     ],
     [
      128.360867,
      37.218882
     ],
     [
      128.360957,
      37.218936
     ],
     [
      128.361046,
      37.218991
     ],
     [
      128.361136,
      37.219046
     ],
     [
      128.361225,
      37.2191
     ],
     [
      128.361315,
      37.219155
     ],
     [
      128.361405,
      37.219209
     ],
     [
      128.361494,
      37.219264
     ],
     [
      128.361575,
      37.219313
     ],
     [
      128.361586,
      37.219313
     ],
     [
      128.361699,
      37.219311
     ],
     [
      128.361811,
      37.21931
     ],
     [
      128.361924,
      37.219308
     ],
     [
      128.362037,
      37.219306
     ],
     [
      128.362149,
      37.219304
     ],
     [
      128.362262,
      37.219302
     ],
     [
      128.362375,
      37.2193
     ],
     [
      128.362461,
      37.219299
     ],
     [
      128.362486,
      37.219304
     ],
     [
      128.362595,
      37.219327
     ],
     [
      128.362704,
      37.21935
     ],
     [
      128.362813,
      37.219374
     ],
     [
      128.362922,
      37.219397
     ],
     [
      128.363031,
      37.21942
     ],
     [
      128.363078,
      37.21943
     ],
     [
      128.363132,
      37.219401
     ],
     [
      128.363226,
      37.219352
     ],
     [
      128.36332,
      37.219303
     ],
     [
      128.363415,
      37.219254
     ],
     [
      128.363509,
      37.219204
     ],
     [
      128.363564,
      37.219176
     ],
     [
      128.36361,
      37.21918
     ],
     [
      128.363722,
      37.219191
     ],
     [
      128.363834,
      37.219201
     ],
     [
      128.363942,
      37.219212
     ],
     [
      128.363945,
      37.219209
     ],
     [
      128.364025,
      37.219146
     ],
     [
      128.364105,
      37.219083
     ],
     [
      128.364186,
      37.21902
     ],
     [
      128.364266,
      37.218957
     ],
     [
      128.364346,
      37.218893
     ],
     [
      128.364427,
      37.21883
     ],
     [
      128.364486,
      37.218784
     ],
     [
      128.364515,
      37.218782
     ],
     [
      128.364628,
      37.218776
     ],
     [
      128.36474,
      37.21877
     ],
     [
      128.364853,
      37.218764
     ],
     [
      128.364965,
      37.218758
     ],
     [
      128.365078,
      37.218752
     ],
     [
      128.36519,
      37.218746
     ],
     [
      128.365302,
      37.218741
     ],
     [
      128.365314,
      37.21874
     ],
     [
      128.365386,
      37.218684
     ],
     [
      128.365467,
      37.218621
     ],
     [
      128.365548,
      37.218558
     ],
     [
      128.365629,
      37.218496
     ],
     [
      128.36571,
      37.218433
     ],
     [
      128.365791,
      37.21837
     ],
     [
      128.365824,
      37.218345
     ],
     [
      128.365891,
      37.218346
     ],
     [
      128.366004,
      37.218347
     ],
     [
      128.366116,
      37.218348
     ],
     [
      128.366229,
      37.218349
     ],
     [
      128.366342,
      37.21835
     ],
     [
      128.366393,
      37.21835
     ],
     [
      128.366486,
      37.218311
     ],
     [
      128.366586,
      37.21827
     ],
     [
      128.366686,
      37.218228
     ],
     [
      128.366786,
      37.218186
     ],
     [
      128.366885,
      37.218144
     ],
     [
      128.366985,
      37.218103
     ],
     [
      128.367085,
      37.218061
     ],
     [
      128.367185,
      37.218019
     ],
     [
      128.367285,
      37.217977
     ],
     [
      128.367385,
      37.217936
     ],
     [
      128.367485,
      37.217894
     ],
     [
      128.367584,
      37.217852
     ],
     [
      128.367684,
      37.21781
     ],
     [
      128.367784,
      37.217768
     ],
     [
      128.367884,
      37.217727
     ],
     [
      128.367984,
      37.217685
     ],
     [
      128.368065,
      37.217651
     ],
     [
      128.368086,
      37.217648
     ],
     [
      128.368196,
      37.217631
     ],
     [
      128.368307,
      37.217614
     ],
     [
      128.368417,
      37.217597
     ],
     [
      128.368528,
      37.217579
     ],
     [
      128.368639,
      37.217562
     ],
     [
      128.368749,
      37.217545
     ],
     [
      128.36886,
      37.217528
     ],
     [
      128.368971,
      37.217511
     ],
     [
      128.369081,
      37.217494
     ],
     [
      128.369192,
      37.217477
     ],
     [
      128.369302,
      37.21746
     ],
     [
      128.369413,
      37.217442
     ],
     [
      128.369524,
      37.217425
     ],
     [
      128.369634,
      37.217408
     ],
     [
      128.369745,
      37.217391
     ],
     [
      128.369855,
      37.217374
     ],
     [
      128.369966,
      37.217357
     ],
     [
      128.370077,
      37.21734
     ],
     [
      128.370187,
      37.217323
     ],
     [
      128.370298,
      37.217305
     ],
     [
      128.370408,
      37.217288
     ],
     [
      128.370519,
      37.217271
     ],
     [
      128.37063,
      37.217254
     ],
     [
      128.37074,
      37.217237
     ],
     [
      128.370851,
      37.21722
     ],
     [
      128.370962,
      37.217203
     ],
     [
      128.371072,
      37.217186
     ],
     [
      128.371183,
      37.217168
     ],
     [
      128.371293,
      37.217151
     ],
     [
      128.371404,
      37.217134
     ],
     [
      128.371515,
      37.217117
     ],
     [
      128.371625,
      37.2171
     ],
     [
      128.371736,
      37.217083
     ],
     [
      128.371846,
      37.217066
     ],
     [
      128.371957,
      37.217049
     ],
     [
      128.372068,
      37.217031
     ],
     [
      128.372178,
      37.217014
     ],
     [
      128.372289,
      37.216997
     ],
     [
      128.3724,
      37.21698
     ],
     [
      128.37251,
      37.216963
     ],
     [
      128.372621,
      37.216946
     ],
     [
      128.372731,
      37.216929
     ],
     [
      128.372842,
      37.216912
     ],
     [
      128.372953,
      37.216894
     ],
     [
      128.373063,
      37.216877
     ],
     [
      128.373174,
      37.21686
     ],
     [
      128.373284,
      37.216843
     ],
     [
      128.373284,
      37.216843
     ],
     [
      128.373386,
      37.216803
     ],
     [
      128.373487,
      37.216764
     ],
     [
      128.373588,
      37.216724
     ],
     [
      128.373689,
      37.216684
     ],
     [
      128.37379,
      37.216645
     ],
     [
      128.373891,
      37.216605
     ],
     [
      128.373993,
      37.216565
     ],
     [
      128.374094,
      37.216526
     ],
     [
      128.374195,
      37.216486
     ],
     [
      128.374296,
      37.216447
     ],
     [
      128.374397,
      37.216407
     ],
     [
      128.374498,
      37.216367
     ],
     [
      128.3746,
      37.216328
     ],
     [
      128.374701,
      37.216288
     ],
     [
      128.374802,
      37.216248
     ],
     [
      128.374903,
      37.216209
     ],
     [
      128.375004,
      37.216169
     ],
     [
      128.375105,
      37.216129
     ],
     [
      128.375207,
      37.21609
     ],
     [
      128.375308,
      37.21605
     ],
     [
      128.375409,
      37.21601
     ],
     [
      128.37551,
      37.215971
     ],
     [
      128.375611,
      37.215931
     ],
     [
      128.375712,
      37.215891
     ],
     [
      128.375814,
      37.215852
     ],
     [
      128.375915,
      37.215812
     ],
     [
      128.376016,
      37.215772
     ],
     [
      128.376117,
      37.215733
     ],
     [
      128.376218,
      37.215693
     ],
     [
      128.37632,
      37.215654
     ],
     [
      128.376421,
      37.215614
     ],
     [
      128.376522,
      37.215574
     ],
     [
      128.376623,
      37.215535
     ],
     [
      128.376724,
      37.215495
     ],
     [
      128.376805,
      37.215463
     ],
     [
      128.376821,
      37.21545
     ],
     [
      128.376898,
      37.215385
     ],
     [
      128.376975,
      37.215319
     ],
     [
      128.377053,
      37.215254
     ],
     [
      128.37713,
      37.215188
     ],
     [
      128.377208,
      37.215123
     ],
     [
      128.377285,
      37.215057
     ],
     [
      128.377362,
      37.214992
     ],
     [
      128.37744,
      37.214926
     ],
     [
      128.377517,
      37.214861
     ],
     [
      128.377595,
      37.214795
     ],
     [
      128.377672,
      37.21473
     ],
     [
      128.377749,
      37.214664
     ],
     [
      128.377827,
      37.214599
     ],
     [
      128.377904,
      37.214533
     ],
     [
      128.377982,
      37.214468
     ],
     [
      128.378059,
      37.214402
     ],
     [
      128.378136,
      37.214337
     ],
     [
      128.378214,
      37.214272
     ],
     [
      128.378291,
      37.214206
     ],
     [
      128.378368,
      37.214141
     ],
     [
      128.378446,
      37.214075
     ],
     [
      128.378523,
      37.21401
     ],
     [
      128.378601,
      37.213944
     ],
     [
      128.378661,
      37.213893
     ],
     [
      128.378653,
      37.213874
     ],
     [
      128.378616,
      37.21379
     ],
     [
      128.378578,
      37.213705
     ],
     [
      128.37854,
      37.21362
     ],
     [
      128.378502,
      37.213535
     ],
     [
      128.378471,
      37.213464
     ],
     [
      128.378489,
      37.213459
     ],
     [
      128.378596,
      37.21343
     ],
     [
      128.378702,
      37.213401
     ],
     [
      128.378809,
      37.213372
     ],
     [
      128.378916,
      37.213343
     ],
     [
      128.378995,
      37.213322
     ],
     [
      128.378986,
      37.213299
     ],
     [
      128.378951,
      37.213213
     ],
     [
      128.378917,
      37.213128
     ],
     [
      128.378883,
      37.213042
     ],
     [
      128.378848,
      37.212956
     ],
     [
      128.378814,
      37.21287
     ],
     [
      128.378804,
      37.212846
     ],
     [
      128.378884,
      37.212838
     ],
     [
      128.378996,
      37.212827
     ],
     [
      128.379108,
      37.212817
     ],
     [
      128.37922,
      37.212806
     ],
     [
      128.379332,
      37.212795
     ],
     [
      128.379444,
      37.212785
     ],
     [
      128.379555,
      37.212774
     ],
     [
      128.379667,
      37.212763
     ],
     [
      128.379779,
      37.212753
     ],
     [
      128.379804,
      37.212751
     ],
     [
      128.379876,
      37.212791
     ],
     [
      128.379968,
      37.212843
     ],
     [
      128.38006,
      37.212895
     ],
     [
      128.380152,
      37.212947
     ],
     [
      128.380244,
      37.212998
     ],
     [
      128.380336,
      37.21305
     ],
     [
      128.380429,
      37.213102
     ],
     [
      128.380521,
      37.213154
     ],
     [
      128.380565,
      37.213179
     ],
     [
      128.380623,
      37.213176
     ],
     [
      128.380736,
      37.21317
     ],
     [
      128.380848,
      37.213165
     ],
     [
      128.380961,
      37.21316
     ],
     [
      128.381073,
      37.213154
     ],
     [
      128.381186,
      37.213149
     ],
     [
      128.381298,
      37.213143
     ],
     [
      128.381411,
      37.213138
     ],
     [
      128.381523,
      37.213132
     ],
     [
      128.381635,
      37.213127
     ],
     [
      128.381748,
      37.213121
     ],
     [
      128.38186,
      37.213116
     ],
     [
      128.381973,
      37.21311
     ],
     [
      128.382085,
      37.213105
     ],
     [
      128.382198,
      37.213099
     ],
     [
      128.38231,
      37.213094
     ],
     [
      128.382423,
      37.213088
     ],
     [
      128.382516,
      37.213084
     ],
     [
      128.382531,
      37.213093
     ],
     [
      128.382617,
      37.213151
     ],
     [
      128.382704,
      37.213209
     ],
     [
      128.38279,
      37.213266
     ],
     [
      128.382877,
      37.213324
     ],
     [
      128.382944,
      37.213369
     ],
     [
      128.382969,
      37.213369
     ],
     [
      128.383082,
      37.213369
     ],
     [
      128.383194,
      37.213369
     ],
     [
      128.383307,
      37.213369
     ],
     [
      128.38342,
      37.213369
     ],
     [
      128.383516,
      37.213369
     ],
     [
      128.383532,
      37.213373
     ],
     [
      128.383641,
      37.213396
     ],
     [
      128.38375,
      37.213418
     ],
     [
      128.383859,
      37.213441
     ],
     [
      128.383968,
      37.213464
     ],
     [
      128.384077,
      37.213487
     ],
     [
      128.384186,
      37.21351
     ],
     [
      128.384294,
      37.213533
     ],
     [
      128.384403,
      37.213556
     ],
     [
      128.38442,
      37.21356
     ],
     [
      128.384515,
      37.213554
     ],
     [
      128.384628,
      37.213547
     ],
     [
      128.38474,
      37.21354
     ],
     [
      128.384852,
      37.213533
     ],
     [
      128.384965,
      37.213527
     ],
     [
      128.385077,
      37.21352
     ],
     [
      128.385189,
      37.213513
     ],
     [
      128.385302,
      37.213506
     ],
     [
      128.385414,
      37.213499
     ],
     [
      128.385526,
      37.213492
     ],
     [
      128.385639,
      37.213486
     ],
     [
      128.385751,
      37.213479
     ],
     [
      128.385863,
      37.213472
     ],
     [
      128.385976,
      37.213465
     ],
     [
      128.38599,
      37.213464
     ],
     [
      128.386064,
      37.213516
     ],
     [
      128.386148,
      37.213576
     ],
     [
      128.386233,
      37.213635
     ],
     [
      128.386317,
      37.213695
     ],
     [
      128.386402,
      37.213755
     ],
     [
      128.386486,
      37.213814
     ],
     [
      128.386571,
      37.213874
     ],
     [
      128.386655,
      37.213934
     ],
     [
      128.386739,
      37.213993
     ],
     [
      128.386799,
      37.214035
     ],
     [
      128.386832,
      37.214031
     ],
     [
      128.386943,
      37.214015
     ],
     [
      128.387053,
      37.213999
     ],
     [
      128.387164,
      37.213983
     ],
     [
      128.387275,
      37.213967
     ],
     [
      128.387386,
      37.213952
     ],
     [
      128.387497,
      37.213936
     ],
     [
      128.387608,
      37.21392
     ],
     [
      128.387719,
      37.213904
     ],
     [
      128.38783,
      37.213888
     ],
     [
      128.387941,
      37.213872
     ],
     [
      128.388052,
      37.213856
     ],
     [
      128.388132,
      37.213845
     ],
     [
      128.388158,
      37.213832
     ],
     [
      128.388255,
      37.213785
     ],
     [
      128.388351,
      37.213739
     ],
     [
      128.388447,
      37.213692
     ],
     [
      128.388544,
      37.213645
     ],
     [
      128.38864,
      37.213598
     ],
     [
      128.388736,
      37.213551
     ],
     [
      128.388833,
      37.213505
     ],
     [
      128.388929,
      37.213458
     ],
     [
      128.389025,
      37.213411
     ],
     [
      128.389121,
      37.213364
     ],
     [
      128.389218,
      37.213318
     ],
     [
      128.389314,
      37.213271
     ],
     [
      128.38941,
      37.213224
     ],
     [
      128.389507,
      37.213177
     ],
     [
      128.389603,
      37.21313
     ],
     [
      128.389699,
      37.213084
     ],
     [
      128.389795,
      37.213037
     ],
     [
      128.389797,
      37.213036
     ],
     [
      128.389908,
      37.213036
     ],
     [
      128.39002,
      37.213036
     ],
     [
      128.390133,
      37.213036
     ],
     [
      128.390246,
      37.213036
     ],
     [
      128.390358,
      37.213036
     ],
     [
      128.390471,
      37.213036
     ],
     [
      128.390584,
      37.213036
     ],
     [
      128.390696,
      37.213036
     ],
     [
      128.390809,
      37.213036
     ],
     [
      128.390922,
      37.213036
     ],
     [
      128.391034,
      37.213036
     ],
     [
      128.391035,
      37.213036
     ],
     [
      128.391138,
      37.213071
     ],
     [
      128.391242,
      37.213105
     ],
     [
      128.391346,
      37.21314
     ],
     [
      128.39145,
      37.213175
     ],
     [
      128.391554,
      37.213209
     ],
     [
      128.391658,
      37.213244
     ],
     [
      128.391762,
      37.213279
     ],
     [
      128.391866,
      37.213313
     ],
     [
      128.39197,
      37.213348
     ],
     [
      128.392074,
      37.213383
     ],
     [
      128.392178,
      37.213417
     ],
     [
      128.392282,
      37.213452
     ],
     [
      128.392386,
      37.213487
     ],
     [
      128.39249,
      37.213521
     ],
     [
      128.392594,
      37.213556
     ],
     [
      128.392698,
      37.213591
     ],
     [
      128.392802,
      37.213625
     ],
     [
      128.392906,
      37.21366
     ],
     [
      128.39301,
      37.213695
     ],
     [
      128.393114,
      37.213729
     ],
     [
      128.393218,
      37.213764
     ],
     [
      128.393319,
      37.213797
     ],
     [
      128.393323,
      37.213797
     ],
     [
      128.393435,
      37.213797
     ],
     [
      128.393548,
      37.213797
     ],
     [
      128.39366,
      37.213797
     ],
     [
      128.393773,
      37.213797
     ],
     [
      128.393886,
      37.213797
     ],
     [
      128.393998,
      37.213797
     ],
     [
      128.394111,
      37.213797
     ],
     [
      128.394224,
      37.213797
     ],
     [
      128.394336,
      37.213797
     ],
     [
      128.394449,
      37.213797
     ],
     [
      128.394562,
      37.213797
     ],
     [
      128.394674,
      37.213797
     ],
     [
      128.394787,
      37.213797
     ],
     [
      128.3949,
      37.213797
     ],
     [
      128.395012,
      37.213797
     ],
     [
      128.395125,
      37.213797
     ],
     [
      128.395238,
      37.213797
     ],
     [
      128.39527,
      37.213797
     ],
     [
      128.395339,
      37.213831
     ],
     [
      128.395435,
      37.213877
     ],
     [
      128.395532,
      37.213924
     ],
     [
      128.395628,
      37.213971
     ],
     [
      128.395724,
      37.214017
     ],
     [
      128.395821,
      37.214064
     ],
     [
      128.395917,
      37.214111
     ],
     [
      128.396014,
      37.214157
     ],
     [
      128.39611,
      37.214204
     ],
     [
      128.396206,
      37.21425
     ],
     [
      128.396303,
      37.214297
     ],
     [
      128.396399,
      37.214344
     ],
     [
      128.396496,
      37.21439
     ],
     [
      128.396592,
      37.214437
     ],
     [
      128.396688,
      37.214484
     ],
     [
      128.396745,
      37.214511
     ],
     [
      128.396791,
      37.214517
     ],
     [
      128.396902,
      37.214531
     ],
     [
      128.397014,
      37.214544
     ],
     [
      128.397125,
      37.214558
     ],
     [
      128.397236,
      37.214571
     ],
     [
      128.397348,
      37.214585
     ],
     [
      128.397459,
      37.214599
     ],
     [
      128.39757,
      37.214612
     ],
     [
      128.397682,
      37.214626
     ],
     [
      128.397793,
      37.21464
     ],
     [
      128.397904,
      37.214653
     ],
     [
      128.398016,
      37.214667
     ],
     [
      128.398127,
      37.214681
     ],
     [
      128.398239,
      37.214694
     ],
     [
      128.39835,
      37.214708
     ],
     [
      128.398461,
      37.214721
     ],
     [
      128.398573,
      37.214735
     ],
     [
      128.398684,
      37.214749
     ],
     [
      128.398795,
      37.214762
     ],
     [
      128.398907,
      37.214776
     ],
     [
      128.399018,
      37.21479
     ],
     [
      128.399077,
      37.214797
     ],
     [
      128.39913,
      37.214803
     ],
     [
      128.399241,
      37.214816
     ],
     [
      128.399352,
      37.21483
     ],
     [
      128.399464,
      37.214843
     ],
     [
      128.399575,
      37.214856
     ],
     [
      128.399687,
      37.214869
     ],
     [
      128.399798,
      37.214883
     ],
     [
      128.39991,
      37.214896
     ],
     [
      128.400021,
      37.214909
     ],
     [
      128.400132,
      37.214922
     ],
     [
      128.400244,
      37.214936
     ],
     [
      128.400355,
      37.214949
     ],
     [
      128.400467,
      37.214962
     ],
     [
      128.400578,
      37.214976
     ],
     [
      128.40069,
      37.214989
     ],
     [
      128.400801,
      37.215002
     ],
     [
      128.400912,
      37.215015
     ],
     [
      128.401024,
      37.215029
     ],
     [
      128.401076,
      37.215035
     ],
     [
      128.401116,
      37.214999
     ],
     [
      128.40119,
      37.214931
     ],
     [
      128.401265,
      37.214863
     ],
     [
      128.401339,
      37.214796
     ],
     [
      128.401413,
      37.214728
     ],
     [
      128.401488,
      37.214661
     ],
     [
      128.401562,
      37.214593
     ],
     [
      128.401637,
      37.214525
     ],
     [
      128.401711,
      37.214458
     ],
     [
      128.401786,
      37.21439
     ],
     [
      128.40186,
      37.214322
     ],
     [
      128.401934,
      37.214255
     ],
     [
      128.402009,
      37.214187
     ],
     [
      128.402083,
      37.214119
     ],
     [
      128.402158,
      37.214052
     ],
     [
      128.402232,
      37.213984
     ],
     [
      128.402307,
      37.213917
     ],
     [
      128.402381,
      37.213849
     ],
     [
      128.402455,
      37.213781
     ],
     [
      128.40253,
      37.213714
     ],
     [
      128.402604,
      37.213646
     ],
     [
      128.402679,
      37.213578
     ],
     [
      128.402753,
      37.213511
     ],
     [
      128.402828,
      37.213443
     ],
     [
      128.402902,
      37.213375
     ],
     [
      128.402977,
      37.213308
     ],
     [
      128.403027,
      37.213262
     ],
     [
      128.403063,
      37.213259
     ],
     [
      128.403175,
      37.213251
     ],
     [
      128.403287,
      37.213242
     ],
     [
      128.403399,
      37.213234
     ],
     [
      128.403512,
      37.213226
     ],
     [
      128.403624,
      37.213217
     ],
     [
      128.403736,
      37.213209
     ],
     [
      128.403848,
      37.213201
     ],
     [
      128.40396,
      37.213192
     ],
     [
      128.404073,
      37.213184
     ],
     [
      128.404185,
      37.213176
     ],
     [
      128.404297,
      37.213167
     ],
     [
      128.404409,
      37.213159
     ],
     [
      128.404521,
      37.213151
     ],
     [
      128.404633,
      37.213142
     ],
     [
      128.404746,
      37.213134
     ],
     [
      128.404858,
      37.213126
     ],
     [
      128.40497,
      37.213117
     ],
     [
      128.405082,
      37.213109
     ],
     [
      128.405194,
      37.213101
     ],
     [
      128.405307,
      37.213092
     ],
     [
      128.405419,
      37.213084
     ],
     [
      128.405531,
      37.213076
     ],
     [
      128.405643,
      37.213067
     ],
     [
      128.405755,
      37.213059
     ],
     [
      128.405867,
      37.213051
     ],
     [
      128.40598,
      37.213042
     ],
     [
      128.406092,
      37.213034
     ],
     [
      128.406204,
      37.213026
     ],
     [
      128.406316,
      37.213017
     ],
     [
      128.406428,
      37.213009
     ],
     [
      128.40654,
      37.213001
     ],
     [
      128.406653,
      37.212992
     ],
     [
      128.406765,
      37.212984
     ],
     [
      128.406877,
      37.212976
     ],
     [
      128.406989,
      37.212967
     ],
     [
      128.407096,
      37.212959
     ],
     [
      128.407101,
      37.212959
     ],
     [
      128.407212,
      37.212942
     ],
     [
      128.407323,
      37.212925
     ],
     [
      128.407433,
      37.212908
     ],
     [
      128.407544,
      37.212891
     ],
     [
      128.407654,
      37.212874
     ],
     [
      128.407765,
      37.212857
     ],
     [
      128.407876,
      37.21284
     ],
     [
      128.407986,
      37.212823
     ],
     [
      128.407993,
      37.212822
     ],
     [
      128.408092,
      37.212791
     ],
     [
      128.408197,
      37.212759
     ],
     [
      128.408302,
      37.212726
     ],
     [
      128.408407,
      37.212693
     ],
     [
      128.408512,
      37.212661
     ],
     [
      128.408617,
      37.212628
     ],
     [
      128.408722,
      37.212595
     ],
     [
      128.408827,
      37.212562
     ],
     [
      128.408932,
      37.21253
     ],
     [
      128.409037,
      37.212497
     ],
     [
      128.409142,
      37.212464
     ],
     [
      128.409247,
      37.212432
     ],
     [
      128.409352,
      37.212399
     ],
     [
      128.409457,
      37.212366
     ],
     [
      128.409562,
      37.212334
     ],
     [
      128.409667,
      37.212301
     ],
     [
      128.409772,
      37.212268
     ],
     [
      128.409877,
      37.212236
     ],
     [
      128.409982,
      37.212203
     ],
     [
      128.410087,
      37.21217
     ],
     [
      128.410192,
      37.212138
     ],
     [
      128.410256,
      37.212118
     ],
     [
      128.410278,
      37.212088
     ],
     [
      128.410337,
      37.212011
     ],
     [
      128.410395,
      37.211934
     ],
     [
      128.410454,
      37.211857
     ],
     [
      128.410512,
      37.21178
     ],
     [
      128.410571,
      37.211703
     ],
     [
      128.410629,
      37.211625
     ],
     [
      128.410687,
      37.211548
     ],
     [
      128.410746,
      37.211471
     ],
     [
      128.410804,
      37.211394
     ],
     [
      128.410863,
      37.211317
     ],
     [
      128.410921,
      37.21124
     ],
     [
      128.410979,
      37.211163
     ],
     [
      128.411038,
      37.211086
     ],
     [
      128.411096,
      37.211009
     ],
     [
      128.411155,
      37.210932
     ],
     [
      128.411213,
      37.210855
     ],
     [
      128.411272,
      37.210778
     ],
     [
      128.41133,
      37.210701
     ],
     [
      128.411388,
      37.210624
     ],
     [
      128.411447,
      37.210547
     ],
     [
      128.411505,
      37.21047
     ],
     [
      128.411564,
      37.210393
     ],
     [
      128.411622,
      37.210316
     ],
     [
      128.411681,
      37.210239
     ],
     [
      128.411739,
      37.210162
     ],
     [
      128.411797,
      37.210085
     ],
     [
      128.411856,
      37.210008
     ],
     [
      128.411914,
      37.209931
     ],
     [
      128.411973,
      37.209854
     ],
     [
      128.412031,
      37.209776
     ],
     [
      128.41209,
      37.209699
     ],
     [
      128.412148,
      37.209622
     ],
     [
      128.412166,
      37.209598
     ],
     [
      128.412211,
      37.209548
     ],
     [
      128.412276,
      37.209474
     ],
     [
      128.412341,
      37.2094
     ],
     [
      128.412405,
      37.209327
     ],
     [
      128.41247,
      37.209253
     ],
     [
      128.412535,
      37.209179
     ],
     [
      128.4126,
      37.209106
     ],
     [
      128.412665,
      37.209032
     ],
     [
      128.41273,
      37.208958
     ],
     [
      128.412795,
      37.208885
     ],
     [
      128.41286,
      37.208811
     ],
     [
      128.412925,
      37.208737
     ],
     [
      128.41299,
      37.208664
     ],
     [
      128.413054,
      37.20859
     ],
     [
      128.413119,
      37.208517
     ],
     [
      128.413184,
      37.208443
     ],
     [
      128.413249,
      37.208369
     ],
     [
      128.413314,
      37.208296
     ],
     [
      128.413379,
      37.208222
     ],
     [
      128.41341,
      37.208187
     ],
     [
      128.413463,
      37.208206
     ],
     [
      128.413566,
      37.208243
     ],
     [
      128.413669,
      37.20828
     ],
     [
      128.413771,
      37.208317
     ],
     [
      128.413874,
      37.208354
     ],
     [
      128.413977,
      37.208392
     ],
     [
      128.414079,
      37.208429
     ],
     [
      128.414182,
      37.208466
     ],
     [
      128.414285,
      37.208503
     ],
     [
      128.414387,
      37.20854
     ],
     [
      128.41449,
      37.208577
     ],
     [
      128.414592,
      37.208614
     ],
     [
      128.414695,
      37.208652
     ],
     [
      128.414798,
      37.208689
     ],
     [
      128.4149,
      37.208726
     ],
     [
      128.415003,
      37.208763
     ],
     [
      128.415106,
      37.2088
     ],
     [
      128.415208,
      37.208837
     ],
     [
      128.415221,
      37.208842
     ],
     [
      128.415226,
      37.208921
     ],
     [
      128.415232,
      37.209011
     ],
     [
      128.415238,
      37.209101
     ],
     [
      128.415244,
      37.209191
     ],
     [
      128.41525,
      37.209281
     ],
     [
      128.415256,
      37.20937
     ],
     [
      128.415262,
      37.20946
     ],
     [
      128.415267,
      37.20955
     ],
     [
      128.415273,
      37.20964
     ],
     [
      128.415279,
      37.20973
     ],
     [
      128.415285,
      37.20982
     ],
     [
      128.415291,
      37.20991
     ],
     [
      128.415296,
      37.209984
     ],
     [
      128.41531,
      37.209996
     ],
     [
      128.415387,
      37.210061
     ],
     [
      128.415464,
      37.210127
     ],
     [
      128.415542,
      37.210193
     ],
     [
      128.415619,
      37.210258
     ],
     [
      128.415696,
      37.210324
     ],
     [
      128.415773,
      37.210389
     ],
     [
      128.415851,
      37.210455
     ],
     [
      128.415928,
      37.21052
     ],
     [
      128.416005,
      37.210586
     ],
     [
      128.416083,
      37.210652
     ],
     [
      128.41616,
      37.210717
     ],
     [
      128.416237,
      37.210783
     ],
     [
      128.416314,
      37.210848
     ],
     [
      128.416392,
      37.210914
     ],
     [
      128.416469,
      37.210979
     ],
     [
      128.416546,
      37.211045
     ],
     [
      128.416623,
      37.21111
     ],
     [
      128.416701,
      37.211176
     ],
     [
      128.416778,
      37.211242
     ],
     [
      128.416855,
      37.211307
     ],
     [
      128.416933,
      37.211373
     ],
     [
      128.41701,
      37.211438
     ],
     [
      128.417087,
      37.211504
     ],
     [
      128.417164,
      37.211569
     ],
     [
      128.417242,
      37.211635
     ],
     [
      128.417319,
      37.211701
     ],
     [
      128.417396,
      37.211766
     ],
     [
      128.417474,
      37.211832
     ],
     [
      128.417551,
      37.211897
     ],
     [
      128.417608,
      37.211945
     ],
     [
      128.417637,
      37.21194
     ],
     [
      128.417747,
      37.211921
     ],
     [
      128.417857,
      37.211901
     ],
     [
      128.417967,
      37.211882
     ],
     [
      128.418077,
      37.211863
     ],
     [
      128.418187,
      37.211843
     ],
     [
      128.418297,
      37.211824
     ],
     [
      128.418407,
      37.211805
     ],
     [
      128.418517,
      37.211785
     ],
     [
      128.418627,
      37.211766
     ],
     [
      128.418737,
      37.211746
     ],
     [
      128.418847,
      37.211727
     ],
     [
      128.418957,
      37.211708
     ],
     [
      128.419067,
      37.211688
     ],
     [
      128.419177,
      37.211669
     ],
     [
      128.419287,
      37.21165
     ],
     [
      128.419397,
      37.21163
     ],
     [
      128.419507,
      37.211611
     ],
     [
      128.419617,
      37.211591
     ],
     [
      128.419727,
      37.211572
     ],
     [
      128.419837,
      37.211553
     ],
     [
      128.419947,
      37.211533
     ],
     [
      128.420057,
      37.211514
     ],
     [
      128.420167,
      37.211495
     ],
     [
      128.420277,
      37.211475
     ],
     [
      128.420387,
      37.211456
     ],
     [
      128.420497,
      37.211436
     ],
     [
      128.420607,
      37.211417
     ],
     [
      128.420717,
      37.211398
     ],
     [
      128.420827,
      37.211378
     ],
     [
      128.420937,
      37.211359
     ],
     [
      128.421047,
      37.211339
     ],
     [
      128.421158,
      37.21132
     ],
     [
      128.421268,
      37.211301
     ],
     [
      128.421378,
      37.211281
     ],
     [
      128.421488,
      37.211262
     ],
     [
      128.421598,
      37.211243
     ],
     [
      128.421708,
      37.211223
     ],
     [
      128.421818,
      37.211204
     ],
     [
      128.421928,
      37.211184
     ],
     [
      128.422038,
      37.211165
     ],
     [
      128.422148,
      37.211146
     ],
     [
      128.422249,
      37.211128
     ],
     [
      128.422256,
      37.211124
     ],
     [
      128.422347,
      37.211071
     ],
     [
      128.422439,
      37.211018
     ],
     [
      128.42253,
      37.210965
     ],
     [
      128.422621,
      37.210912
     ],
     [
      128.422712,
      37.210859
     ],
     [
      128.422803,
      37.210806
     ],
     [
      128.422895,
      37.210753
     ],
     [
      128.422986,
      37.210701
     ],
     [
      128.423077,
      37.210648
     ],
     [
      128.423168,
      37.210595
     ],
     [
      128.42326,
      37.210542
     ],
     [
      128.423351,
      37.210489
     ],
     [
      128.423442,
      37.210436
     ],
     [
      128.423533,
      37.210383
     ],
     [
      128.423624,
      37.21033
     ],
     [
      128.423716,
      37.210278
     ],
     [
      128.423807,
      37.210225
     ],
     [
      128.423898,
      37.210172
     ],
     [
      128.423989,
      37.210119
     ],
     [
      128.424081,
      37.210066
     ],
     [
      128.424172,
      37.210013
     ],
     [
      128.424263,
      37.20996
     ],
     [
      128.424354,
      37.209907
     ],
     [
      128.424445,
      37.209854
     ],
     [
      128.424537,
      37.209802
     ],
     [
      128.424628,
      37.209749
     ],
     [
      128.424709,
      37.209702
     ],
     [
      128.424718,
      37.209709
     ],
     [
      128.4248,
      37.20977
     ],
     [
      128.424882,
      37.209832
     ],
     [
      128.424965,
      37.209893
     ],
     [
      128.425047,
      37.209955
     ],
     [
      128.425129,
      37.210017
     ],
     [
      128.425211,
      37.210078
     ],
     [
      128.425294,
      37.21014
     ],
     [
      128.425376,
      37.210201
     ],
     [
      128.425458,
      37.210263
     ],
     [
      128.42554,
      37.210325
     ],
     [
      128.425622,
      37.210386
     ],
     [
      128.425705,
      37.210448
     ],
     [
      128.425787,
      37.210509
     ],
     [
      128.425869,
      37.210571
     ],
     [
      128.425951,
      37.210633
     ],
     [
      128.426033,
      37.210694
     ],
     [
      128.426116,
      37.210756
     ],
     [
      128.426198,
      37.210817
     ],
     [
      128.426265,
      37.210868
     ],
     [
      128.426274,
      37.210882
     ],
     [
      128.426325,
      37.210963
     ],
     [
      128.426375,
      37.211044
     ],
     [
      128.426426,
      37.211124
     ],
     [
      128.426476,
      37.211205
     ],
     [
      128.426526,
      37.211285
     ],
     [
      128.426577,
      37.211366
     ],
     [
      128.426627,
      37.211447
     ],
     [
      128.426678,
      37.211527
     ],
     [
      128.426728,
      37.211608
     ],
     [
      128.426778,
      37.211688
     ],
     [
      128.426829,
      37.211769
     ],
     [
      128.426879,
      37.211849
     ],
     [
      128.42693,
      37.21193
     ],
     [
      128.42698,
      37.212011
     ],
     [
      128.42703,
      37.212091
     ],
     [
      128.427081,
      37.212172
     ],
     [
      128.427131,
      37.212252
     ],
     [
      128.427182,
      37.212333
     ],
     [
      128.427232,
      37.212414
     ],
     [
      128.427282,
      37.212494
     ],
     [
      128.427333,
      37.212575
     ],
     [
      128.427383,
      37.212655
     ],
     [
      128.427433,
      37.212736
     ],
     [
      128.427484,
      37.212817
     ],
     [
      128.427534,
      37.212897
     ],
     [
      128.427585,
      37.212978
     ],
     [
      128.427635,
      37.213058
     ],
     [
      128.427684,
      37.213136
     ],
     [
      128.427686,
      37.213138
     ],
     [
      128.427768,
      37.2132
     ],
     [
      128.42785,
      37.213262
     ],
     [
      128.427932,
      37.213324
     ],
     [
      128.428013,
      37.213386
     ],
     [
      128.428095,
      37.213449
     ],
     [
      128.428177,
      37.213511
     ],
     [
      128.428258,
      37.213573
     ],
     [
      128.42834,
      37.213635
     ],
     [
      128.428422,
      37.213697
     ],
     [
      128.428503,
      37.213759
     ],
     [
      128.428585,
      37.213821
     ],
     [
      128.428667,
      37.213883
     ],
     [
      128.428749,
      37.213945
     ],
     [
      128.42883,
      37.214007
     ],
     [
      128.428912,
      37.214069
     ],
     [
      128.428994,
      37.214131
     ],
     [
      128.429075,
      37.214193
     ],
     [
      128.429157,
      37.214255
     ],
     [
      128.429239,
      37.214317
     ],
     [
      128.42932,
      37.214379
     ],
     [
      128.429402,
      37.214441
     ],
     [
      128.429484,
      37.214503
     ],
     [
      128.429565,
      37.214565
     ],
     [
      128.429647,
      37.214627
     ],
     [
      128.429729,
      37.214689
     ],
     [
      128.429811,
      37.214751
     ],
     [
      128.429892,
      37.214814
     ],
     [
      128.429974,
      37.214876
     ],
     [
      128.430056,
      37.214938
     ],
     [
      128.430137,
      37.215
     ],
     [
      128.430207,
      37.215053
     ],
     [
      128.430222,
      37.215046
     ],
     [
      128.430321,
      37.215004
     ],
     [
      128.43042,
      37.214961
     ],
     [
      128.430519,
      37.214919
     ],
     [
      128.430619,
      37.214876
     ],
     [
      128.430718,
      37.214833
     ],
     [
      128.430817,
      37.214791
     ],
     [
      128.430917,
      37.214748
     ],
     [
      128.431016,
      37.214706
     ],
     [
      128.431115,
      37.214663
     ],
     [
      128.431214,
      37.21462
     ],
     [
      128.431314,
      37.214578
     ],
     [
      128.431413,
      37.214535
     ],
     [
      128.431512,
      37.214493
     ],
     [
      128.431611,
      37.21445
     ],
     [
      128.431711,
      37.214407
     ],
     [
      128.43181,
      37.214365
     ],
     [
      128.431909,
      37.214322
     ],
     [
      128.432009,
      37.21428
     ],
     [
      128.432108,
      37.214237
     ],
     [
      128.432207,
      37.214194
     ],
     [
      128.432306,
      37.214152
     ],
     [
      128.432406,
      37.214109
     ],
     [
      128.432505,
      37.214067
     ],
     [
      128.432604,
      37.214024
     ],
     [
      128.432703,
      37.213981
     ],
     [
      128.432803,
      37.213939
     ],
     [
      128.432902,
      37.213896
     ],
     [
      128.433001,
      37.213854
     ],
     [
      128.433101,
      37.213811
     ],
     [
      128.4332,
      37.213768
     ],
     [
      128.433299,
      37.213726
     ],
     [
      128.433398,
      37.213683
     ],
     [
      128.433498,
      37.213641
     ],
     [
      128.433597,
      37.213598
     ],
     [
      128.433696,
      37.213555
     ],
     [
      128.433795,
      37.213513
     ],
     [
      128.433895,
      37.21347
     ],
     [
      128.433994,
      37.213428
     ],
     [
      128.434093,
      37.213385
     ],
     [
      128.434193,
      37.213342
     ],
     [
      128.434292,
      37.2133
     ],
     [
      128.434391,
      37.213257
     ],
     [
      128.43449,
      37.213215
     ],
     [
      128.43459,
      37.213172
     ],
     [
      128.434689,
      37.213129
     ],
     [
      128.434774,
      37.213093
     ],
     [
      128.434785,
      37.213084
     ],
     [
      128.434866,
      37.213021
     ],
     [
      128.434946,
      37.212958
     ],
     [
      128.435027,
      37.212895
     ],
     [
      128.435107,
      37.212832
     ],
     [
      128.435188,
      37.212769
     ],
     [
      128.435268,
      37.212706
     ],
     [
      128.435349,
      37.212642
     ],
     [
      128.435429,
      37.212579
     ],
     [
      128.43551,
      37.212516
     ],
     [
      128.43559,
      37.212453
     ],
     [
      128.435671,
      37.21239
     ],
     [
      128.435751,
      37.212327
     ],
     [
      128.435817,
      37.212276
     ],
     [
      128.435814,
      37.212259
     ],
     [
      128.435802,
      37.21217
     ],
     [
      128.435789,
      37.21208
     ],
     [
      128.435776,
      37.211991
     ],
     [
      128.435763,
      37.211901
     ],
     [
      128.435751,
      37.211812
     ],
     [
      128.435738,
      37.211722
     ],
     [
      128.435725,
      37.211632
     ],
     [
      128.435713,
      37.211543
     ],
     [
      128.4357,
      37.211453
     ],
     [
      128.435687,
      37.211364
     ],
     [
      128.435675,
      37.211274
     ],
     [
      128.435662,
      37.211185
     ],
     [
      128.435649,
      37.211095
     ],
     [
      128.435637,
      37.211006
     ],
     [
      128.435624,
      37.210916
     ],
     [
      128.435611,
      37.210827
     ],
     [
      128.435598,
      37.210737
     ],
     [
      128.435586,
      37.210648
     ],
     [
      128.435573,
      37.210558
     ],
     [
      128.43556,
      37.210469
     ],
     [
      128.435548,
      37.210379
     ],
     [
      128.435535,
      37.21029
     ],
     [
      128.435522,
      37.2102
     ],
     [
      128.435511,
      37.210121
     ],
     [
      128.435515,
      37.210111
     ],
     [
      128.43555,
      37.210025
     ],
     [
      128.435585,
      37.20994
     ],
     [
      128.43562,
      37.209854
     ],
     [
      128.435655,
      37.209768
     ],
     [
      128.43569,
      37.209682
     ],
     [
      128.435725,
      37.209597
     ],
     [
      128.435759,
      37.209511
     ],
     [
      128.435794,
      37.209425
     ],
     [
      128.435829,
      37.20934
     ],
     [
      128.435864,
      37.209254
     ],
     [
      128.435899,
      37.209168
     ],
     [
      128.435934,
      37.209083
     ],
     [
      128.435968,
      37.208997
     ],
     [
      128.436003,
      37.208911
     ],
     [
      128.436038,
      37.208826
     ],
     [
      128.436073,
      37.20874
     ],
     [
      128.436108,
      37.208654
     ],
     [
      128.436143,
      37.208569
     ],
     [
      128.436168,
      37.208505
     ],
     [
      128.436178,
      37.208483
     ],
     [
      128.436214,
      37.208398
     ],
     [
      128.43625,
      37.208312
     ],
     [
      128.436286,
      37.208227
     ],
     [
      128.436322,
      37.208142
     ],
     [
      128.436359,
      37.208056
     ],
     [
      128.436395,
      37.207971
     ],
     [
      128.436431,
      37.207886
     ],
     [
      128.436467,
      37.2078
     ],
     [
      128.436503,
      37.207715
     ],
     [
      128.436539,
      37.20763
     ],
     [
      128.436575,
      37.207544
     ],
     [
      128.436611,
      37.207459
     ],
     [
      128.436648,
      37.207373
     ],
     [
      128.436684,
      37.207288
     ],
     [
      128.43672,
      37.207203
     ],
     [
      128.436756,
      37.207117
     ],
     [
      128.436792,
      37.207032
     ],
     [
      128.436828,
      37.206947
     ],
     [
      128.436864,
      37.206861
     ],
     [
      128.4369,
      37.206776
     ],
     [
      128.436937,
      37.206691
     ],
     [
      128.436973,
      37.206605
     ],
     [
      128.436979,
      37.206591
     ],
     [
      128.436979,
      37.206516
     ],
     [
      128.43698,
      37.206426
     ],
     [
      128.436981,
      37.206336
     ],
     [
      128.436982,
      37.206246
     ],
     [
      128.436982,
      37.206156
     ],
     [
      128.436983,
      37.206066
     ],
     [
      128.436984,
      37.205975
     ],
     [
      128.436985,
      37.205885
     ],
     [
      128.436985,
      37.205795
     ],
     [
      128.436986,
      37.205705
     ],
     [
      128.43306,
      37.20572
     ],
     [
      128.436986,
      37.205705
     ],
     [
      128.436987,
      37.205615
     ],
     [
      128.436987,
      37.205525
     ],
     [
      128.436988,
      37.205435
     ],
     [
      128.436989,
      37.205345
     ],
     [
      128.43699,
      37.205255
     ],
     [
      128.43699,
      37.205165
     ],
     [
      128.436991,
      37.205074
     ],
     [
      128.436992,
      37.204984
     ],
     [
      128.436993,
      37.204894
     ],
     [
      128.436993,
      37.204804
     ],
     [
      128.436994,
      37.204714
     ],
     [
      128.436995,
      37.204644
     ],
     [
      128.437007,
      37.204626
     ],
     [
      128.43706,
      37.204547
     ],
     [
      128.437113,
      37.204467
     ],
     [
      128.437166,
      37.204388
     ],
     [
      128.437219,
      37.204308
     ],
     [
      128.437272,
      37.204229
     ],
     [
      128.437325,
      37.204149
     ],
     [
      128.437378,
      37.20407
     ],
     [
      128.437431,
      37.20399
     ],
     [
      128.437484,
      37.203911
     ],
     [
      128.437537,
      37.203831
     ],
     [
      128.43759,
      37.203752
     ],
     [
      128.437643,
      37.203672
     ],
     [
      128.437696,
      37.203593
     ],
     [
      128.437749,
      37.203513
     ],
     [
      128.437802,
      37.203434
     ],
     [
      128.437855,
      37.203354
     ],
     [
      128.437908,
      37.203275
     ],
     [
      128.437961,
      37.203195
     ],
     [
      128.438014,
      37.203116
     ],
     [
      128.438067,
      37.203036
     ],
     [
      128.43812,
      37.202957
     ],
     [
      128.438173,
      37.202877
     ],
     [
      128.438226,
      37.202798
     ],
     [
      128.438279,
      37.202718
     ],
     [
      128.438332,
      37.202639
     ],
     [
      128.438332,
      37.202639
     ],
     [
      128.438356,
      37.202551
     ],
     [
      128.43838,
      37.202463
     ],
     [
      128.438404,
      37.202375
     ],
     [
      128.438428,
      37.202287
     ],
     [
      128.438452,
      37.202199
     ],
     [
      128.438476,
      37.202111
     ],
     [
      128.4385,
      37.202023
     ],
     [
      128.438524,
      37.201934
     ],
     [
      128.438548,
      37.201846
     ],
     [
      128.438572,
      37.201758
     ],
     [
      128.438596,
      37.20167
     ],
     [
      128.43862,
      37.201582
     ],
     [
      128.438644,
      37.201494
     ],
     [
      128.438668,
      37.201406
     ],
     [
      128.438692,
      37.201318
     ],
     [
      128.438716,
      37.20123
     ],
     [
      128.43874,
      37.201142
     ],
     [
      128.438764,
      37.201054
     ],
     [
      128.438788,
      37.200966
     ],
     [
      128.438812,
      37.200878
     ],
     [
      128.438836,
      37.20079
     ],
     [
      128.43886,
      37.200702
     ],
     [
      128.438884,
      37.200614
     ],
     [
      128.438908,
      37.200526
     ],
     [
      128.438932,
      37.200438
     ],
     [
      128.438956,
      37.20035
     ],
     [
      128.43898,
      37.200262
     ],
     [
      128.439003,
      37.200174
     ],
     [
      128.439027,
      37.200086
     ],
     [
      128.439051,
      37.199998
     ],
     [
      128.439075,
      37.19991
     ],
     [
      128.439099,
      37.199822
     ],
     [
      128.439123,
      37.199733
     ],
     [
      128.439147,
      37.199645
     ],
     [
      128.439171,
      37.199557
     ],
     [
      128.439195,
      37.199469
     ],
     [
      128.439219,
      37.199381
     ],
     [
      128.439223,
      37.199369
     ],
     [
      128.439172,
      37.199303
     ],
     [
      128.439114,
      37.199226
     ],
     [
      128.439056,
      37.199148
     ],
     [
      128.438998,
      37.199071
     ],
     [
      128.43894,
      37.198994
     ],
     [
      128.438881,
      37.198917
     ],
     [
      128.438823,
      37.19884
     ],
     [
      128.438765,
      37.198763
     ],
     [
      128.438707,
      37.198686
     ],
     [
      128.438648,
      37.198608
     ],
     [
      128.43859,
      37.198531
     ],
     [
      128.438532,
      37.198454
     ],
     [
      128.438474,
      37.198377
     ],
     [
      128.438463,
      37.198363
     ],
     [
      128.438536,
      37.198318
     ],
     [
      128.438625,
      37.198264
     ],
     [
      128.438715,
      37.198209
     ],
     [
      128.438805,
      37.198155
     ],
     [
      128.438895,
      37.198101
     ],
     [
      128.438984,
      37.198046
     ],
     [
      128.439074,
      37.197992
     ],
     [
      128.439164,
      37.197937
     ],
     [
      128.439254,
      37.197883
     ],
     [
      128.439343,
      37.197828
     ],
     [
      128.439433,
      37.197774
     ],
     [
      128.439523,
      37.197719
     ],
     [
      128.439613,
      37.197665
     ],
     [
      128.439702,
      37.197611
     ],
     [
      128.439792,
      37.197556
     ],
     [
      128.439882,
      37.197502
     ],
     [
      128.439972,
      37.197447
     ],
     [
      128.440061,
      37.197393
     ],
     [
      128.440151,
      37.197338
     ],
     [
      128.440241,
      37.197284
     ],
     [
      128.440331,
      37.197229
     ],
     [
      128.44042,
      37.197175
     ],
     [
      128.44051,
      37.197121
     ],
     [
      128.4406,
      37.197066
     ],
     [
      128.44069,
      37.197012
     ],
     [
      128.440779,
      37.196957
     ],
     [
      128.440869,
      37.196903
     ],
     [
      128.440959,
      37.196848
     ],
     [
      128.441026,
      37.196808
     ],
     [
      128.441054,
      37.196811
     ],
     [
      128.441166,
      37.196824
     ],
     [
      128.441277,
      37.196838
     ],
     [
      128.441388,
      37.196851
     ],
     [
      128.4415,
      37.196864
     ],
     [
      128.441611,
      37.196877
     ],
     [
      128.441723,
      37.19689
     ],
     [
      128.441834,
      37.196904
     ],
     [
      128.441945,
      37.196917
     ],
     [
      128.442057,
      37.19693
     ],
     [
      128.442168,
      37.196943
     ],
     [
      128.44228,
      37.196957
     ],
     [
      128.442391,
      37.19697
     ],
     [
      128.442503,
      37.196983
     ],
     [
      128.442614,
      37.196996
     ],
     [
      128.442725,
      37.197009
     ],
     [
      128.442837,
      37.197023
     ],
     [
      128.442948,
      37.197036
     ],
     [
      128.44306,
      37.197049
     ],
     [
      128.443171,
      37.197062
     ],
     [
      128.443282,
      37.197076
     ],
     [
      128.443394,
      37.197089
     ],
     [
      128.443505,
      37.197102
     ],
     [
      128.443617,
      37.197115
     ],
     [
      128.443728,
      37.197128
     ],
     [
      128.44384,
      37.197142
     ],
     [
      128.443951,
      37.197155
     ],
     [
      128.444062,
      37.197168
     ],
     [
      128.444174,
      37.197181
     ],
     [
      128.44426,
      37.197192
     ],
     [
      128.444283,
      37.197184
     ],
     [
      128.444387,
      37.197149
     ],
     [
      128.444491,
      37.197113
     ],
     [
      128.444595,
      37.197078
     ],
     [
      128.444698,
      37.197043
     ],
     [
      128.444802,
      37.197008
     ],
     [
      128.444906,
      37.196973
     ],
     [
      128.44501,
      37.196938
     ],
     [
      128.445113,
      37.196903
     ],
     [
      128.445217,
      37.196868
     ],
     [
      128.445321,
      37.196832
     ],
     [
      128.445424,
      37.196797
     ],
     [
      128.445528,
      37.196762
     ],
     [
      128.445632,
      37.196727
     ],
     [
      128.445736,
      37.196692
     ],
     [
      128.445839,
      37.196657
     ],
     [
      128.445943,
      37.196622
     ],
     [
      128.446047,
      37.196587
     ],
     [
      128.446151,
      37.196551
     ],
     [
      128.446205,
      37.196533
     ],
     [
      128.446257,
      37.196542
     ],
     [
      128.446367,
      37.196562
     ],
     [
      128.446477,
      37.196582
     ],
     [
      128.446587,
      37.196601
     ],
     [
      128.446697,
      37.196621
     ],
     [
      128.446807,
      37.19664
     ],
     [
      128.446917,
      37.19666
     ],
     [
      128.447027,
      37.19668
     ],
     [
      128.447137,
      37.196699
     ],
     [
      128.447247,
      37.196719
     ],
     [
      128.447357,
      37.196738
     ],
     [
      128.447466,
      37.196758
     ],
     [
      128.447576,
      37.196778
     ],
     [
      128.447686,
      37.196797
     ],
     [
      128.447796,
      37.196817
     ],
     [
      128.447906,
      37.196837
     ],
     [
      128.448016,
      37.196856
     ],
     [
      128.448126,
      37.196876
     ],
     [
      128.448236,
      37.196895
     ],
     [
      128.448346,
      37.196915
     ],
     [
      128.448456,
      37.196935
     ],
     [
      128.448566,
      37.196954
     ],
     [
      128.448647,
      37.196969
     ],
     [
      128.448675,
      37.196961
     ],
     [
      128.44878,
      37.196929
     ],
     [
      128.448886,
      37.196898
     ],
     [
      128.448992,
      37.196867
     ],
     [
      128.449097,
      37.196836
     ],
     [
      128.449203,
      37.196804
     ],
     [
      128.449309,
      37.196773
     ],
     [
      128.449414,
      37.196742
     ],
     [
      128.44952,
      37.196711
     ],
     [
      128.449625,
      37.196679
     ],
     [
      128.449731,
      37.196648
     ],
     [
      128.449837,
      37.196617
     ],
     [
      128.449942,
      37.196586
     ],
     [
      128.450048,
      37.196554
     ],
     [
      128.450154,
      37.196523
     ],
     [
      128.450259,
      37.196492
     ],
     [
      128.450365,
      37.196461
     ],
     [
      128.450471,
      37.196429
     ],
     [
      128.450576,
      37.196398
     ],
     [
      128.450682,
      37.196367
     ],
     [
      128.450788,
      37.196335
     ],
     [
      128.450893,
      37.196304
     ],
     [
      128.450999,
      37.196273
     ],
     [
      128.451104,
      37.196242
     ],
     [
      128.45121,
      37.19621
     ],
     [
      128.451316,
      37.196179
     ],
     [
      128.451421,
      37.196148
     ],
     [
      128.451527,
      37.196117
     ],
     [
      128.451633,
      37.196085
     ],
     [
      128.451738,
      37.196054
     ],
     [
      128.451844,
      37.196023
     ],
     [
      128.45195,
      37.195992
     ],
     [
      128.452055,
      37.19596
     ],
     [
      128.452161,
      37.195929
     ],
     [
      128.452267,
      37.195898
     ],
     [
      128.452372,
      37.195867
     ],
     [
      128.452478,
      37.195835
     ],
     [
      128.452583,
      37.195804
     ],
     [
      128.452689,
      37.195773
     ],
     [
      128.452795,
      37.195742
     ],
     [
      128.4529,
      37.19571
     ],
     [
      128.453006,
      37.195679
     ],
     [
      128.453112,
      37.195648
     ],
     [
      128.453217,
      37.195617
     ],
     [
      128.453323,
      37.195585
     ],
     [
      128.453429,
      37.195554
     ],
     [
      128.453534,
      37.195523
     ],
     [
      128.45364,
      37.195492
     ],
     [
      128.453746,
      37.19546
     ],
     [
      128.453851,
      37.195429
     ],
     [
      128.453957,
      37.195398
     ],
     [
      128.454062,
      37.195367
     ],
     [
      128.454168,
      37.195335
     ],
     [
      128.454274,
      37.195304
     ],
     [
      128.454379,
      37.195273
     ],
     [
      128.454485,
      37.195242
     ],
     [
      128.454591,
      37.19521
     ],
     [
      128.454696,
      37.195179
     ],
     [
      128.454802,
      37.195148
     ],
     [
      128.454908,
      37.195117
     ],
     [
      128.455013,
      37.195085
     ],
     [
      128.455065,
      37.19507
     ],
     [
      128.455122,
      37.195069
     ],
     [
      128.455235,
      37.195065
     ],
     [
      128.455348,
      37.195062
     ],
     [
      128.45546,
      37.195059
     ],
     [
      128.455573,
      37.195056
     ],
     [
      128.455685,
      37.195052
     ],
     [
      128.455798,
      37.195049
     ],
     [
      128.45591,
      37.195046
     ],
     [
      128.456023,
      37.195043
     ],
     [
      128.456135,
      37.19504
     ],
     [
      128.456248,
      37.195036
     ],
     [
      128.456361,
      37.195033
     ],
     [
      128.456473,
      37.19503
     ],
     [
      128.456586,
      37.195027
     ],
     [
      128.456698,
      37.195023
     ],
     [
      128.456811,
      37.19502
     ],
     [
      128.456923,
      37.195017
     ],
     [
      128.457036,
      37.195014
     ],
     [
      128.457149,
      37.195011
     ],
     [
      128.457261,
      37.195007
     ],
     [
      128.457374,
      37.195004
     ],
     [
      128.457486,
      37.195001
     ],
     [
      128.457599,
      37.194998
     ],
     [
      128.457656,
      37.194996
     ],
     [
      128.457695,
      37.194965
     ],
     [
      128.457775,
      37.194901
     ],
     [
      128.457855,
      37.194837
     ],
     [
      128.457935,
      37.194774
     ],
     [
      128.458014,
      37.19471
     ],
     [
      128.458094,
      37.194647
     ],
     [
      128.458174,
      37.194583
     ],
     [
      128.458254,
      37.19452
     ],
     [
      128.458334,
      37.194456
     ],
     [
      128.458413,
      37.194392
     ],
     [
      128.458493,
      37.194329
     ],
     [
      128.458573,
      37.194265
     ],
     [
      128.458653,
      37.194202
     ],
     [
      128.458733,
      37.194138
     ],
     [
      128.458813,
      37.194075
     ],
     [
      128.458892,
      37.194011
     ],
     [
      128.458972,
      37.193947
     ],
     [
      128.459052,
      37.193884
     ],
     [
      128.459132,
      37.19382
     ],
     [
      128.459167,
      37.193792
     ],
     [
      128.459174,
      37.193742
     ],
     [
      128.459186,
      37.193652
     ],
     [
      128.459198,
      37.193563
     ],
     [
      128.45921,
      37.193473
     ],
     [
      128.459223,
      37.193384
     ],
     [
      128.459235,
      37.193294
     ],
     [
      128.459247,
      37.193205
     ],
     [
      128.459259,
      37.193115
     ],
     [
      128.459272,
      37.193025
     ],
     [
      128.459284,
      37.192936
     ],
     [
      128.459296,
      37.192846
     ],
     [
      128.459306,
      37.192775
     ],
     [
      128.459326,
      37.192767
     ],
     [
      128.459427,
      37.192726
     ],
     [
      128.459527,
      37.192686
     ],
     [
      128.459628,
      37.192645
     ],
     [
      128.459729,
      37.192604
     ],
     [
      128.459829,
      37.192564
     ],
     [
      128.45993,
      37.192523
     ],
     [
      128.46003,
      37.192483
     ],
     [
      128.460131,
      37.192442
     ],
     [
      128.460231,
      37.192402
     ],
     [
      128.460332,
      37.192361
     ],
     [
      128.460433,
      37.192321
     ],
     [
      128.460533,
      37.19228
     ],
     [
      128.460634,
      37.192239
     ],
     [
      128.460734,
      37.192199
     ],
     [
      128.460835,
      37.192158
     ],
     [
      128.460936,
      37.192118
     ],
     [
      128.461036,
      37.192077
     ],
     [
      128.461137,
      37.192037
     ],
     [
      128.461237,
      37.191996
     ],
     [
      128.461338,
      37.191956
     ],
     [
      128.461438,
      37.191915
     ],
     [
      128.461539,
      37.191874
     ],
     [
      128.46164,
      37.191834
     ],
     [
      128.46174,
      37.191793
     ],
     [
      128.461841,
      37.191753
     ],
     [
      128.461941,
      37.191712
     ],
     [
      128.462042,
      37.191672
     ],
     [
      128.462142,
      37.191631
     ],
     [
      128.462243,
      37.191591
     ],
     [
      128.462344,
      37.19155
     ],
     [
      128.462444,
      37.191509
     ],
     [
      128.462545,
      37.191469
     ],
     [
      128.462645,
      37.191428
     ],
     [
      128.462746,
      37.191388
     ],
     [
      128.46277,
      37.191378
     ],
     [
      128.462796,
      37.191313
     ],
     [
      128.462829,
      37.191227
     ],
     [
      128.462863,
      37.191141
     ],
     [
      128.462897,
      37.191055
     ],
     [
      128.46293,
      37.190969
     ],
     [
      128.462964,
      37.190883
     ],
     [
      128.462997,
      37.190797
     ],
     [
      128.463031,
      37.190711
     ],
     [
      128.463064,
      37.190625
     ],
     [
      128.463098,
      37.190539
     ],
     [
      128.463132,
      37.190453
     ],
     [
      128.463165,
      37.190367
     ],
     [
      128.463199,
      37.190281
     ],
     [
      128.463232,
      37.190195
     ],
     [
      128.463266,
      37.190109
     ],
     [
      128.4633,
      37.190023
     ],
     [
      128.463333,
      37.189937
     ],
     [
      128.463367,
      37.189851
     ],
     [
      128.4634,
      37.189765
     ],
     [
      128.463434,
      37.189679
     ],
     [
      128.463468,
      37.189593
     ],
     [
      128.463501,
      37.189507
     ],
     [
      128.463535,
      37.189421
     ],
     [
      128.463568,
      37.189335
     ],
     [
      128.463602,
      37.189249
     ],
     [
      128.463636,
      37.189163
     ],
     [
      128.463669,
      37.189077
     ],
     [
      128.463703,
      37.188991
     ],
     [
      128.463736,
      37.188905
     ],
     [
      128.46377,
      37.188819
     ],
     [
      128.463804,
      37.188733
     ],
     [
      128.463837,
      37.188647
     ],
     [
      128.463871,
      37.188561
     ],
     [
      128.463904,
      37.188475
     ],
     [
      128.463938,
      37.188389
     ],
     [
      128.463972,
      37.188303
     ],
     [
      128.464005,
      37.188217
     ],
     [
      128.464039,
      37.188131
     ],
     [
      128.464072,
      37.188045
     ],
     [
      128.464106,
      37.187959
     ],
     [
      128.46414,
      37.187873
     ],
     [
      128.464173,
      37.187787
     ],
     [
      128.464207,
      37.187701
     ],
     [
      128.464232,
      37.187636
     ],
     [
      128.464257,
      37.187626
     ],
     [
      128.464357,
      37.187585
     ],
     [
      128.464458,
      37.187545
     ],
     [
      128.464559,
      37.187504
     ],
     [
      128.464659,
      37.187464
     ],
     [
      128.46476,
      37.187424
     ],
     [
      128.46486,
      37.187383
     ],
     [
      128.464961,
      37.187343
     ],
     [
      128.465062,
      37.187302
     ],
     [
      128.465162,
      37.187262
     ],
     [
      128.465263,
      37.187222
     ],
     [
      128.465364,
      37.187181
     ],
     [
      128.465464,
      37.187141
     ],
     [
      128.465565,
      37.1871
     ],
     [
      128.465666,
      37.18706
     ],
     [
      128.465766,
      37.187019
     ],
     [
      128.465867,
      37.186979
     ],
     [
      128.465968,
      37.186939
     ],
     [
      128.466068,
      37.186898
     ],
     [
      128.466169,
      37.186858
     ],
     [
      128.46627,
      37.186817
     ],
     [
      128.46637,
      37.186777
     ],
     [
      128.466471,
      37.186736
     ],
     [
      128.466572,
      37.186696
     ],
     [
      128.466672,
      37.186656
     ],
     [
      128.466773,
      37.186615
     ],
     [
      128.466874,
      37.186575
     ],
     [
      128.466974,
      37.186534
     ],
     [
      128.467075,
      37.186494
     ],
     [
      128.467175,
      37.186453
     ],
     [
      128.467276,
      37.186413
     ],
     [
      128.467277,
      37.186413
     ],
     [
      128.467322,
      37.186331
     ],
     [
      128.467368,
      37.186249
     ],
     [
      128.467414,
      37.186167
     ],
     [
      128.467461,
      37.186084
     ],
     [
      128.467507,
      37.186002
     ],
     [
      128.467553,
      37.18592
     ],
     [
      128.467599,
      37.185838
     ],
     [
      128.467634,
      37.185774
     ],
     [
      128.467659,
      37.185773
     ],
     [
      128.467772,
      37.18577
     ],
     [
      128.467885,
      37.185768
     ],
     [
      128.467997,
      37.185765
     ],
     [
      128.46811,
      37.185762
     ],
     [
      128.468222,
      37.18576
     ],
     [
      128.468335,
      37.185757
     ],
     [
      128.468447,
      37.185754
     ],
     [
      128.46856,
      37.185751
     ],
     [
      128.468673,
      37.185749
     ],
     [
      128.468785,
      37.185746
     ],
     [
      128.468898,
      37.185743
     ],
     [
      128.46901,
      37.185741
     ],
     [
      128.469123,
      37.185738
     ],
     [
      128.469235,
      37.185735
     ],
     [
      128.469348,
      37.185733
     ],
     [
      128.469461,
      37.18573
     ],
     [
      128.46947,
      37.18573
     ],
     [
      128.469568,
      37.185756
     ],
     [
      128.469675,
      37.185784
     ],
     [
      128.469782,
      37.185813
     ],
     [
      128.469888,
      37.185841
     ],
     [
      128.469995,
      37.18587
     ],
     [
      128.470102,
      37.185898
     ],
     [
      128.470209,
      37.185927
     ],
     [
      128.470316,
      37.185955
     ],
     [
      128.470423,
      37.185983
     ],
     [
      128.47053,
      37.186012
     ],
     [
      128.470636,
      37.18604
     ],
     [
      128.470743,
      37.186069
     ],
     [
      128.47085,
      37.186097
     ],
     [
      128.470957,
      37.186126
     ],
     [
      128.471064,
      37.186154
     ],
     [
      128.471171,
      37.186183
     ],
     [
      128.471277,
      37.186211
     ],
     [
      128.471384,
      37.18624
     ],
     [
      128.471491,
      37.186268
     ],
     [
      128.471596,
      37.186296
     ],
     [
      128.471606,
      37.186254
     ],
     [
      128.471629,
      37.186166
     ],
     [
      128.471652,
      37.186078
     ],
     [
      128.471675,
      37.18599
     ],
     [
      128.471698,
      37.185901
     ],
     [
      128.471721,
      37.185813
     ],
     [
      128.471744,
      37.185725
     ],
     [
      128.471767,
      37.185637
     ],
     [
      128.471789,
      37.185549
     ],
     [
      128.471812,
      37.18546
     ],
     [
      128.471835,
      37.185372
     ],
     [
      128.471858,
      37.185284
     ],
     [
      128.471881,
      37.185196
     ],
     [
      128.471904,
      37.185107
     ],
     [
      128.471927,
      37.185019
     ],
     [
      128.47195,
      37.184931
     ],
     [
      128.471972,
      37.184843
     ],
     [
      128.471995,
      37.184754
     ],
     [
      128.472018,
      37.184666
     ],
     [
      128.472041,
      37.184578
     ],
     [
      128.472045,
      37.184562
     ],
     [
      128.472097,
      37.184501
     ],
     [
      128.472161,
      37.184427
     ],
     [
      128.472225,
      37.184352
     ],
     [
      128.472288,
      37.184278
     ],
     [
      128.472352,
      37.184204
     ],
     [
      128.472416,
      37.18413
     ],
     [
      128.472479,
      37.184055
     ],
     [
      128.472543,
      37.183981
     ],
     [
      128.472607,
      37.183907
     ],
     [
      128.47267,
      37.183832
     ],
     [
      128.472734,
      37.183758
     ],
     [
      128.472798,
      37.183684
     ],
     [
      128.472862,
      37.183609
     ],
     [
      128.472925,
      37.183535
     ],
     [
      128.472989,
      37.183461
     ],
     [
      128.473053,
      37.183386
     ],
     [
      128.473116,
      37.183312
     ],
     [
      128.47318,
      37.183238
     ],
     [
      128.473202,
      37.183213
     ],
     [
      128.473195,
      37.183211
     ],
     [
      128.473087,
      37.183187
     ],
     [
      128.472978,
      37.183163
     ],
     [
      128.47287,
      37.183139
     ],
     [
      128.472761,
      37.183115
     ],
     [
      128.472653,
      37.183091
     ],
     [
      128.472623,
      37.183084
     ],
     [
      128.472541,
      37.183084
     ],
     [
      128.472428,
      37.183084
     ],
     [
      128.472316,
      37.183084
     ],
     [
      128.472203,
      37.183084
     ],
     [
      128.472091,
      37.183084
     ],
     [
      128.471978,
      37.183084
     ],
     [
      128.471865,
      37.183084
     ],
     [
      128.471753,
      37.183084
     ],
     [
      128.47164,
      37.183084
     ],
     [
      128.471528,
      37.183084
     ],
     [
      128.471415,
      37.183084
     ],
     [
      128.471302,
      37.183084
     ],
     [
      128.47119,
      37.183084
     ],
     [
      128.471146,
      37.183084
     ],
     [
      128.47109,
      37.183052
     ],
     [
      128.470998,
      37.183
     ],
     [
      128.470907,
      37.182947
     ],
     [
      128.470815,
      37.182895
     ],
     [
      128.470723,
      37.182843
     ],
     [
      128.470632,
      37.18279
     ],
     [
      128.47054,
      37.182738
     ],
     [
      128.470448,
      37.182686
     ],
     [
      128.470357,
      37.182633
     ],
     [
      128.470265,
      37.182581
     ],
     [
      128.470173,
      37.182528
     ],
     [
      128.470082,
      37.182476
     ],
     [
      128.470027,
      37.182445
     ],
     [
      128.469982,
      37.182442
     ],
     [
      128.46987,
      37.182433
     ],
     [
      128.469758,
      37.182425
     ],
     [
      128.469645,
      37.182416
     ],
     [
      128.469533,
      37.182408
     ],
     [
      128.469421,
      37.1824
     ],
     [
      128.469309,
      37.182391
     ],
     [
      128.469197,
      37.182383
     ],
     [
      128.469085,
      37.182375
     ],
     [
      128.468973,
      37.182366
     ],
     [
      128.468861,
      37.182358
     ],
     [
      128.468748,
      37.182349
     ],
     [
      128.468636,
      37.182341
     ],
     [
      128.468524,
      37.182333
     ],
     [
      128.468412,
      37.182324
     ],
     [
      128.4683,
      37.182316
     ],
     [
      128.468188,
      37.182308
     ],
     [
      128.468076,
      37.182299
     ],
     [
      128.467964,
      37.182291
     ],
     [
      128.467851,
      37.182282
     ],
     [
      128.467788,
      37.182278
     ],
     [
      128.467746,
      37.182258
     ],
     [
      128.467648,
      37.182213
     ],
     [
      128.46755,
      37.182169
     ],
     [
      128.467452,
      37.182124
     ],
     [
      128.467355,
      37.182079
     ],
     [
      128.467257,
      37.182034
     ],
     [
      128.467159,
      37.18199
     ],
     [
      128.467061,
      37.181945
     ],
     [
      128.466964,
      37.1819
     ],
     [
      128.466866,
      37.181855
     ],
     [
      128.466768,
      37.181811
     ],
     [
      128.466671,
      37.181766
     ],
     [
      128.466573,
      37.181721
     ],
     [
      128.466475,
      37.181676
     ],
     [
      128.466377,
      37.181632
     ],
     [
      128.46628,
      37.181587
     ],
     [
      128.466182,
      37.181542
     ],
     [
      128.466084,
      37.181497
     ],
     [
      128.465986,
      37.181452
     ],
     [
      128.465889,
      37.181408
     ],
     [
      128.465851,
      37.18139
     ],
     [
      128.465782,
      37.181391
     ],
     [
      128.465669,
      37.181393
     ],
     [
      128.465557,
      37.181395
     ],
     [
      128.465444,
      37.181396
     ],
     [
      128.465331,
      37.181398
     ],
     [
      128.465219,
      37.1814
     ],
     [
      128.465106,
      37.181401
     ],
     [
      128.464994,
      37.181403
     ],
     [
      128.464881,
      37.181405
     ],
     [
      128.464768,
      37.181407
     ],
     [
      128.464656,
      37.181408
     ],
     [
      128.464543,
      37.18141
     ],
     [
      128.464431,
      37.181412
     ],
     [
      128.464318,
      37.181413
     ],
     [
      128.464273,
      37.181414
     ],
     [
      128.464211,
      37.181393
     ],
     [
      128.464108,
      37.181357
     ],
     [
      128.464005,
      37.181321
     ],
     [
      128.463901,
      37.181285
     ],
     [
      128.463798,
      37.181249
     ],
     [
      128.463695,
      37.181213
     ],
     [
      128.463591,
      37.181177
     ],
     [
      128.463488,
      37.181141
     ],
     [
      128.463385,
      37.181105
     ],
     [
      128.463282,
      37.181069
     ],
     [
      128.463178,
      37.181033
     ],
     [
      128.463075,
      37.180997
     ],
     [
      128.462972,
      37.180961
     ],
     [
      128.46291,
      37.18094
     ],
     [
      128.462865,
      37.180941
     ],
     [
      128.462752,
      37.180945
     ],
     [
      128.46264,
      37.180948
     ],
     [
      128.462527,
      37.180952
     ],
     [
      128.462415,
      37.180955
     ],
     [
      128.462302,
      37.180959
     ],
     [
      128.46219,
      37.180962
     ],
     [
      128.462077,
      37.180966
     ],
     [
      128.461965,
      37.180969
     ],
     [
      128.461891,
      37.180972
     ],
     [
      128.461854,
      37.180981
     ],
     [
      128.461747,
      37.181009
     ],
     [
      128.46164,
      37.181037
     ],
     [
      128.461533,
      37.181065
     ],
     [
      128.461426,
      37.181093
     ],
     [
      128.461319,
      37.181121
     ],
     [
      128.461211,
      37.181148
     ],
     [
      128.461104,
      37.181176
     ],
     [
      128.460997,
      37.181204
     ],
     [
      128.460977,
      37.181209
     ],
     [
      128.460934,
      37.181274
     ],
     [
      128.46088,
      37.181353
     ],
     [
      128.460827,
      37.181432
     ],
     [
      128.460773,
      37.181512
     ],
     [
      128.46072,
      37.181591
     ],
     [
      128.460666,
      37.18167
     ],
     [
      128.460613,
      37.18175
     ],
     [
      128.46056,
      37.181829
     ],
     [
      128.460506,
      37.181908
     ],
     [
      128.460453,
      37.181988
     ],
     [
      128.46042,
      37.182036
     ],
     [
      128.460385,
      37.182057
     ],
     [
      128.460294,
      37.18211
     ],
     [
      128.460204,
      37.182164
     ],
     [
      128.460113,
      37.182217
     ],
     [
      128.460022,
      37.182271
     ],
     [
      128.459932,
      37.182324
     ],
     [
      128.459841,
      37.182378
     ],
     [
      128.45975,
      37.182431
     ],
     [
      128.45966,
      37.182485
     ],
     [
      128.459569,
      37.182538
     ],
     [
      128.459479,
      37.182592
     ],
     [
      128.459467,
      37.182598
     ],
     [
      128.459417,
      37.182666
     ],
     [
      128.45936,
      37.182744
     ],
     [
      128.459303,
      37.182822
     ],
     [
      128.459246,
      37.182899
     ],
     [
      128.459189,
      37.182977
     ],
     [
      128.459131,
      37.183055
     ],
     [
      128.459074,
      37.183132
     ],
     [
      128.459017,
      37.18321
     ],
     [
      128.45896,
      37.183288
     ],
     [
      128.458903,
      37.183365
     ],
     [
      128.458846,
      37.183443
     ],
     [
      128.458788,
      37.18352
     ],
     [
      128.458731,
      37.183598
     ],
     [
      128.458684,
      37.183662
     ],
     [
      128.458673,
      37.183675
     ],
     [
      128.45861,
      37.18375
     ],
     [
      128.458547,
      37.183825
     ],
     [
      128.458484,
      37.183899
     ],
     [
      128.458421,
      37.183974
     ],
     [
      128.458358,
      37.184048
     ],
     [
      128.458295,
      37.184123
     ],
     [
      128.458232,
      37.184198
     ],
     [
      128.458169,
      37.184272
     ],
     [
      128.458106,
      37.184347
     ],
     [
      128.458043,
      37.184422
     ],
     [
      128.45798,
      37.184496
     ],
     [
      128.457916,
      37.184571
     ],
     [
      128.457853,
      37.184646
     ],
     [
      128.45779,
      37.18472
     ],
     [
      128.457727,
      37.184795
     ],
     [
      128.457664,
      37.18487
     ],
     [
      128.457601,
      37.184944
     ],
     [
      128.457538,
      37.185019
     ],
     [
      128.457507,
      37.185056
     ],
     [
      128.457453,
      37.185041
     ],
     [
      128.457347,
      37.18501
     ],
     [
      128.457241,
      37.18498
     ],
     [
      128.457135,
      37.184949
     ],
     [
      128.457029,
      37.184919
     ],
     [
      128.456923,
      37.184889
     ],
     [
      128.456817,
      37.184858
     ],
     [
      128.456745,
      37.184838
     ],
     [
      128.456711,
      37.184829
     ],
     [
      128.456603,
      37.184803
     ],
     [
      128.456495,
      37.184777
     ],
     [
      128.456387,
      37.184751
     ],
     [
      128.45628,
      37.184725
     ],
     [
      128.456172,
      37.184698
     ],
     [
      128.456064,
      37.184672
     ],
     [
      128.455956,
      37.184646
     ],
     [
      128.455848,
      37.18462
     ],
     [
      128.455741,
      37.184594
     ],
     [
      128.455635,
      37.184568
     ],
     [
      128.455633,
      37.184569
     ],
     [
      128.455536,
      37.184614
     ],
     [
      128.455439,
      37.18466
     ],
     [
      128.455342,
      37.184705
     ],
     [
      128.455244,
      37.184751
     ],
     [
      128.455147,
      37.184797
     ],
     [
      128.45505,
      37.184842
     ],
     [
      128.454953,
      37.184888
     ],
     [
      128.454856,
      37.184933
     ],
     [
      128.454759,
      37.184979
     ],
     [
      128.454661,
      37.185024
     ],
     [
      128.454564,
      37.18507
     ],
     [
      128.454467,
      37.185115
     ],
     [
      128.45437,
      37.185161
     ],
     [
      128.454273,
      37.185206
     ],
     [
      128.454227,
      37.185228
     ],
     [
      128.454169,
      37.185237
     ],
     [
      128.454058,
      37.185256
     ],
     [
      128.453948,
      37.185274
     ],
     [
      128.453838,
      37.185292
     ],
     [
      128.453727,
      37.18531
     ],
     [
      128.453617,
      37.185328
     ],
     [
      128.453507,
      37.185346
     ],
     [
      128.453396,
      37.185364
     ],
     [
      128.453286,
      37.185382
     ],
     [
      128.453265,
      37.185386
     ],
     [
      128.45319,
      37.185344
     ],
     [
      128.453098,
      37.185293
     ],
     [
      128.453005,
      37.185241
     ],
     [
      128.452913,
      37.18519
     ],
     [
      128.45282,
      37.185138
     ],
     [
      128.452728,
      37.185087
     ],
     [
      128.452635,
      37.185035
     ],
     [
      128.452543,
      37.184984
     ],
     [
      128.45245,
      37.184932
     ],
     [
      128.452358,
      37.184881
     ],
     [
      128.452266,
      37.18483
     ],
     [
      128.452173,
      37.184778
     ],
     [
      128.452081,
      37.184727
     ],
     [
      128.452029,
      37.184698
     ],
     [
      128.451993,
      37.18467
     ],
     [
      128.451913,
      37.184607
     ],
     [
      128.451832,
      37.184544
     ],
     [
      128.451752,
      37.184481
     ],
     [
      128.451671,
      37.184418
     ],
     [
      128.451591,
      37.184355
     ],
     [
      128.45151,
      37.184292
     ],
     [
      128.451429,
      37.18423
     ],
     [
      128.451349,
      37.184167
     ],
     [
      128.451268,
      37.184104
     ],
     [
      128.451188,
      37.184041
     ],
     [
      128.451107,
      37.183978
     ],
     [
      128.451026,
      37.183915
     ],
     [
      128.450946,
      37.183852
     ],
     [
      128.450865,
      37.183789
     ],
     [
      128.450863,
      37.183788
     ],
     [
      128.450806,
      37.183713
     ],
     [
      128.450747,
      37.183636
     ],
     [
      128.450688,
      37.183559
     ],
     [
      128.450629,
      37.183482
     ],
     [
      128.45057,
      37.183405
     ],
     [
      128.450511,
      37.183329
     ],
     [
      128.450452,
      37.183252
     ],
     [
      128.450393,
      37.183175
     ],
     [
      128.450334,
      37.183098
     ],
     [
      128.450275,
      37.183022
     ],
     [
      128.450216,
      37.182945
     ],
     [
      128.450157,
      37.182868
     ],
     [
      128.450098,
      37.182791
     ],
     [
      128.450076,
      37.182763
     ],
     [
      128.450041,
      37.182714
     ],
     [
      128.449984,
      37.182636
     ],
     [
      128.449927,
      37.182558
     ],
     [
      128.44987,
      37.182481
     ],
     [
      128.449813,
      37.182403
     ],
     [
      128.449757,
      37.182325
     ],
     [
      128.4497,
      37.182247
     ],
     [
      128.449643,
      37.182169
     ],
     [
      128.449586,
      37.182091
     ],
     [
      128.449529,
      37.182014
     ],
     [
      128.449473,
      37.181936
     ],
     [
      128.449416,
      37.181858
     ],
     [
      128.449359,
      37.18178
     ],
     [
      128.449302,
      37.181702
     ],
     [
      128.449245,
      37.181625
     ],
     [
      128.449189,
      37.181547
     ],
     [
      128.449132,
      37.181469
     ],
     [
      128.449075,
      37.181391
     ],
     [
      128.449018,
      37.181313
     ],
     [
      128.448961,
      37.181236
     ],
     [
      128.448905,
      37.181158
     ],
     [
      128.448848,
      37.18108
     ],
     [
      128.448791,
      37.181002
     ],
     [
      128.448734,
      37.180924
     ],
     [
      128.448677,
      37.180847
     ],
     [
      128.448621,
      37.180769
     ],
     [
      128.448564,
      37.180691
     ],
     [
      128.448508,
      37.180615
     ],
     [
      128.448506,
      37.180614
     ],
     [
      128.448416,
      37.180559
     ],
     [
      128.448327,
      37.180505
     ],
     [
      128.448237,
      37.180451
     ],
     [
      128.448147,
      37.180397
     ],
     [
      128.448057,
      37.180343
     ],
     [
      128.447967,
      37.180288
     ],
     [
      128.447877,
      37.180234
     ],
     [
      128.447787,
      37.18018
     ],
     [
      128.447697,
      37.180126
     ],
     [
      128.447607,
      37.180071
     ],
     [
      128.447517,
      37.180017
     ],
     [
      128.447427,
      37.179963
     ],
     [
      128.447337,
      37.179909
     ],
     [
      128.447247,
      37.179855
     ],
     [
      128.447157,
      37.1798
     ],
     [
      128.447067,
      37.179746
     ],
     [
      128.446977,
      37.179692
     ],
     [
      128.446887,
      37.179638
     ],
     [
      128.446835,
      37.179606
     ],
     [
      128.446803,
      37.179579
     ],
     [
      128.446835,
      37.179606
     ],
     [
      128.446887,
      37.179638
     ],
     [
      128.446977,
      37.179692
     ],
     [
      128.447067,
      37.179746
     ],
     [
      128.447157,
      37.1798
     ],
     [
      128.447247,
      37.179855
     ],
     [
      128.447337,
      37.179909
     ],
     [
      128.447427,
      37.179963
     ],
     [
      128.447517,
      37.180017
     ],
     [
      128.447607,
      37.180071
     ],
     [
      128.447697,
      37.180126
     ],
     [
      128.447787,
      37.18018
     ],
     [
      128.447877,
      37.180234
     ],
     [
      128.447967,
      37.180288
     ],
     [
      128.448057,
      37.180343
     ],
     [
      128.448147,
      37.180397
     ],
     [
      128.448237,
      37.180451
     ],
     [
      128.448327,
      37.180505
     ],
     [
      128.448416,
      37.180559
     ],
     [
      128.448506,
      37.180614
     ],
     [
      128.448508,
      37.180615
     ],
     [
      128.448564,
      37.180691
     ],
     [
      128.448621,
      37.180769
     ],
     [
      128.448677,
      37.180847
     ],
     [
      128.448734,
      37.180924
     ],
     [
      128.448791,
      37.181002
     ],
     [
      128.448848,
      37.18108
     ],
     [
      128.448905,
      37.181158
     ],
     [
      128.448961,
      37.181236
     ],
     [
      128.449018,
      37.181313
     ],
     [
      128.449075,
      37.181391
     ],
     [
      128.449132,
      37.181469
     ],
     [
      128.449189,
      37.181547
     ],
     [
      128.449245,
      37.181625
     ],
     [
      128.449302,
      37.181702
     ],
     [
      128.449359,
      37.18178
     ],
     [
      128.449416,
      37.181858
     ],
     [
      128.449473,
      37.181936
     ],
     [
      128.449529,
      37.182014
     ],
     [
      128.449586,
      37.182091
     ],
     [
      128.449643,
      37.182169
     ],
     [
      128.4497,
      37.182247
     ],
     [
      128.449757,
      37.182325
     ],
     [
      128.449813,
      37.182403
     ],
     [
      128.44987,
      37.182481
     ],
     [
      128.449927,
      37.182558
     ],
     [
      128.449984,
      37.182636
     ],
     [
      128.450041,
      37.182714
     ],
     [
      128.450076,
      37.182763
     ],
     [
      128.450098,
      37.182791
     ],
     [
      128.450157,
      37.182868
     ],
     [
      128.450216,
      37.182945
     ],
     [
      128.450275,
      37.183022
     ],
     [
      128.450334,
      37.183098
     ],
     [
      128.450393,
      37.183175
     ],
     [
      128.450452,
      37.183252
     ],
     [
      128.450511,
      37.183329
     ],
     [
      128.45057,
      37.183405
     ],
     [
      128.450629,
      37.183482
     ],
     [
      128.450688,
      37.183559
     ],
     [
      128.450747,
      37.183636
     ],
     [
      128.450806,
      37.183713
     ],
     [
      128.450863,
      37.183788
     ],
     [
      128.450865,
      37.183789
     ],
     [
      128.450946,
      37.183852
     ],
     [
      128.451026,
      37.183915
     ],
     [
      128.451107,
      37.183978
     ],
     [
      128.451188,
      37.184041
     ],
     [
      128.451268,
      37.184104
     ],
     [
      128.451349,
      37.184167
     ],
     [
      128.451429,
      37.18423
     ],
     [
      128.45151,
      37.184292
     ],
     [
      128.451591,
      37.184355
     ],
     [
      128.451671,
      37.184418
     ],
     [
      128.451752,
      37.184481
     ],
     [
      128.451832,
      37.184544
     ],
     [
      128.451913,
      37.184607
     ],
     [
      128.451993,
      37.18467
     ],
     [
      128.452029,
      37.184698
     ],
     [
      128.452081,
      37.184727
     ],
     [
      128.452173,
      37.184778
     ],
     [
      128.452266,
      37.18483
     ],
     [
      128.452358,
      37.184881
     ],
     [
      128.45245,
      37.184932
     ],
     [
      128.452543,
      37.184984
     ],
     [
      128.452635,
      37.185035
     ],
     [
      128.452728,
      37.185087
     ],
     [
      128.45282,
      37.185138
     ],
     [
      128.452913,
      37.18519
     ],
     [
      128.453005,
      37.185241
     ],
     [
      128.453098,
      37.185293
     ],
     [
      128.45319,
      37.185344
     ],
     [
      128.453265,
      37.185386
     ],
     [
      128.453286,
      37.185382
     ],
     [
      128.453396,
      37.185364
     ],
     [
      128.453507,
      37.185346
     ],
     [
      128.453617,
      37.185328
     ],
     [
      128.453727,
      37.18531
     ],
     [
      128.453838,
      37.185292
     ],
     [
      128.453948,
      37.185274
     ],
     [
      128.454058,
      37.185256
     ],
     [
      128.454169,
      37.185237
     ],
     [
      128.454227,
      37.185228
     ],
     [
      128.454273,
      37.185206
     ],
     [
      128.45437,
      37.185161
     ],
     [
      128.454467,
      37.185115
     ],
     [
      128.454564,
      37.18507
     ],
     [
      128.454661,
      37.185024
     ],
     [
      128.454759,
      37.184979
     ],
     [
      128.454856,
      37.184933
     ],
     [
      128.454953,
      37.184888
     ],
     [
      128.45505,
      37.184842
     ],
     [
      128.455147,
      37.184797
     ],
     [
      128.455244,
      37.184751
     ],
     [
      128.455342,
      37.184705
     ],
     [
      128.455439,
      37.18466
     ],
     [
      128.455536,
      37.184614
     ],
     [
      128.455633,
      37.184569
     ],
     [
      128.455635,
      37.184568
     ],
     [
      128.455741,
      37.184594
     ],
     [
      128.455848,
      37.18462
     ],
     [
      128.455956,
      37.184646
     ],
     [
      128.456064,
      37.184672
     ],
     [
      128.456172,
      37.184698
     ],
     [
      128.45628,
      37.184725
     ],
     [
      128.456387,
      37.184751
     ],
     [
      128.456495,
      37.184777
     ],
     [
      128.456603,
      37.184803
     ],
     [
      128.456711,
      37.184829
     ],
     [
      128.456745,
      37.184838
     ],
     [
      128.456817,
      37.184858
     ],
     [
      128.456923,
      37.184889
     ],
     [
      128.457029,
      37.184919
     ],
     [
      128.457135,
      37.184949
     ],
     [
      128.457241,
      37.18498
     ],
     [
      128.457347,
      37.18501
     ],
     [
      128.457453,
      37.185041
     ],
     [
      128.457507,
      37.185056
     ],
     [
      128.457538,
      37.185019
     ],
     [
      128.457601,
      37.184944
     ],
     [
      128.457664,
      37.18487
     ],
     [
      128.457727,
      37.184795
     ],
     [
      128.45779,
      37.18472
     ],
     [
      128.457853,
      37.184646
     ],
     [
      128.457916,
      37.184571
     ],
     [
      128.45798,
      37.184496
     ],
     [
      128.458043,
      37.184422
     ],
     [
      128.458106,
      37.184347
     ],
     [
      128.458169,
      37.184272
     ],
     [
      128.458232,
      37.184198
     ],
     [
      128.458295,
      37.184123
     ],
     [
      128.458358,
      37.184048
     ],
     [
      128.458421,
      37.183974
     ],
     [
      128.458484,
      37.183899
     ],
     [
      128.458547,
      37.183825
     ],
     [
      128.45861,
      37.18375
     ],
     [
      128.458673,
      37.183675
     ],
     [
      128.458684,
      37.183662
     ],
     [
      128.458731,
      37.183598
     ],
     [
      128.458788,
      37.18352
     ],
     [
      128.458846,
      37.183443
     ],
     [
      128.458903,
      37.183365
     ],
     [
      128.45896,
      37.183288
     ],
     [
      128.459017,
      37.18321
     ],
     [
      128.459074,
      37.183132
     ],
     [
      128.459131,
      37.183055
     ],
     [
      128.459189,
      37.182977
     ],
     [
      128.459246,
      37.182899
     ],
     [
      128.459303,
      37.182822
     ],
     [
      128.45936,
      37.182744
     ],
     [
      128.459417,
      37.182666
     ],
     [
      128.459467,
      37.182598
     ],
     [
      128.459479,
      37.182592
     ],
     [
      128.459569,
      37.182538
     ],
     [
      128.45966,
      37.182485
     ],
     [
      128.45975,
      37.182431
     ],
     [
      128.459841,
      37.182378
     ],
     [
      128.459932,
      37.182324
     ],
     [
      128.460022,
      37.182271
     ],
     [
      128.460113,
      37.182217
     ],
     [
      128.460204,
      37.182164
     ],
     [
      128.460294,
      37.18211
     ],
     [
      128.460385,
      37.182057
     ],
     [
      128.46042,
      37.182036
     ],
     [
      128.460453,
      37.181988
     ],
     [
      128.460506,
      37.181908
     ],
     [
      128.46056,
      37.181829
     ],
     [
      128.460613,
      37.18175
     ],
     [
      128.460666,
      37.18167
     ],
     [
      128.46072,
      37.181591
     ],
     [
      128.460773,
      37.181512
     ],
     [
      128.460827,
      37.181432
     ],
     [
      128.46088,
      37.181353
     ],
     [
      128.460934,
      37.181274
     ],
     [
      128.460977,
      37.181209
     ],
     [
      128.460997,
      37.181204
     ],
     [
      128.461104,
      37.181176
     ],
     [
      128.461211,
      37.181148
     ],
     [
      128.461319,
      37.181121
     ],
     [
      128.461426,
      37.181093
     ],
     [
      128.461533,
      37.181065
     ],
     [
      128.46164,
      37.181037
     ],
     [
      128.461747,
      37.181009
     ],
     [
      128.461854,
      37.180981
     ],
     [
      128.461891,
      37.180972
     ],
     [
      128.461965,
      37.180969
     ],
     [
      128.462077,
      37.180966
     ],
     [
      128.46219,
      37.180962
     ],
     [
      128.462302,
      37.180959
     ],
     [
      128.462415,
      37.180955
     ],
     [
      128.462527,
      37.180952
     ],
     [
      128.46264,
      37.180948
     ],
     [
      128.462752,
      37.180945
     ],
     [
      128.462865,
      37.180941
     ],
     [
      128.46291,
      37.18094
     ],
     [
      128.462972,
      37.180961
     ],
     [
      128.463075,
      37.180997
     ],
     [
      128.463178,
      37.181033
     ],
     [
      128.463282,
      37.181069
     ],
     [
      128.463385,
      37.181105
     ],
     [
      128.463488,
      37.181141
     ],
     [
      128.463591,
      37.181177
     ],
     [
      128.463695,
      37.181213
     ],
     [
      128.463798,
      37.181249
     ],
     [
      128.463901,
      37.181285
     ],
     [
      128.464005,
      37.181321
     ],
     [
      128.464108,
      37.181357
     ],
     [
      128.464211,
      37.181393
     ],
     [
      128.464273,
      37.181414
     ],
     [
      128.464318,
      37.181413
     ],
     [
      128.464431,
      37.181412
     ],
     [
      128.464543,
      37.18141
     ],
     [
      128.464656,
      37.181408
     ],
     [
      128.464768,
      37.181407
     ],
     [
      128.464881,
      37.181405
     ],
     [
      128.464994,
      37.181403
     ],
     [
      128.465106,
      37.181401
     ],
     [
      128.465219,
      37.1814
     ],
     [
      128.465331,
      37.181398
     ],
     [
      128.465444,
      37.181396
     ],
     [
      128.465557,
      37.181395
     ],
     [
      128.465669,
      37.181393
     ],
     [
      128.465782,
      37.181391
     ],
     [
      128.465851,
      37.18139
     ],
     [
      128.465889,
      37.181408
     ],
     [
      128.465986,
      37.181452
     ],
     [
      128.466084,
      37.181497
     ],
     [
      128.466182,
      37.181542
     ],
     [
      128.46628,
      37.181587
     ],
     [
      128.466377,
      37.181632
     ],
     [
      128.466475,
      37.181676
     ],
     [
      128.466573,
      37.181721
     ],
     [
      128.466671,
      37.181766
     ],
     [
      128.466768,
      37.181811
     ],
     [
      128.466866,
      37.181855
     ],
     [
      128.466964,
      37.1819
     ],
     [
      128.467061,
      37.181945
     ],
     [
      128.467159,
      37.18199
     ],
     [
      128.467257,
      37.182034
     ],
     [
      128.467355,
      37.182079
     ],
     [
      128.467452,
      37.182124
     ],
     [
      128.46755,
      37.182169
     ],
     [
      128.467648,
      37.182213
     ],
     [
      128.467746,
      37.182258
     ],
     [
      128.467788,
      37.182278
     ],
     [
      128.467851,
      37.182282
     ],
     [
      128.467964,
      37.182291
     ],
     [
      128.468076,
      37.182299
     ],
     [
      128.468188,
      37.182308
     ],
     [
      128.4683,
      37.182316
     ],
     [
      128.468412,
      37.182324
     ],
     [
      128.468524,
      37.182333
     ],
     [
      128.468636,
      37.182341
     ],
     [
      128.468748,
      37.182349
     ],
     [
      128.468861,
      37.182358
     ],
     [
      128.468973,
      37.182366
     ],
     [
      128.469085,
      37.182375
     ],
     [
      128.469197,
      37.182383
     ],
     [
      128.469309,
      37.182391
     ],
     [
      128.469421,
      37.1824
     ],
     [
      128.469533,
      37.182408
     ],
     [
      128.469645,
      37.182416
     ],
     [
      128.469758,
      37.182425
     ],
     [
      128.46987,
      37.182433
     ],
     [
      128.469982,
      37.182442
     ],
     [
      128.470027,
      37.182445
     ],
     [
      128.470082,
      37.182476
     ],
     [
      128.470173,
      37.182528
     ],
     [
      128.470265,
      37.182581
     ],
     [
      128.470357,
      37.182633
     ],
     [
      128.470448,
      37.182686
     ],
     [
      128.47054,
      37.182738
     ],
     [
      128.470632,
      37.18279
     ],
     [
      128.470723,
      37.182843
     ],
     [
      128.470815,
      37.182895
     ],
     [
      128.470907,
      37.182947
     ],
     [
      128.470998,
      37.183
     ],
     [
      128.47109,
      37.183052
     ],
     [
      128.471146,
      37.183084
     ],
     [
      128.47119,
      37.183084
     ],
     [
      128.471302,
      37.183084
     ],
     [
      128.471415,
      37.183084
     ],
     [
      128.471528,
      37.183084
     ],
     [
      128.47164,
      37.183084
     ],
     [
      128.471753,
      37.183084
     ],
     [
      128.471865,
      37.183084
     ],
     [
      128.471978,
      37.183084
     ],
     [
      128.472091,
      37.183084
     ],
     [
      128.472203,
      37.183084
     ],
     [
      128.472316,
      37.183084
     ],
     [
      128.472428,
      37.183084
     ],
     [
      128.472541,
      37.183084
     ],
     [
      128.472623,
      37.183084
     ],
     [
      128.472653,
      37.183091
     ],
     [
      128.472761,
      37.183115
     ],
     [
      128.47287,
      37.183139
     ],
     [
      128.472978,
      37.183163
     ],
     [
      128.473087,
      37.183187
     ],
     [
      128.473195,
      37.183211
     ],
     [
      128.473202,
      37.183213
     ],
     [
      128.47318,
      37.183238
     ],
     [
      128.473116,
      37.183312
     ],
     [
      128.473053,
      37.183386
     ],
     [
      128.472989,
      37.183461
     ],
     [
      128.472925,
      37.183535
     ],
     [
      128.472862,
      37.183609
     ],
     [
      128.472798,
      37.183684
     ],
     [
      128.472734,
      37.183758
     ],
     [
      128.47267,
      37.183832
     ],
     [
      128.472607,
      37.183907
     ],
     [
      128.472543,
      37.183981
     ],
     [
      128.472479,
      37.184055
     ],
     [
      128.472416,
      37.18413
     ],
     [
      128.472352,
      37.184204
     ],
     [
      128.472288,
      37.184278
     ],
     [
      128.472225,
      37.184352
     ],
     [
      128.472161,
      37.184427
     ],
     [
      128.472097,
      37.184501
     ],
     [
      128.472045,
      37.184562
     ],
     [
      128.472041,
      37.184578
     ],
     [
      128.472018,
      37.184666
     ],
     [
      128.471995,
      37.184754
     ],
     [
      128.471972,
      37.184843
     ],
     [
      128.47195,
      37.184931
     ],
     [
      128.471927,
      37.185019
     ],
     [
      128.471904,
      37.185107
     ],
     [
      128.471881,
      37.185196
     ],
     [
      128.471858,
      37.185284
     ],
     [
      128.471835,
      37.185372
     ],
     [
      128.471812,
      37.18546
     ],
     [
      128.471789,
      37.185549
     ],
     [
      128.471767,
      37.185637
     ],
     [
      128.471744,
      37.185725
     ],
     [
      128.471721,
      37.185813
     ],
     [
      128.471698,
      37.185901
     ],
     [
      128.471675,
      37.18599
     ],
     [
      128.471652,
      37.186078
     ],
     [
      128.471629,
      37.186166
     ],
     [
      128.471606,
      37.186254
     ],
     [
      128.471596,
      37.186296
     ],
     [
      128.471491,
      37.186268
     ],
     [
      128.471384,
      37.18624
     ],
     [
      128.471277,
      37.186211
     ],
     [
      128.471171,
      37.186183
     ],
     [
      128.471064,
      37.186154
     ],
     [
      128.470957,
      37.186126
     ],
     [
      128.47085,
      37.186097
     ],
     [
      128.470743,
      37.186069
     ],
     [
      128.470636,
      37.18604
     ],
     [
      128.47053,
      37.186012
     ],
     [
      128.470423,
      37.185983
     ],
     [
      128.470316,
      37.185955
     ],
     [
      128.470209,
      37.185927
     ],
     [
      128.470102,
      37.185898
     ],
     [
      128.469995,
      37.18587
     ],
     [
      128.469888,
      37.185841
     ],
     [
      128.469782,
      37.185813
     ],
     [
      128.469675,
      37.185784
     ],
     [
      128.469568,
      37.185756
     ],
     [
      128.46947,
      37.18573
     ],
     [
      128.469461,
      37.18573
     ],
     [
      128.469348,
      37.185733
     ],
     [
      128.469235,
      37.185735
     ],
     [
      128.4693,
      37.1863
     ]
    ]
   },
   "properties": {
    "kind": "leg",
    "id": "day2",
    "day": 2,
    "label": "주천 → 배일치 → 선돌 → 청령포",
    "direction": "outbound",
    "mode": "land",
    "distanceKm": 34.03,
    "pointCount": 3459
   }
  },
  {
   "type": "Feature",
   "geometry": {
    "type": "Point",
    "coordinates": [
     128.21699,
     37.26748
    ]
   },
   "properties": {
    "id": "solchi",
    "name": "솔치재",
    "day": 1,
    "confidence": "approx",
    "note": "원주 신림에서 영월 주천으로 넘는 고개 — 유배길의 영월 들머리. 1914년 고갯길 위치로 근사",
    "kind": "waypoint"
   }
  },
  {
   "type": "Feature",
   "geometry": {
    "type": "Point",
    "coordinates": [
     128.2712,
     37.2645
    ]
   },
   "properties": {
    "id": "jucheon",
    "name": "주천(공순원)",
    "day": 1,
    "confidence": "approx",
    "note": "공순원 주막에서 마지막 밤을 보냈다는 통설",
    "kind": "waypoint"
   }
  },
  {
   "type": "Feature",
   "geometry": {
    "type": "Point",
    "coordinates": [
     128.38683,
     37.21403
    ]
   },
   "properties": {
    "id": "baeilchi",
    "name": "배일치재",
    "day": 2,
    "confidence": "approx",
    "note": "단종이 서산에 지는 해를 향해 절했다는 고개. 1914년 고갯길 위치로 근사",
    "kind": "waypoint"
   }
  },
  {
   "type": "Feature",
   "geometry": {
    "type": "Point",
    "coordinates": [
     128.43306,
     37.20572
    ]
   },
   "properties": {
    "id": "seondol",
    "name": "선돌",
    "day": 2,
    "confidence": "verified",
    "note": "서강의 명승 — 유배길이 지나는 길목",
    "kind": "waypoint"
   }
  },
  {
   "type": "Feature",
   "geometry": {
    "type": "Point",
    "coordinates": [
     128.4693,
     37.1863
    ]
   },
   "properties": {
    "id": "cheongnyeongpo",
    "name": "청령포",
    "day": 2,
    "confidence": "verified",
    "note": "6월 28일 도착 — 삼면이 강, 한쪽은 절벽인 유배지",
    "kind": "waypoint"
   }
  }
 ]
}