{
 "type": "FeatureCollection",
 "properties": {
  "generatedBy": "data/scripts/bake_haenghaeng_route.py",
  "source": "근대 교통로 DB — 1914년 교통로(도로_1914_10m_5179_20250831) 최단경로",
  "sourceUrl": "https://www.hisgeo.info/wiki/근대_교통로_DB",
  "itinerarySource": "원행을묘정리의궤 기반 8일 일정",
  "disclaimer": "이 경로는 1914년 조선총독부 지형도 도로망 위에서 계산한 근사 경로입니다. 1795년 당시의 실제 행차로 그 자체는 아닙니다. 경유지는 『원행을묘정리의궤』의 일정 기록을 따르되, 행궁 터 등 일부 지점의 좌표는 현존하지 않아 근사 위치입니다.",
  "totalDistanceKm": 111.77,
  "baseDate": "1795-03-29T00:00:00Z",
  "dayPlan": [
   {
    "day": 1,
    "lunar": "윤2월 9일",
    "label": "창덕궁 → 배다리 → 시흥행궁",
    "legId": "day1",
    "startHour": 7
   },
   {
    "day": 2,
    "lunar": "윤2월 10일",
    "label": "시흥행궁 → 사근참 → 화성행궁",
    "legId": "day2",
    "startHour": 7
   },
   {
    "day": 3,
    "lunar": "윤2월 11일",
    "label": "화성향교 알성 · 문무과 별시",
    "legId": null,
    "startHour": 9
   },
   {
    "day": 4,
    "lunar": "윤2월 12일",
    "label": "현륭원 참배 · 서장대 야조",
    "legId": "day4",
    "startHour": 8
   },
   {
    "day": 5,
    "lunar": "윤2월 13일",
    "label": "봉수당 진찬연 (회갑연)",
    "legId": null,
    "startHour": 10
   },
   {
    "day": 6,
    "lunar": "윤2월 14일",
    "label": "신풍루 사미(진휼) · 낙남헌 양로연",
    "legId": null,
    "startHour": 9
   },
   {
    "day": 7,
    "lunar": "윤2월 15일",
    "label": "화성행궁 → 시흥행궁",
    "legId": "day7",
    "startHour": 7
   },
   {
    "day": 8,
    "lunar": "윤2월 16일",
    "label": "시흥행궁 → 창덕궁 환궁",
    "legId": "day8",
    "startHour": 7
   }
  ]
 },
 "features": [
  {
   "type": "Feature",
   "geometry": {
    "type": "LineString",
    "coordinates": [
     [
      126.9911,
      37.5792
     ],
     [
      126.989451,
      37.578012
     ],
     [
      126.989374,
      37.578079
     ],
     [
      126.989298,
      37.578145
     ],
     [
      126.989221,
      37.578212
     ],
     [
      126.989145,
      37.578278
     ],
     [
      126.989121,
      37.578298
     ],
     [
      126.989048,
      37.578276
     ],
     [
      126.988942,
      37.578244
     ],
     [
      126.988837,
      37.578211
     ],
     [
      126.988731,
      37.578179
     ],
     [
      126.988625,
      37.578147
     ],
     [
      126.988519,
      37.578114
     ],
     [
      126.988414,
      37.578082
     ],
     [
      126.988308,
      37.57805
     ],
     [
      126.988202,
      37.578018
     ],
     [
      126.988097,
      37.577985
     ],
     [
      126.987991,
      37.577953
     ],
     [
      126.987885,
      37.577921
     ],
     [
      126.98778,
      37.577888
     ],
     [
      126.987674,
      37.577856
     ],
     [
      126.987568,
      37.577824
     ],
     [
      126.987463,
      37.577792
     ],
     [
      126.987357,
      37.577759
     ],
     [
      126.987251,
      37.577727
     ],
     [
      126.987145,
      37.577695
     ],
     [
      126.98704,
      37.577662
     ],
     [
      126.986934,
      37.57763
     ],
     [
      126.986828,
      37.577598
     ],
     [
      126.986723,
      37.577566
     ],
     [
      126.986617,
      37.577533
     ],
     [
      126.986511,
      37.577501
     ],
     [
      126.986406,
      37.577469
     ],
     [
      126.9863,
      37.577436
     ],
     [
      126.986194,
      37.577404
     ],
     [
      126.986089,
      37.577372
     ],
     [
      126.985983,
      37.57734
     ],
     [
      126.985877,
      37.577307
     ],
     [
      126.985853,
      37.5773
     ],
     [
      126.985776,
      37.577267
     ],
     [
      126.985677,
      37.577224
     ],
     [
      126.985577,
      37.577181
     ],
     [
      126.985477,
      37.577139
     ],
     [
      126.985378,
      37.577096
     ],
     [
      126.985278,
      37.577053
     ],
     [
      126.985178,
      37.577011
     ],
     [
      126.985079,
      37.576968
     ],
     [
      126.984979,
      37.576925
     ],
     [
      126.984879,
      37.576882
     ],
     [
      126.98478,
      37.57684
     ],
     [
      126.98468,
      37.576797
     ],
     [
      126.98458,
      37.576754
     ],
     [
      126.984481,
      37.576711
     ],
     [
      126.984381,
      37.576669
     ],
     [
      126.984281,
      37.576626
     ],
     [
      126.984182,
      37.576583
     ],
     [
      126.984082,
      37.576541
     ],
     [
      126.983982,
      37.576498
     ],
     [
      126.983883,
      37.576455
     ],
     [
      126.983783,
      37.576412
     ],
     [
      126.983683,
      37.57637
     ],
     [
      126.983584,
      37.576327
     ],
     [
      126.983484,
      37.576284
     ],
     [
      126.983384,
      37.576241
     ],
     [
      126.983285,
      37.576199
     ],
     [
      126.983185,
      37.576156
     ],
     [
      126.983085,
      37.576113
     ],
     [
      126.982986,
      37.57607
     ],
     [
      126.982886,
      37.576028
     ],
     [
      126.982786,
      37.575985
     ],
     [
      126.982687,
      37.575942
     ],
     [
      126.982587,
      37.5759
     ],
     [
      126.982487,
      37.575857
     ],
     [
      126.982395,
      37.575817
     ],
     [
      126.982293,
      37.575844
     ],
     [
      126.982186,
      37.575873
     ],
     [
      126.982078,
      37.575901
     ],
     [
      126.981971,
      37.57593
     ],
     [
      126.981864,
      37.575958
     ],
     [
      126.981756,
      37.575987
     ],
     [
      126.981649,
      37.576015
     ],
     [
      126.981597,
      37.576029
     ],
     [
      126.981555,
      37.575996
     ],
     [
      126.981474,
      37.575933
     ],
     [
      126.981393,
      37.57587
     ],
     [
      126.981312,
      37.575807
     ],
     [
      126.981232,
      37.575744
     ],
     [
      126.981151,
      37.575681
     ],
     [
      126.98107,
      37.575618
     ],
     [
      126.980989,
      37.575555
     ],
     [
      126.980908,
      37.575492
     ],
     [
      126.980827,
      37.575429
     ],
     [
      126.980746,
      37.575366
     ],
     [
      126.980665,
      37.575303
     ],
     [
      126.980584,
      37.57524
     ],
     [
      126.980503,
      37.575177
     ],
     [
      126.980422,
      37.575114
     ],
     [
      126.980342,
      37.575051
     ],
     [
      126.980261,
      37.574988
     ],
     [
      126.98018,
      37.574925
     ],
     [
      126.980099,
      37.574862
     ],
     [
      126.980018,
      37.574799
     ],
     [
      126.979937,
      37.574736
     ],
     [
      126.979856,
      37.574673
     ],
     [
      126.979849,
      37.574668
     ],
     [
      126.979748,
      37.574649
     ],
     [
      126.979638,
      37.574629
     ],
     [
      126.979527,
      37.57461
     ],
     [
      126.979417,
      37.57459
     ],
     [
      126.979307,
      37.57457
     ],
     [
      126.979196,
      37.57455
     ],
     [
      126.979086,
      37.57453
     ],
     [
      126.978975,
      37.57451
     ],
     [
      126.978865,
      37.57449
     ],
     [
      126.978755,
      37.57447
     ],
     [
      126.978644,
      37.57445
     ],
     [
      126.978534,
      37.574431
     ],
     [
      126.978423,
      37.574411
     ],
     [
      126.978313,
      37.574391
     ],
     [
      126.978202,
      37.574371
     ],
     [
      126.978092,
      37.574351
     ],
     [
      126.977982,
      37.574331
     ],
     [
      126.977871,
      37.574311
     ],
     [
      126.977761,
      37.574291
     ],
     [
      126.97765,
      37.574272
     ],
     [
      126.97754,
      37.574252
     ],
     [
      126.97743,
      37.574232
     ],
     [
      126.977319,
      37.574212
     ],
     [
      126.977209,
      37.574192
     ],
     [
      126.977098,
      37.574172
     ],
     [
      126.977049,
      37.574163
     ],
     [
      126.977049,
      37.574099
     ],
     [
      126.977049,
      37.574009
     ],
     [
      126.977049,
      37.573919
     ],
     [
      126.97705,
      37.573829
     ],
     [
      126.97705,
      37.573739
     ],
     [
      126.97705,
      37.573649
     ],
     [
      126.977051,
      37.573559
     ],
     [
      126.977051,
      37.573469
     ],
     [
      126.977051,
      37.573378
     ],
     [
      126.977051,
      37.573288
     ],
     [
      126.977052,
      37.573198
     ],
     [
      126.977052,
      37.573108
     ],
     [
      126.977052,
      37.573018
     ],
     [
      126.977053,
      37.572928
     ],
     [
      126.977053,
      37.572838
     ],
     [
      126.977053,
      37.572748
     ],
     [
      126.977053,
      37.572658
     ],
     [
      126.977054,
      37.572568
     ],
     [
      126.977054,
      37.572477
     ],
     [
      126.977054,
      37.572387
     ],
     [
      126.977054,
      37.572297
     ],
     [
      126.977055,
      37.572207
     ],
     [
      126.977055,
      37.572117
     ],
     [
      126.977055,
      37.572027
     ],
     [
      126.977056,
      37.571937
     ],
     [
      126.977056,
      37.571847
     ],
     [
      126.977056,
      37.571757
     ],
     [
      126.977056,
      37.571667
     ],
     [
      126.977057,
      37.571576
     ],
     [
      126.977057,
      37.571486
     ],
     [
      126.977057,
      37.571396
     ],
     [
      126.977058,
      37.571306
     ],
     [
      126.977058,
      37.571216
     ],
     [
      126.977058,
      37.571126
     ],
     [
      126.977058,
      37.571036
     ],
     [
      126.977059,
      37.570946
     ],
     [
      126.977059,
      37.570856
     ],
     [
      126.977059,
      37.570766
     ],
     [
      126.97706,
      37.570675
     ],
     [
      126.97706,
      37.570585
     ],
     [
      126.97706,
      37.570495
     ],
     [
      126.97706,
      37.570405
     ],
     [
      126.977061,
      37.570315
     ],
     [
      126.977061,
      37.570308
     ],
     [
      126.977061,
      37.570274
     ],
     [
      126.977061,
      37.570184
     ],
     [
      126.977061,
      37.570094
     ],
     [
      126.977062,
      37.570004
     ],
     [
      126.977062,
      37.569914
     ],
     [
      126.977062,
      37.56988
     ],
     [
      126.977065,
      37.569824
     ],
     [
      126.977071,
      37.569734
     ],
     [
      126.977076,
      37.569644
     ],
     [
      126.977082,
      37.569554
     ],
     [
      126.977087,
      37.569464
     ],
     [
      126.977093,
      37.569374
     ],
     [
      126.977098,
      37.569284
     ],
     [
      126.977104,
      37.569194
     ],
     [
      126.977109,
      37.569104
     ],
     [
      126.977115,
      37.569014
     ],
     [
      126.977121,
      37.568924
     ],
     [
      126.977126,
      37.568834
     ],
     [
      126.977132,
      37.568744
     ],
     [
      126.977137,
      37.568654
     ],
     [
      126.977143,
      37.568564
     ],
     [
      126.977148,
      37.568474
     ],
     [
      126.977154,
      37.568384
     ],
     [
      126.977159,
      37.568294
     ],
     [
      126.977165,
      37.568204
     ],
     [
      126.97717,
      37.568114
     ],
     [
      126.977176,
      37.568024
     ],
     [
      126.977181,
      37.567934
     ],
     [
      126.977187,
      37.567844
     ],
     [
      126.977192,
      37.567754
     ],
     [
      126.977198,
      37.567664
     ],
     [
      126.977203,
      37.567574
     ],
     [
      126.977209,
      37.567484
     ],
     [
      126.977214,
      37.567394
     ],
     [
      126.97722,
      37.567304
     ],
     [
      126.977225,
      37.567214
     ],
     [
      126.977231,
      37.567124
     ],
     [
      126.977236,
      37.567034
     ],
     [
      126.977242,
      37.566944
     ],
     [
      126.977247,
      37.566854
     ],
     [
      126.977253,
      37.566764
     ],
     [
      126.977258,
      37.566674
     ],
     [
      126.977264,
      37.566584
     ],
     [
      126.977269,
      37.566494
     ],
     [
      126.977273,
      37.566434
     ],
     [
      126.977272,
      37.566424
     ],
     [
      126.977262,
      37.566335
     ],
     [
      126.977252,
      37.566245
     ],
     [
      126.977242,
      37.566155
     ],
     [
      126.977232,
      37.566065
     ],
     [
      126.977232,
      37.566064
     ],
     [
      126.977224,
      37.565986
     ],
     [
      126.977214,
      37.565896
     ],
     [
      126.977204,
      37.565807
     ],
     [
      126.977194,
      37.565717
     ],
     [
      126.977184,
      37.565627
     ],
     [
      126.977174,
      37.565537
     ],
     [
      126.977164,
      37.565448
     ],
     [
      126.977154,
      37.565358
     ],
     [
      126.977144,
      37.565268
     ],
     [
      126.977141,
      37.565243
     ],
     [
      126.977134,
      37.56518
     ],
     [
      126.977125,
      37.56509
     ],
     [
      126.977115,
      37.565
     ],
     [
      126.977105,
      37.564911
     ],
     [
      126.977104,
      37.564907
     ],
     [
      126.977102,
      37.564885
     ],
     [
      126.977092,
      37.564795
     ],
     [
      126.977082,
      37.564706
     ],
     [
      126.977072,
      37.564616
     ],
     [
      126.977062,
      37.564526
     ],
     [
      126.977052,
      37.564436
     ],
     [
      126.977042,
      37.564347
     ],
     [
      126.977032,
      37.564257
     ],
     [
      126.977023,
      37.564167
     ],
     [
      126.977013,
      37.564077
     ],
     [
      126.977003,
      37.563988
     ],
     [
      126.976993,
      37.563898
     ],
     [
      126.976983,
      37.563808
     ],
     [
      126.976973,
      37.563718
     ],
     [
      126.976963,
      37.563629
     ],
     [
      126.976953,
      37.563539
     ],
     [
      126.976943,
      37.563449
     ],
     [
      126.976933,
      37.563359
     ],
     [
      126.976923,
      37.56327
     ],
     [
      126.976918,
      37.563226
     ],
     [
      126.976889,
      37.563186
     ],
     [
      126.976833,
      37.563108
     ],
     [
      126.976776,
      37.56303
     ],
     [
      126.976719,
      37.562952
     ],
     [
      126.976662,
      37.562874
     ],
     [
      126.976605,
      37.562796
     ],
     [
      126.976549,
      37.562718
     ],
     [
      126.976492,
      37.56264
     ],
     [
      126.976435,
      37.562562
     ],
     [
      126.976416,
      37.562537
     ],
     [
      126.976399,
      37.562513
     ],
     [
      126.976342,
      37.562435
     ],
     [
      126.976285,
      37.562357
     ],
     [
      126.976228,
      37.562279
     ],
     [
      126.976171,
      37.562201
     ],
     [
      126.976115,
      37.562123
     ],
     [
      126.976058,
      37.562045
     ],
     [
      126.976001,
      37.561967
     ],
     [
      126.975944,
      37.561889
     ],
     [
      126.975888,
      37.561811
     ],
     [
      126.975831,
      37.561733
     ],
     [
      126.975774,
      37.561655
     ],
     [
      126.975717,
      37.561577
     ],
     [
      126.97566,
      37.561499
     ],
     [
      126.975604,
      37.561421
     ],
     [
      126.975547,
      37.561343
     ],
     [
      126.97549,
      37.561266
     ],
     [
      126.975433,
      37.561188
     ],
     [
      126.975376,
      37.56111
     ],
     [
      126.97532,
      37.561032
     ],
     [
      126.975263,
      37.560954
     ],
     [
      126.975206,
      37.560876
     ],
     [
      126.975149,
      37.560798
     ],
     [
      126.975137,
      37.560781
     ],
     [
      126.975111,
      37.560744
     ],
     [
      126.975055,
      37.560666
     ],
     [
      126.974998,
      37.560588
     ],
     [
      126.974942,
      37.56051
     ],
     [
      126.974887,
      37.560433
     ],
     [
      126.974836,
      37.560361
     ],
     [
      126.97478,
      37.560283
     ],
     [
      126.974724,
      37.560205
     ],
     [
      126.974668,
      37.560127
     ],
     [
      126.974611,
      37.560048
     ],
     [
      126.974555,
      37.55997
     ],
     [
      126.974499,
      37.559892
     ],
     [
      126.974457,
      37.559833
     ],
     [
      126.974443,
      37.559817
     ],
     [
      126.974379,
      37.559742
     ],
     [
      126.974315,
      37.559668
     ],
     [
      126.974252,
      37.559594
     ],
     [
      126.974188,
      37.559519
     ],
     [
      126.974124,
      37.559445
     ],
     [
      126.97406,
      37.55937
     ],
     [
      126.973996,
      37.559296
     ],
     [
      126.973932,
      37.559222
     ],
     [
      126.973869,
      37.559147
     ],
     [
      126.973805,
      37.559073
     ],
     [
      126.973741,
      37.558998
     ],
     [
      126.973677,
      37.558924
     ],
     [
      126.973613,
      37.55885
     ],
     [
      126.973549,
      37.558775
     ],
     [
      126.973486,
      37.558701
     ],
     [
      126.973422,
      37.558626
     ],
     [
      126.973358,
      37.558552
     ],
     [
      126.973294,
      37.558478
     ],
     [
      126.97323,
      37.558403
     ],
     [
      126.973166,
      37.558329
     ],
     [
      126.973103,
      37.558254
     ],
     [
      126.973079,
      37.558226
     ],
     [
      126.973041,
      37.558182
     ],
     [
      126.972977,
      37.558108
     ],
     [
      126.972913,
      37.558033
     ],
     [
      126.972849,
      37.557959
     ],
     [
      126.972786,
      37.557885
     ],
     [
      126.972722,
      37.55781
     ],
     [
      126.972658,
      37.557736
     ],
     [
      126.972594,
      37.557661
     ],
     [
      126.97253,
      37.557587
     ],
     [
      126.972466,
      37.557513
     ],
     [
      126.972403,
      37.557438
     ],
     [
      126.972339,
      37.557364
     ],
     [
      126.972275,
      37.557289
     ],
     [
      126.972211,
      37.557215
     ],
     [
      126.972147,
      37.557141
     ],
     [
      126.972083,
      37.557066
     ],
     [
      126.972059,
      37.557037
     ],
     [
      126.972052,
      37.556956
     ],
     [
      126.972046,
      37.556866
     ],
     [
      126.972039,
      37.556776
     ],
     [
      126.972032,
      37.556686
     ],
     [
      126.972025,
      37.556596
     ],
     [
      126.972018,
      37.556506
     ],
     [
      126.972011,
      37.556416
     ],
     [
      126.972004,
      37.556327
     ],
     [
      126.971997,
      37.556237
     ],
     [
      126.97199,
      37.556147
     ],
     [
      126.971983,
      37.556057
     ],
     [
      126.971976,
      37.555967
     ],
     [
      126.971969,
      37.555877
     ],
     [
      126.971962,
      37.555787
     ],
     [
      126.971956,
      37.555697
     ],
     [
      126.971955,
      37.55569
     ],
     [
      126.97201,
      37.555619
     ],
     [
      126.97207,
      37.555543
     ],
     [
      126.972129,
      37.555466
     ],
     [
      126.972189,
      37.55539
     ],
     [
      126.972248,
      37.555313
     ],
     [
      126.972308,
      37.555236
     ],
     [
      126.972367,
      37.55516
     ],
     [
      126.972427,
      37.555083
     ],
     [
      126.972486,
      37.555006
     ],
     [
      126.972546,
      37.55493
     ],
     [
      126.972606,
      37.554853
     ],
     [
      126.972665,
      37.554777
     ],
     [
      126.972725,
      37.5547
     ],
     [
      126.972784,
      37.554623
     ],
     [
      126.972844,
      37.554547
     ],
     [
      126.972903,
      37.55447
     ],
     [
      126.972959,
      37.554399
     ],
     [
      126.972958,
      37.554397
     ],
     [
      126.972914,
      37.554314
     ],
     [
      126.972869,
      37.554231
     ],
     [
      126.972825,
      37.554148
     ],
     [
      126.972781,
      37.554065
     ],
     [
      126.972736,
      37.553983
     ],
     [
      126.972692,
      37.5539
     ],
     [
      126.972647,
      37.553817
     ],
     [
      126.972603,
      37.553734
     ],
     [
      126.972559,
      37.553651
     ],
     [
      126.972514,
      37.553568
     ],
     [
      126.972489,
      37.553521
     ],
     [
      126.972471,
      37.553458
     ],
     [
      126.972446,
      37.55337
     ],
     [
      126.972449,
      37.553369
     ],
     [
      126.972426,
      37.553281
     ],
     [
      126.972403,
      37.553193
     ],
     [
      126.97238,
      37.553105
     ],
     [
      126.972357,
      37.553016
     ],
     [
      126.972334,
      37.552928
     ],
     [
      126.972311,
      37.55284
     ],
     [
      126.972288,
      37.552752
     ],
     [
      126.972265,
      37.552664
     ],
     [
      126.972241,
      37.552575
     ],
     [
      126.972218,
      37.552487
     ],
     [
      126.972195,
      37.552399
     ],
     [
      126.972172,
      37.552311
     ],
     [
      126.972149,
      37.552223
     ],
     [
      126.972126,
      37.552134
     ],
     [
      126.972103,
      37.552046
     ],
     [
      126.972096,
      37.552022
     ],
     [
      126.972088,
      37.551956
     ],
     [
      126.972076,
      37.551866
     ],
     [
      126.972065,
      37.551777
     ],
     [
      126.972053,
      37.551687
     ],
     [
      126.972042,
      37.551597
     ],
     [
      126.97203,
      37.551508
     ],
     [
      126.972019,
      37.551418
     ],
     [
      126.972007,
      37.551328
     ],
     [
      126.971996,
      37.551239
     ],
     [
      126.971984,
      37.551149
     ],
     [
      126.971973,
      37.55106
     ],
     [
      126.971961,
      37.55097
     ],
     [
      126.97195,
      37.55088
     ],
     [
      126.971938,
      37.550791
     ],
     [
      126.971926,
      37.550701
     ],
     [
      126.971915,
      37.550611
     ],
     [
      126.971903,
      37.550522
     ],
     [
      126.971892,
      37.550432
     ],
     [
      126.97188,
      37.550343
     ],
     [
      126.971869,
      37.550253
     ],
     [
      126.971858,
      37.550172
     ],
     [
      126.97186,
      37.550135
     ],
     [
      126.971863,
      37.550045
     ],
     [
      126.971867,
      37.549955
     ],
     [
      126.97187,
      37.549865
     ],
     [
      126.971874,
      37.549775
     ],
     [
      126.971877,
      37.549685
     ],
     [
      126.971881,
      37.549595
     ],
     [
      126.971884,
      37.549505
     ],
     [
      126.971888,
      37.549415
     ],
     [
      126.971891,
      37.549325
     ],
     [
      126.971895,
      37.549235
     ],
     [
      126.971898,
      37.549145
     ],
     [
      126.971902,
      37.549055
     ],
     [
      126.971905,
      37.548965
     ],
     [
      126.971908,
      37.548875
     ],
     [
      126.971912,
      37.548785
     ],
     [
      126.971915,
      37.548695
     ],
     [
      126.971919,
      37.548605
     ],
     [
      126.971922,
      37.548514
     ],
     [
      126.971926,
      37.548424
     ],
     [
      126.971929,
      37.548334
     ],
     [
      126.971933,
      37.548244
     ],
     [
      126.971936,
      37.548154
     ],
     [
      126.97194,
      37.548064
     ],
     [
      126.971943,
      37.547974
     ],
     [
      126.971947,
      37.547884
     ],
     [
      126.97195,
      37.547794
     ],
     [
      126.971954,
      37.547704
     ],
     [
      126.971957,
      37.547614
     ],
     [
      126.971961,
      37.547524
     ],
     [
      126.971964,
      37.547434
     ],
     [
      126.971968,
      37.547344
     ],
     [
      126.971971,
      37.547254
     ],
     [
      126.971975,
      37.547164
     ],
     [
      126.971978,
      37.547074
     ],
     [
      126.971982,
      37.546983
     ],
     [
      126.971985,
      37.546893
     ],
     [
      126.971988,
      37.546803
     ],
     [
      126.971992,
      37.546713
     ],
     [
      126.971995,
      37.546626
     ],
     [
      126.971996,
      37.546623
     ],
     [
      126.972014,
      37.546534
     ],
     [
      126.972031,
      37.546445
     ],
     [
      126.972049,
      37.546356
     ],
     [
      126.972067,
      37.546267
     ],
     [
      126.972085,
      37.546178
     ],
     [
      126.972103,
      37.546089
     ],
     [
      126.97212,
      37.546
     ],
     [
      126.972138,
      37.545911
     ],
     [
      126.972156,
      37.545822
     ],
     [
      126.972174,
      37.545733
     ],
     [
      126.972192,
      37.545645
     ],
     [
      126.972209,
      37.545556
     ],
     [
      126.97222,
      37.545504
     ],
     [
      126.972234,
      37.545434
     ],
     [
      126.972252,
      37.545345
     ],
     [
      126.972269,
      37.545256
     ],
     [
      126.972287,
      37.545167
     ],
     [
      126.972305,
      37.545078
     ],
     [
      126.972323,
      37.544989
     ],
     [
      126.972341,
      37.5449
     ],
     [
      126.972358,
      37.544811
     ],
     [
      126.972376,
      37.544722
     ],
     [
      126.972394,
      37.544633
     ],
     [
      126.972412,
      37.544544
     ],
     [
      126.97243,
      37.544455
     ],
     [
      126.972445,
      37.544378
     ],
     [
      126.972448,
      37.544366
     ],
     [
      126.972469,
      37.544278
     ],
     [
      126.97249,
      37.544189
     ],
     [
      126.972511,
      37.5441
     ],
     [
      126.972531,
      37.544012
     ],
     [
      126.972552,
      37.543923
     ],
     [
      126.972573,
      37.543835
     ],
     [
      126.972594,
      37.543746
     ],
     [
      126.972615,
      37.543658
     ],
     [
      126.972636,
      37.543569
     ],
     [
      126.972657,
      37.543481
     ],
     [
      126.972678,
      37.543392
     ],
     [
      126.972699,
      37.543304
     ],
     [
      126.97272,
      37.543215
     ],
     [
      126.972741,
      37.543126
     ],
     [
      126.972762,
      37.543038
     ],
     [
      126.972783,
      37.542949
     ],
     [
      126.972804,
      37.542861
     ],
     [
      126.972824,
      37.542772
     ],
     [
      126.972845,
      37.542684
     ],
     [
      126.972866,
      37.542595
     ],
     [
      126.972887,
      37.542507
     ],
     [
      126.972908,
      37.542418
     ],
     [
      126.972929,
      37.54233
     ],
     [
      126.97295,
      37.542241
     ],
     [
      126.972971,
      37.542152
     ],
     [
      126.972992,
      37.542064
     ],
     [
      126.973013,
      37.541975
     ],
     [
      126.973034,
      37.541887
     ],
     [
      126.973055,
      37.541798
     ],
     [
      126.973076,
      37.54171
     ],
     [
      126.973096,
      37.541621
     ],
     [
      126.973117,
      37.541533
     ],
     [
      126.973138,
      37.541444
     ],
     [
      126.973159,
      37.541356
     ],
     [
      126.97318,
      37.541267
     ],
     [
      126.973201,
      37.541178
     ],
     [
      126.973222,
      37.54109
     ],
     [
      126.973243,
      37.541001
     ],
     [
      126.973264,
      37.540913
     ],
     [
      126.97328,
      37.540845
     ],
     [
      126.973286,
      37.540824
     ],
     [
      126.97331,
      37.540736
     ],
     [
      126.973335,
      37.540649
     ],
     [
      126.97336,
      37.540561
     ],
     [
      126.973384,
      37.540473
     ],
     [
      126.973409,
      37.540385
     ],
     [
      126.973433,
      37.540297
     ],
     [
      126.973458,
      37.540209
     ],
     [
      126.973483,
      37.540121
     ],
     [
      126.973507,
      37.540033
     ],
     [
      126.973532,
      37.539945
     ],
     [
      126.973557,
      37.539857
     ],
     [
      126.973581,
      37.539769
     ],
     [
      126.973606,
      37.539681
     ],
     [
      126.97363,
      37.539593
     ],
     [
      126.973655,
      37.539505
     ],
     [
      126.97368,
      37.539417
     ],
     [
      126.973704,
      37.539329
     ],
     [
      126.973729,
      37.539241
     ],
     [
      126.973754,
      37.539154
     ],
     [
      126.973778,
      37.539066
     ],
     [
      126.973803,
      37.538978
     ],
     [
      126.973827,
      37.53889
     ],
     [
      126.973852,
      37.538802
     ],
     [
      126.973877,
      37.538714
     ],
     [
      126.973901,
      37.538626
     ],
     [
      126.973926,
      37.538538
     ],
     [
      126.973951,
      37.53845
     ],
     [
      126.973975,
      37.538362
     ],
     [
      126.974,
      37.538274
     ],
     [
      126.974024,
      37.538186
     ],
     [
      126.974049,
      37.538098
     ],
     [
      126.974074,
      37.53801
     ],
     [
      126.974078,
      37.537993
     ],
     [
      126.97409,
      37.537951
     ],
     [
      126.974115,
      37.537863
     ],
     [
      126.974139,
      37.537775
     ],
     [
      126.974164,
      37.537687
     ],
     [
      126.974179,
      37.537633
     ],
     [
      126.974183,
      37.537599
     ],
     [
      126.974191,
      37.537509
     ],
     [
      126.974199,
      37.537419
     ],
     [
      126.974208,
      37.537329
     ],
     [
      126.974216,
      37.537239
     ],
     [
      126.974224,
      37.537149
     ],
     [
      126.974233,
      37.537059
     ],
     [
      126.974241,
      37.53697
     ],
     [
      126.974249,
      37.53688
     ],
     [
      126.974258,
      37.53679
     ],
     [
      126.974266,
      37.5367
     ],
     [
      126.974275,
      37.53661
     ],
     [
      126.974283,
      37.53652
     ],
     [
      126.974291,
      37.536431
     ],
     [
      126.9743,
      37.536341
     ],
     [
      126.974307,
      37.536259
     ],
     [
      126.974282,
      37.536233
     ],
     [
      126.974212,
      37.536162
     ],
     [
      126.974142,
      37.536091
     ],
     [
      126.974072,
      37.536021
     ],
     [
      126.974002,
      37.53595
     ],
     [
      126.973932,
      37.535879
     ],
     [
      126.973862,
      37.535808
     ],
     [
      126.973792,
      37.535737
     ],
     [
      126.973774,
      37.535719
     ],
     [
      126.973709,
      37.535653
     ],
     [
      126.973639,
      37.535582
     ],
     [
      126.973569,
      37.535511
     ],
     [
      126.973499,
      37.535441
     ],
     [
      126.973429,
      37.53537
     ],
     [
      126.973359,
      37.535299
     ],
     [
      126.973289,
      37.535228
     ],
     [
      126.973219,
      37.535157
     ],
     [
      126.973149,
      37.535087
     ],
     [
      126.973079,
      37.535016
     ],
     [
      126.973009,
      37.534945
     ],
     [
      126.972939,
      37.534874
     ],
     [
      126.972869,
      37.534803
     ],
     [
      126.972799,
      37.534733
     ],
     [
      126.972738,
      37.534671
     ],
     [
      126.972695,
      37.534627
     ],
     [
      126.972625,
      37.534556
     ],
     [
      126.972555,
      37.534485
     ],
     [
      126.972485,
      37.534414
     ],
     [
      126.972415,
      37.534344
     ],
     [
      126.972345,
      37.534273
     ],
     [
      126.972275,
      37.534202
     ],
     [
      126.972205,
      37.534131
     ],
     [
      126.972135,
      37.53406
     ],
     [
      126.972065,
      37.53399
     ],
     [
      126.971995,
      37.533919
     ],
     [
      126.971925,
      37.533848
     ],
     [
      126.971855,
      37.533777
     ],
     [
      126.971785,
      37.533706
     ],
     [
      126.971715,
      37.533635
     ],
     [
      126.971645,
      37.533565
     ],
     [
      126.971576,
      37.533494
     ],
     [
      126.971506,
      37.533423
     ],
     [
      126.971436,
      37.533352
     ],
     [
      126.971366,
      37.533281
     ],
     [
      126.971296,
      37.533211
     ],
     [
      126.971226,
      37.53314
     ],
     [
      126.971156,
      37.533069
     ],
     [
      126.971086,
      37.532998
     ],
     [
      126.971016,
      37.532927
     ],
     [
      126.970946,
      37.532857
     ],
     [
      126.970908,
      37.532818
     ],
     [
      126.970891,
      37.532801
     ],
     [
      126.970821,
      37.53273
     ],
     [
      126.970751,
      37.532659
     ],
     [
      126.970681,
      37.532589
     ],
     [
      126.970611,
      37.532518
     ],
     [
      126.970541,
      37.532447
     ],
     [
      126.970506,
      37.532412
     ],
     [
      126.970471,
      37.532376
     ],
     [
      126.9704,
      37.532306
     ],
     [
      126.97033,
      37.532236
     ],
     [
      126.970259,
      37.532165
     ],
     [
      126.970188,
      37.532095
     ],
     [
      126.970118,
      37.532025
     ],
     [
      126.970047,
      37.531954
     ],
     [
      126.969976,
      37.531884
     ],
     [
      126.969906,
      37.531813
     ],
     [
      126.969835,
      37.531743
     ],
     [
      126.969764,
      37.531673
     ],
     [
      126.969694,
      37.531602
     ],
     [
      126.969623,
      37.531532
     ],
     [
      126.969552,
      37.531462
     ],
     [
      126.969482,
      37.531391
     ],
     [
      126.969411,
      37.531321
     ],
     [
      126.96934,
      37.53125
     ],
     [
      126.96927,
      37.53118
     ],
     [
      126.969199,
      37.53111
     ],
     [
      126.969129,
      37.531039
     ],
     [
      126.969058,
      37.530969
     ],
     [
      126.968998,
      37.53091
     ],
     [
      126.968998,
      37.53091
     ],
     [
      126.968985,
      37.530896
     ],
     [
      126.968914,
      37.530826
     ],
     [
      126.968844,
      37.530756
     ],
     [
      126.968773,
      37.530685
     ],
     [
      126.968702,
      37.530615
     ],
     [
      126.968632,
      37.530545
     ],
     [
      126.968561,
      37.530474
     ],
     [
      126.968491,
      37.530404
     ],
     [
      126.96842,
      37.530333
     ],
     [
      126.968349,
      37.530263
     ],
     [
      126.968279,
      37.530193
     ],
     [
      126.968208,
      37.530122
     ],
     [
      126.968137,
      37.530052
     ],
     [
      126.968067,
      37.529982
     ],
     [
      126.967996,
      37.529911
     ],
     [
      126.967925,
      37.529841
     ],
     [
      126.967855,
      37.52977
     ],
     [
      126.967784,
      37.5297
     ],
     [
      126.967713,
      37.52963
     ],
     [
      126.967643,
      37.529559
     ],
     [
      126.967572,
      37.529489
     ],
     [
      126.967501,
      37.529419
     ],
     [
      126.967431,
      37.529348
     ],
     [
      126.967376,
      37.529294
     ],
     [
      126.967362,
      37.529277
     ],
     [
      126.967298,
      37.529203
     ],
     [
      126.967234,
      37.529128
     ],
     [
      126.96717,
      37.529054
     ],
     [
      126.967106,
      37.52898
     ],
     [
      126.967042,
      37.528905
     ],
     [
      126.966978,
      37.528831
     ],
     [
      126.966914,
      37.528756
     ],
     [
      126.966851,
      37.528682
     ],
     [
      126.966787,
      37.528608
     ],
     [
      126.966723,
      37.528533
     ],
     [
      126.966659,
      37.528459
     ],
     [
      126.966595,
      37.528385
     ],
     [
      126.966531,
      37.52831
     ],
     [
      126.966467,
      37.528236
     ],
     [
      126.966403,
      37.528162
     ],
     [
      126.96634,
      37.528087
     ],
     [
      126.966276,
      37.528013
     ],
     [
      126.966212,
      37.527938
     ],
     [
      126.966148,
      37.527864
     ],
     [
      126.966084,
      37.52779
     ],
     [
      126.96602,
      37.527715
     ],
     [
      126.965956,
      37.527641
     ],
     [
      126.965892,
      37.527567
     ],
     [
      126.965828,
      37.527492
     ],
     [
      126.965765,
      37.527418
     ],
     [
      126.965701,
      37.527344
     ],
     [
      126.965637,
      37.527269
     ],
     [
      126.965573,
      37.527195
     ],
     [
      126.965509,
      37.52712
     ],
     [
      126.965445,
      37.527046
     ],
     [
      126.965381,
      37.526972
     ],
     [
      126.965317,
      37.526897
     ],
     [
      126.965254,
      37.526823
     ],
     [
      126.96519,
      37.526749
     ],
     [
      126.965126,
      37.526674
     ],
     [
      126.965072,
      37.526612
     ],
     [
      126.96506,
      37.526601
     ],
     [
      126.964986,
      37.526533
     ],
     [
      126.964913,
      37.526465
     ],
     [
      126.964839,
      37.526396
     ],
     [
      126.964765,
      37.526328
     ],
     [
      126.964691,
      37.52626
     ],
     [
      126.964617,
      37.526192
     ],
     [
      126.964543,
      37.526123
     ],
     [
      126.964469,
      37.526055
     ],
     [
      126.964395,
      37.525987
     ],
     [
      126.964321,
      37.525919
     ],
     [
      126.964247,
      37.52585
     ],
     [
      126.964174,
      37.525782
     ],
     [
      126.9641,
      37.525714
     ],
     [
      126.964026,
      37.525646
     ],
     [
      126.963952,
      37.525578
     ],
     [
      126.963878,
      37.525509
     ],
     [
      126.963804,
      37.525441
     ],
     [
      126.96373,
      37.525373
     ],
     [
      126.963656,
      37.525305
     ],
     [
      126.963582,
      37.525236
     ],
     [
      126.963509,
      37.525168
     ],
     [
      126.963435,
      37.5251
     ],
     [
      126.963361,
      37.525032
     ],
     [
      126.963287,
      37.524964
     ],
     [
      126.963213,
      37.524895
     ],
     [
      126.963139,
      37.524827
     ],
     [
      126.963065,
      37.524759
     ],
     [
      126.963043,
      37.524738
     ],
     [
      126.962999,
      37.524686
     ],
     [
      126.962936,
      37.524611
     ],
     [
      126.962874,
      37.524536
     ],
     [
      126.962811,
      37.524461
     ],
     [
      126.962748,
      37.524386
     ],
     [
      126.962686,
      37.524311
     ],
     [
      126.962623,
      37.524236
     ],
     [
      126.96256,
      37.524161
     ],
     [
      126.962497,
      37.524086
     ],
     [
      126.962435,
      37.524011
     ],
     [
      126.962372,
      37.523936
     ],
     [
      126.962309,
      37.523861
     ],
     [
      126.962247,
      37.523786
     ],
     [
      126.962184,
      37.523711
     ],
     [
      126.962121,
      37.523636
     ],
     [
      126.962058,
      37.523561
     ],
     [
      126.961996,
      37.523486
     ],
     [
      126.961958,
      37.523441
     ],
     [
      126.961938,
      37.523409
     ],
     [
      126.961888,
      37.523328
     ],
     [
      126.961837,
      37.523247
     ],
     [
      126.961787,
      37.523167
     ],
     [
      126.961737,
      37.523086
     ],
     [
      126.961687,
      37.523005
     ],
     [
      126.961636,
      37.522925
     ],
     [
      126.961586,
      37.522844
     ],
     [
      126.961536,
      37.522763
     ],
     [
      126.961486,
      37.522682
     ],
     [
      126.961435,
      37.522602
     ],
     [
      126.961385,
      37.522521
     ],
     [
      126.961335,
      37.52244
     ],
     [
      126.961285,
      37.522359
     ],
     [
      126.961234,
      37.522279
     ],
     [
      126.961184,
      37.522198
     ],
     [
      126.961134,
      37.522117
     ],
     [
      126.961084,
      37.522037
     ],
     [
      126.961033,
      37.521956
     ],
     [
      126.960983,
      37.521875
     ],
     [
      126.960933,
      37.521794
     ],
     [
      126.960883,
      37.521714
     ],
     [
      126.960833,
      37.521633
     ],
     [
      126.960782,
      37.521552
     ],
     [
      126.960732,
      37.521471
     ],
     [
      126.960682,
      37.521391
     ],
     [
      126.960632,
      37.521311
     ],
     [
      126.960632,
      37.52131
     ],
     [
      126.960583,
      37.521229
     ],
     [
      126.960535,
      37.521147
     ],
     [
      126.960486,
      37.521066
     ],
     [
      126.960438,
      37.520984
     ],
     [
      126.960389,
      37.520903
     ],
     [
      126.960341,
      37.520822
     ],
     [
      126.960292,
      37.52074
     ],
     [
      126.960244,
      37.520659
     ],
     [
      126.960195,
      37.520577
     ],
     [
      126.960147,
      37.520496
     ],
     [
      126.960098,
      37.520415
     ],
     [
      126.960049,
      37.520333
     ],
     [
      126.960001,
      37.520252
     ],
     [
      126.959952,
      37.52017
     ],
     [
      126.959904,
      37.520089
     ],
     [
      126.959855,
      37.520008
     ],
     [
      126.959807,
      37.519926
     ],
     [
      126.959758,
      37.519845
     ],
     [
      126.95971,
      37.519763
     ],
     [
      126.959661,
      37.519682
     ],
     [
      126.959613,
      37.519601
     ],
     [
      126.959564,
      37.519519
     ],
     [
      126.959516,
      37.519438
     ],
     [
      126.959467,
      37.519357
     ],
     [
      126.959419,
      37.519275
     ],
     [
      126.95937,
      37.519194
     ],
     [
      126.959322,
      37.519112
     ],
     [
      126.959273,
      37.519031
     ],
     [
      126.959225,
      37.51895
     ],
     [
      126.959176,
      37.518868
     ],
     [
      126.959128,
      37.518787
     ],
     [
      126.959079,
      37.518705
     ],
     [
      126.959031,
      37.518624
     ],
     [
      126.958982,
      37.518543
     ],
     [
      126.958934,
      37.518461
     ],
     [
      126.958885,
      37.51838
     ],
     [
      126.958837,
      37.518298
     ],
     [
      126.958788,
      37.518217
     ],
     [
      126.95874,
      37.518136
     ],
     [
      126.958691,
      37.518054
     ],
     [
      126.958643,
      37.517973
     ],
     [
      126.958594,
      37.517891
     ],
     [
      126.958546,
      37.51781
     ],
     [
      126.958497,
      37.517729
     ],
     [
      126.958449,
      37.517647
     ],
     [
      126.9584,
      37.517566
     ],
     [
      126.958352,
      37.517484
     ],
     [
      126.958303,
      37.517403
     ],
     [
      126.958263,
      37.517336
     ],
     [
      126.958238,
      37.517294
     ],
     [
      126.95819,
      37.517212
     ],
     [
      126.958141,
      37.517131
     ],
     [
      126.958093,
      37.51705
     ],
     [
      126.958044,
      37.516968
     ],
     [
      126.957996,
      37.516887
     ],
     [
      126.957947,
      37.516805
     ],
     [
      126.957941,
      37.516794
     ],
     [
      126.957901,
      37.516723
     ],
     [
      126.957856,
      37.51664
     ],
     [
      126.957811,
      37.516558
     ],
     [
      126.957765,
      37.516475
     ],
     [
      126.95772,
      37.516393
     ],
     [
      126.957674,
      37.51631
     ],
     [
      126.957629,
      37.516228
     ],
     [
      126.957583,
      37.516145
     ],
     [
      126.957538,
      37.516063
     ],
     [
      126.957493,
      37.51598
     ],
     [
      126.957447,
      37.515898
     ],
     [
      126.957402,
      37.515815
     ],
     [
      126.957356,
      37.515733
     ],
     [
      126.957311,
      37.51565
     ],
     [
      126.957266,
      37.515568
     ],
     [
      126.95722,
      37.515485
     ],
     [
      126.957175,
      37.515403
     ],
     [
      126.957129,
      37.51532
     ],
     [
      126.957084,
      37.515238
     ],
     [
      126.957039,
      37.515155
     ],
     [
      126.956993,
      37.515073
     ],
     [
      126.956948,
      37.51499
     ],
     [
      126.956902,
      37.514908
     ],
     [
      126.956857,
      37.514825
     ],
     [
      126.956811,
      37.514743
     ],
     [
      126.956766,
      37.51466
     ],
     [
      126.956721,
      37.514577
     ],
     [
      126.956675,
      37.514495
     ],
     [
      126.95663,
      37.514412
     ],
     [
      126.956584,
      37.51433
     ],
     [
      126.956539,
      37.514247
     ],
     [
      126.956494,
      37.514165
     ],
     [
      126.956448,
      37.514082
     ],
     [
      126.956403,
      37.514
     ],
     [
      126.956357,
      37.513917
     ],
     [
      126.956354,
      37.513911
     ],
     [
      126.956285,
      37.513849
     ],
     [
      126.956277,
      37.513842
     ],
     [
      126.956215,
      37.513785
     ],
     [
      126.95614,
      37.513718
     ],
     [
      126.956066,
      37.51365
     ],
     [
      126.955991,
      37.513582
     ],
     [
      126.955916,
      37.513515
     ],
     [
      126.955841,
      37.513447
     ],
     [
      126.955767,
      37.513379
     ],
     [
      126.955692,
      37.513312
     ],
     [
      126.955617,
      37.513244
     ],
     [
      126.955543,
      37.513177
     ],
     [
      126.955468,
      37.513109
     ],
     [
      126.95581,
      37.51287
     ],
     [
      126.955468,
      37.513109
     ],
     [
      126.955393,
      37.513041
     ],
     [
      126.955318,
      37.512974
     ],
     [
      126.955244,
      37.512906
     ],
     [
      126.955205,
      37.512871
     ],
     [
      126.955154,
      37.512885
     ],
     [
      126.955047,
      37.512914
     ],
     [
      126.95494,
      37.512943
     ],
     [
      126.954833,
      37.512973
     ],
     [
      126.954726,
      37.513002
     ],
     [
      126.954619,
      37.513031
     ],
     [
      126.954512,
      37.513061
     ],
     [
      126.954405,
      37.51309
     ],
     [
      126.954298,
      37.513119
     ],
     [
      126.954191,
      37.513149
     ],
     [
      126.954084,
      37.513178
     ],
     [
      126.953977,
      37.513208
     ],
     [
      126.95387,
      37.513237
     ],
     [
      126.953763,
      37.513266
     ],
     [
      126.953656,
      37.513296
     ],
     [
      126.95355,
      37.513325
     ],
     [
      126.953443,
      37.513354
     ],
     [
      126.953336,
      37.513384
     ],
     [
      126.953229,
      37.513413
     ],
     [
      126.953122,
      37.513442
     ],
     [
      126.953015,
      37.513472
     ],
     [
      126.952908,
      37.513501
     ],
     [
      126.952877,
      37.51351
     ],
     [
      126.952799,
      37.513495
     ],
     [
      126.952689,
      37.513474
     ],
     [
      126.952579,
      37.513454
     ],
     [
      126.952468,
      37.513433
     ],
     [
      126.952358,
      37.513413
     ],
     [
      126.952248,
      37.513392
     ],
     [
      126.952138,
      37.513371
     ],
     [
      126.952028,
      37.513351
     ],
     [
      126.951918,
      37.51333
     ],
     [
      126.951808,
      37.51331
     ],
     [
      126.951698,
      37.513289
     ],
     [
      126.951588,
      37.513268
     ],
     [
      126.951477,
      37.513248
     ],
     [
      126.951367,
      37.513227
     ],
     [
      126.951257,
      37.513206
     ],
     [
      126.951147,
      37.513186
     ],
     [
      126.951037,
      37.513165
     ],
     [
      126.950927,
      37.513145
     ],
     [
      126.950817,
      37.513124
     ],
     [
      126.950707,
      37.513103
     ],
     [
      126.950597,
      37.513083
     ],
     [
      126.950486,
      37.513062
     ],
     [
      126.950415,
      37.513049
     ],
     [
      126.950376,
      37.513052
     ],
     [
      126.950263,
      37.51306
     ],
     [
      126.95015,
      37.513069
     ],
     [
      126.950049,
      37.513077
     ],
     [
      126.949946,
      37.513085
     ],
     [
      126.949833,
      37.513093
     ],
     [
      126.949721,
      37.513102
     ],
     [
      126.949608,
      37.513111
     ],
     [
      126.94958,
      37.513113
     ],
     [
      126.9495,
      37.513135
     ],
     [
      126.949393,
      37.513165
     ],
     [
      126.949286,
      37.513195
     ],
     [
      126.94918,
      37.513225
     ],
     [
      126.949073,
      37.513255
     ],
     [
      126.948966,
      37.513285
     ],
     [
      126.94886,
      37.513315
     ],
     [
      126.948753,
      37.513345
     ],
     [
      126.948646,
      37.513375
     ],
     [
      126.94854,
      37.513405
     ],
     [
      126.948433,
      37.513435
     ],
     [
      126.948326,
      37.513465
     ],
     [
      126.94822,
      37.513495
     ],
     [
      126.948173,
      37.513508
     ],
     [
      126.948116,
      37.513485
     ],
     [
      126.948016,
      37.513443
     ],
     [
      126.947915,
      37.513402
     ],
     [
      126.947815,
      37.513361
     ],
     [
      126.947714,
      37.513319
     ],
     [
      126.947614,
      37.513278
     ],
     [
      126.947524,
      37.513241
     ],
     [
      126.947513,
      37.513246
     ],
     [
      126.947452,
      37.513269
     ],
     [
      126.947424,
      37.513256
     ],
     [
      126.947325,
      37.513212
     ],
     [
      126.947226,
      37.513168
     ],
     [
      126.947127,
      37.513124
     ],
     [
      126.947029,
      37.51308
     ],
     [
      126.94693,
      37.513036
     ],
     [
      126.946831,
      37.512992
     ],
     [
      126.946733,
      37.512948
     ],
     [
      126.946634,
      37.512904
     ],
     [
      126.946535,
      37.51286
     ],
     [
      126.946437,
      37.512816
     ],
     [
      126.946338,
      37.512772
     ],
     [
      126.946239,
      37.512728
     ],
     [
      126.94614,
      37.512685
     ],
     [
      126.946042,
      37.512641
     ],
     [
      126.945943,
      37.512597
     ],
     [
      126.945844,
      37.512553
     ],
     [
      126.945746,
      37.512509
     ],
     [
      126.945647,
      37.512465
     ],
     [
      126.945548,
      37.512421
     ],
     [
      126.945449,
      37.512377
     ],
     [
      126.945351,
      37.512333
     ],
     [
      126.945252,
      37.512289
     ],
     [
      126.945153,
      37.512245
     ],
     [
      126.945055,
      37.512201
     ],
     [
      126.945038,
      37.512193
     ],
     [
      126.944996,
      37.512126
     ],
     [
      126.944946,
      37.512045
     ],
     [
      126.944896,
      37.511964
     ],
     [
      126.944846,
      37.511883
     ],
     [
      126.944796,
      37.511803
     ],
     [
      126.944746,
      37.511722
     ],
     [
      126.944696,
      37.511641
     ],
     [
      126.944646,
      37.51156
     ],
     [
      126.944596,
      37.511479
     ],
     [
      126.944546,
      37.511399
     ],
     [
      126.944496,
      37.511318
     ],
     [
      126.944446,
      37.511237
     ],
     [
      126.944396,
      37.511156
     ],
     [
      126.944346,
      37.511075
     ],
     [
      126.944296,
      37.510995
     ],
     [
      126.944246,
      37.510914
     ],
     [
      126.944222,
      37.510875
     ],
     [
      126.944165,
      37.510885
     ],
     [
      126.944054,
      37.510904
     ],
     [
      126.943944,
      37.510924
     ],
     [
      126.943833,
      37.510943
     ],
     [
      126.943723,
      37.510962
     ],
     [
      126.943612,
      37.510981
     ],
     [
      126.943502,
      37.511001
     ],
     [
      126.943391,
      37.51102
     ],
     [
      126.943371,
      37.511024
     ],
     [
      126.943312,
      37.510967
     ],
     [
      126.94324,
      37.510898
     ],
     [
      126.943167,
      37.510829
     ],
     [
      126.943095,
      37.51076
     ],
     [
      126.943022,
      37.51069
     ],
     [
      126.94295,
      37.510621
     ],
     [
      126.942878,
      37.510552
     ],
     [
      126.942805,
      37.510483
     ],
     [
      126.942733,
      37.510413
     ],
     [
      126.942668,
      37.510351
     ],
     [
      126.942658,
      37.510347
     ],
     [
      126.94256,
      37.510302
     ],
     [
      126.942462,
      37.510257
     ],
     [
      126.942363,
      37.510213
     ],
     [
      126.942265,
      37.510168
     ],
     [
      126.942167,
      37.510124
     ],
     [
      126.942068,
      37.510079
     ],
     [
      126.94197,
      37.510035
     ],
     [
      126.941871,
      37.50999
     ],
     [
      126.941773,
      37.509946
     ],
     [
      126.941675,
      37.509901
     ],
     [
      126.941576,
      37.509857
     ],
     [
      126.941478,
      37.509812
     ],
     [
      126.94138,
      37.509768
     ],
     [
      126.941281,
      37.509723
     ],
     [
      126.941183,
      37.509679
     ],
     [
      126.941085,
      37.509634
     ],
     [
      126.940986,
      37.50959
     ],
     [
      126.940888,
      37.509545
     ],
     [
      126.94079,
      37.509501
     ],
     [
      126.940691,
      37.509456
     ],
     [
      126.940593,
      37.509412
     ],
     [
      126.940578,
      37.509405
     ],
     [
      126.940526,
      37.509341
     ],
     [
      126.940464,
      37.509266
     ],
     [
      126.940402,
      37.50919
     ],
     [
      126.940341,
      37.509114
     ],
     [
      126.940279,
      37.509039
     ],
     [
      126.940218,
      37.508963
     ],
     [
      126.940156,
      37.508888
     ],
     [
      126.940094,
      37.508812
     ],
     [
      126.940033,
      37.508737
     ],
     [
      126.939971,
      37.508661
     ],
     [
      126.939909,
      37.508586
     ],
     [
      126.939848,
      37.50851
     ],
     [
      126.939786,
      37.508435
     ],
     [
      126.939755,
      37.508396
     ],
     [
      126.939753,
      37.508352
     ],
     [
      126.939749,
      37.508262
     ],
     [
      126.939745,
      37.508172
     ],
     [
      126.939741,
      37.508082
     ],
     [
      126.939737,
      37.507992
     ],
     [
      126.939732,
      37.507902
     ],
     [
      126.939728,
      37.507812
     ],
     [
      126.939724,
      37.507722
     ],
     [
      126.93972,
      37.507632
     ],
     [
      126.939716,
      37.507542
     ],
     [
      126.939712,
      37.507451
     ],
     [
      126.939708,
      37.507361
     ],
     [
      126.939704,
      37.507271
     ],
     [
      126.9397,
      37.507181
     ],
     [
      126.939696,
      37.507091
     ],
     [
      126.939695,
      37.507067
     ],
     [
      126.939654,
      37.50701
     ],
     [
      126.939597,
      37.506932
     ],
     [
      126.939539,
      37.506855
     ],
     [
      126.939482,
      37.506777
     ],
     [
      126.939425,
      37.506699
     ],
     [
      126.939368,
      37.506621
     ],
     [
      126.939311,
      37.506544
     ],
     [
      126.939254,
      37.506466
     ],
     [
      126.939196,
      37.506388
     ],
     [
      126.939139,
      37.50631
     ],
     [
      126.939082,
      37.506233
     ],
     [
      126.939025,
      37.506155
     ],
     [
      126.938968,
      37.506077
     ],
     [
      126.938911,
      37.505999
     ],
     [
      126.938854,
      37.505922
     ],
     [
      126.938796,
      37.505844
     ],
     [
      126.938739,
      37.505766
     ],
     [
      126.938682,
      37.505689
     ],
     [
      126.938625,
      37.505611
     ],
     [
      126.938568,
      37.505533
     ],
     [
      126.938511,
      37.505455
     ],
     [
      126.938471,
      37.505401
     ],
     [
      126.93844,
      37.50539
     ],
     [
      126.938336,
      37.505353
     ],
     [
      126.938233,
      37.505317
     ],
     [
      126.938129,
      37.505281
     ],
     [
      126.938026,
      37.505244
     ],
     [
      126.937922,
      37.505208
     ],
     [
      126.937819,
      37.505171
     ],
     [
      126.937716,
      37.505135
     ],
     [
      126.937612,
      37.505098
     ],
     [
      126.937509,
      37.505062
     ],
     [
      126.937405,
      37.505025
     ],
     [
      126.937302,
      37.504989
     ],
     [
      126.937198,
      37.504953
     ],
     [
      126.937095,
      37.504916
     ],
     [
      126.936992,
      37.50488
     ],
     [
      126.936888,
      37.504843
     ],
     [
      126.936785,
      37.504807
     ],
     [
      126.936681,
      37.50477
     ],
     [
      126.936578,
      37.504734
     ],
     [
      126.936474,
      37.504697
     ],
     [
      126.936371,
      37.504661
     ],
     [
      126.936267,
      37.504625
     ],
     [
      126.93624,
      37.504615
     ],
     [
      126.936193,
      37.504561
     ],
     [
      126.936128,
      37.504486
     ],
     [
      126.936064,
      37.504412
     ],
     [
      126.935999,
      37.504338
     ],
     [
      126.935935,
      37.504264
     ],
     [
      126.93587,
      37.50419
     ],
     [
      126.935806,
      37.504116
     ],
     [
      126.935741,
      37.504042
     ],
     [
      126.935677,
      37.503968
     ],
     [
      126.935612,
      37.503894
     ],
     [
      126.935548,
      37.50382
     ],
     [
      126.935483,
      37.503746
     ],
     [
      126.935419,
      37.503672
     ],
     [
      126.935354,
      37.503598
     ],
     [
      126.93529,
      37.503524
     ],
     [
      126.935225,
      37.50345
     ],
     [
      126.935161,
      37.503376
     ],
     [
      126.935096,
      37.503302
     ],
     [
      126.935032,
      37.503228
     ],
     [
      126.934967,
      37.503154
     ],
     [
      126.934903,
      37.50308
     ],
     [
      126.934838,
      37.503006
     ],
     [
      126.934774,
      37.502933
     ],
     [
      126.934774,
      37.502932
     ],
     [
      126.934688,
      37.502874
     ],
     [
      126.934602,
      37.502815
     ],
     [
      126.934516,
      37.502756
     ],
     [
      126.934431,
      37.502697
     ],
     [
      126.934345,
      37.502639
     ],
     [
      126.934259,
      37.50258
     ],
     [
      126.934173,
      37.502521
     ],
     [
      126.934088,
      37.502462
     ],
     [
      126.934002,
      37.502404
     ],
     [
      126.933916,
      37.502345
     ],
     [
      126.93383,
      37.502286
     ],
     [
      126.933745,
      37.502227
     ],
     [
      126.933659,
      37.502169
     ],
     [
      126.933573,
      37.50211
     ],
     [
      126.933487,
      37.502051
     ],
     [
      126.933402,
      37.501992
     ],
     [
      126.933316,
      37.501934
     ],
     [
      126.93323,
      37.501875
     ],
     [
      126.933144,
      37.501816
     ],
     [
      126.933067,
      37.501763
     ],
     [
      126.93306,
      37.501756
     ],
     [
      126.932985,
      37.501689
     ],
     [
      126.93291,
      37.501622
     ],
     [
      126.932835,
      37.501554
     ],
     [
      126.93276,
      37.501487
     ],
     [
      126.932685,
      37.501419
     ],
     [
      126.93261,
      37.501352
     ],
     [
      126.932535,
      37.501284
     ],
     [
      126.93246,
      37.501217
     ],
     [
      126.932385,
      37.501149
     ],
     [
      126.93231,
      37.501082
     ],
     [
      126.932235,
      37.501014
     ],
     [
      126.93216,
      37.500947
     ],
     [
      126.932085,
      37.500879
     ],
     [
      126.93201,
      37.500812
     ],
     [
      126.931935,
      37.500744
     ],
     [
      126.931861,
      37.500677
     ],
     [
      126.931786,
      37.50061
     ],
     [
      126.931711,
      37.500542
     ],
     [
      126.931636,
      37.500475
     ],
     [
      126.931561,
      37.500407
     ],
     [
      126.931501,
      37.500353
     ],
     [
      126.931481,
      37.500344
     ],
     [
      126.931384,
      37.500299
     ],
     [
      126.931286,
      37.500253
     ],
     [
      126.931188,
      37.500208
     ],
     [
      126.931091,
      37.500162
     ],
     [
      126.930993,
      37.500117
     ],
     [
      126.930896,
      37.500071
     ],
     [
      126.930798,
      37.500026
     ],
     [
      126.9307,
      37.49998
     ],
     [
      126.930603,
      37.499935
     ],
     [
      126.930505,
      37.499889
     ],
     [
      126.930407,
      37.499844
     ],
     [
      126.93031,
      37.499798
     ],
     [
      126.930212,
      37.499753
     ],
     [
      126.930115,
      37.499707
     ],
     [
      126.930017,
      37.499662
     ],
     [
      126.929919,
      37.499616
     ],
     [
      126.929822,
      37.499571
     ],
     [
      126.929724,
      37.499525
     ],
     [
      126.929709,
      37.499518
     ],
     [
      126.929614,
      37.499525
     ],
     [
      126.929501,
      37.499534
     ],
     [
      126.929389,
      37.499543
     ],
     [
      126.929276,
      37.499551
     ],
     [
      126.929164,
      37.49956
     ],
     [
      126.929051,
      37.499569
     ],
     [
      126.928939,
      37.499577
     ],
     [
      126.928938,
      37.499577
     ],
     [
      126.92884,
      37.499585
     ],
     [
      126.928728,
      37.499594
     ],
     [
      126.928615,
      37.499602
     ],
     [
      126.928502,
      37.499611
     ],
     [
      126.92839,
      37.49962
     ],
     [
      126.928277,
      37.499628
     ],
     [
      126.928224,
      37.499632
     ],
     [
      126.928168,
      37.499616
     ],
     [
      126.928062,
      37.499585
     ],
     [
      126.927956,
      37.499554
     ],
     [
      126.92785,
      37.499522
     ],
     [
      126.927744,
      37.499491
     ],
     [
      126.927638,
      37.49946
     ],
     [
      126.927531,
      37.499429
     ],
     [
      126.927425,
      37.499398
     ],
     [
      126.927319,
      37.499367
     ],
     [
      126.927213,
      37.499336
     ],
     [
      126.927107,
      37.499304
     ],
     [
      126.927001,
      37.499273
     ],
     [
      126.926895,
      37.499242
     ],
     [
      126.926789,
      37.499211
     ],
     [
      126.926682,
      37.49918
     ],
     [
      126.926677,
      37.499178
     ],
     [
      126.926637,
      37.499167
     ],
     [
      126.926531,
      37.499135
     ],
     [
      126.926425,
      37.499104
     ],
     [
      126.926319,
      37.499073
     ],
     [
      126.926213,
      37.499042
     ],
     [
      126.926107,
      37.499011
     ],
     [
      126.926001,
      37.49898
     ],
     [
      126.925895,
      37.498949
     ],
     [
      126.925788,
      37.498917
     ],
     [
      126.925682,
      37.498886
     ],
     [
      126.925576,
      37.498855
     ],
     [
      126.92547,
      37.498824
     ],
     [
      126.925364,
      37.498793
     ],
     [
      126.925258,
      37.498762
     ],
     [
      126.925152,
      37.498731
     ],
     [
      126.925046,
      37.498699
     ],
     [
      126.92494,
      37.498668
     ],
     [
      126.924833,
      37.498637
     ],
     [
      126.924727,
      37.498606
     ],
     [
      126.924621,
      37.498575
     ],
     [
      126.924515,
      37.498544
     ],
     [
      126.924409,
      37.498513
     ],
     [
      126.924303,
      37.498481
     ],
     [
      126.924197,
      37.49845
     ],
     [
      126.924091,
      37.498419
     ],
     [
      126.923984,
      37.498388
     ],
     [
      126.923878,
      37.498357
     ],
     [
      126.923772,
      37.498326
     ],
     [
      126.923666,
      37.498295
     ],
     [
      126.92356,
      37.498263
     ],
     [
      126.923454,
      37.498232
     ],
     [
      126.923348,
      37.498201
     ],
     [
      126.923242,
      37.49817
     ],
     [
      126.923136,
      37.498139
     ],
     [
      126.923029,
      37.498108
     ],
     [
      126.92297,
      37.49809
     ],
     [
      126.922928,
      37.498069
     ],
     [
      126.922832,
      37.498021
     ],
     [
      126.922736,
      37.497973
     ],
     [
      126.92264,
      37.497926
     ],
     [
      126.922545,
      37.497878
     ],
     [
      126.922449,
      37.49783
     ],
     [
      126.922353,
      37.497782
     ],
     [
      126.922257,
      37.497734
     ],
     [
      126.922162,
      37.497686
     ],
     [
      126.922066,
      37.497638
     ],
     [
      126.92197,
      37.49759
     ],
     [
      126.921942,
      37.497576
     ],
     [
      126.921865,
      37.497559
     ],
     [
      126.921756,
      37.497535
     ],
     [
      126.921647,
      37.497511
     ],
     [
      126.921538,
      37.497487
     ],
     [
      126.921429,
      37.497462
     ],
     [
      126.92132,
      37.497438
     ],
     [
      126.921211,
      37.497414
     ],
     [
      126.921102,
      37.49739
     ],
     [
      126.920993,
      37.497366
     ],
     [
      126.920885,
      37.497341
     ],
     [
      126.920776,
      37.497317
     ],
     [
      126.920667,
      37.497293
     ],
     [
      126.920558,
      37.497269
     ],
     [
      126.920449,
      37.497245
     ],
     [
      126.92034,
      37.49722
     ],
     [
      126.920231,
      37.497196
     ],
     [
      126.920122,
      37.497172
     ],
     [
      126.920013,
      37.497148
     ],
     [
      126.919904,
      37.497124
     ],
     [
      126.919795,
      37.497099
     ],
     [
      126.919686,
      37.497075
     ],
     [
      126.919577,
      37.497051
     ],
     [
      126.919468,
      37.497027
     ],
     [
      126.919372,
      37.497005
     ],
     [
      126.919359,
      37.497005
     ],
     [
      126.919246,
      37.496999
     ],
     [
      126.919133,
      37.496992
     ],
     [
      126.919021,
      37.496986
     ],
     [
      126.918908,
      37.49698
     ],
     [
      126.918795,
      37.496974
     ],
     [
      126.918682,
      37.496968
     ],
     [
      126.918569,
      37.496962
     ],
     [
      126.918456,
      37.496956
     ],
     [
      126.918344,
      37.49695
     ],
     [
      126.918231,
      37.496944
     ],
     [
      126.918118,
      37.496938
     ],
     [
      126.918057,
      37.496934
     ],
     [
      126.917952,
      37.496929
     ],
     [
      126.917839,
      37.496922
     ],
     [
      126.917726,
      37.496916
     ],
     [
      126.917613,
      37.49691
     ],
     [
      126.9175,
      37.496904
     ],
     [
      126.917387,
      37.496898
     ],
     [
      126.917275,
      37.496892
     ],
     [
      126.917259,
      37.496891
     ],
     [
      126.917168,
      37.496864
     ],
     [
      126.917062,
      37.496832
     ],
     [
      126.916956,
      37.4968
     ],
     [
      126.91685,
      37.496768
     ],
     [
      126.916744,
      37.496737
     ],
     [
      126.916639,
      37.496705
     ],
     [
      126.916533,
      37.496673
     ],
     [
      126.916427,
      37.496642
     ],
     [
      126.916321,
      37.49661
     ],
     [
      126.916215,
      37.496578
     ],
     [
      126.916109,
      37.496546
     ],
     [
      126.916004,
      37.496515
     ],
     [
      126.915977,
      37.496507
     ],
     [
      126.915894,
      37.496482
     ],
     [
      126.915788,
      37.49645
     ],
     [
      126.915682,
      37.496418
     ],
     [
      126.915576,
      37.496387
     ],
     [
      126.91547,
      37.496355
     ],
     [
      126.915365,
      37.496323
     ],
     [
      126.915259,
      37.496291
     ],
     [
      126.915153,
      37.49626
     ],
     [
      126.915047,
      37.496228
     ],
     [
      126.914941,
      37.496196
     ],
     [
      126.914835,
      37.496164
     ],
     [
      126.91473,
      37.496133
     ],
     [
      126.914624,
      37.496101
     ],
     [
      126.914518,
      37.496069
     ],
     [
      126.914412,
      37.496038
     ],
     [
      126.914405,
      37.496036
     ],
     [
      126.9143,
      37.49603
     ],
     [
      126.914187,
      37.496023
     ],
     [
      126.914074,
      37.496017
     ],
     [
      126.913961,
      37.49601
     ],
     [
      126.913848,
      37.496004
     ],
     [
      126.913736,
      37.495998
     ],
     [
      126.913623,
      37.495991
     ],
     [
      126.91351,
      37.495985
     ],
     [
      126.913397,
      37.495979
     ],
     [
      126.913284,
      37.495972
     ],
     [
      126.913172,
      37.495966
     ],
     [
      126.913059,
      37.49596
     ],
     [
      126.912946,
      37.495953
     ],
     [
      126.912833,
      37.495947
     ],
     [
      126.91272,
      37.49594
     ],
     [
      126.912608,
      37.495934
     ],
     [
      126.912495,
      37.495928
     ],
     [
      126.912382,
      37.495921
     ],
     [
      126.912269,
      37.495915
     ],
     [
      126.912156,
      37.495909
     ],
     [
      126.912044,
      37.495902
     ],
     [
      126.911931,
      37.495896
     ],
     [
      126.911818,
      37.495889
     ],
     [
      126.911705,
      37.495883
     ],
     [
      126.911592,
      37.495877
     ],
     [
      126.91148,
      37.49587
     ],
     [
      126.911367,
      37.495864
     ],
     [
      126.911254,
      37.495858
     ],
     [
      126.911192,
      37.495854
     ],
     [
      126.911169,
      37.495818
     ],
     [
      126.911118,
      37.495738
     ],
     [
      126.911066,
      37.495657
     ],
     [
      126.911015,
      37.495577
     ],
     [
      126.910963,
      37.495497
     ],
     [
      126.910912,
      37.495417
     ],
     [
      126.910861,
      37.495336
     ],
     [
      126.910809,
      37.495256
     ],
     [
      126.910758,
      37.495176
     ],
     [
      126.910706,
      37.495096
     ],
     [
      126.910655,
      37.495015
     ],
     [
      126.910603,
      37.494935
     ],
     [
      126.910552,
      37.494855
     ],
     [
      126.910501,
      37.494775
     ],
     [
      126.910449,
      37.494694
     ],
     [
      126.910398,
      37.494614
     ],
     [
      126.910346,
      37.494534
     ],
     [
      126.910295,
      37.494454
     ],
     [
      126.910244,
      37.494373
     ],
     [
      126.910205,
      37.494314
     ],
     [
      126.910189,
      37.494294
     ],
     [
      126.910127,
      37.494219
     ],
     [
      126.910065,
      37.494144
     ],
     [
      126.910002,
      37.494069
     ],
     [
      126.90994,
      37.493994
     ],
     [
      126.909877,
      37.493919
     ],
     [
      126.909815,
      37.493844
     ],
     [
      126.909752,
      37.493769
     ],
     [
      126.90969,
      37.493693
     ],
     [
      126.909628,
      37.493618
     ],
     [
      126.909565,
      37.493543
     ],
     [
      126.909503,
      37.493468
     ],
     [
      126.90944,
      37.493393
     ],
     [
      126.909378,
      37.493318
     ],
     [
      126.909316,
      37.493243
     ],
     [
      126.909253,
      37.493167
     ],
     [
      126.909191,
      37.493092
     ],
     [
      126.909128,
      37.493017
     ],
     [
      126.909066,
      37.492942
     ],
     [
      126.909003,
      37.492867
     ],
     [
      126.908941,
      37.492792
     ],
     [
      126.908879,
      37.492717
     ],
     [
      126.908816,
      37.492642
     ],
     [
      126.908754,
      37.492566
     ],
     [
      126.908691,
      37.492491
     ],
     [
      126.908629,
      37.492416
     ],
     [
      126.908567,
      37.492341
     ],
     [
      126.908504,
      37.492266
     ],
     [
      126.908469,
      37.492224
     ],
     [
      126.908421,
      37.492176
     ],
     [
      126.908351,
      37.492106
     ],
     [
      126.90828,
      37.492035
     ],
     [
      126.90821,
      37.491965
     ],
     [
      126.908139,
      37.491895
     ],
     [
      126.908068,
      37.491824
     ],
     [
      126.907998,
      37.491754
     ],
     [
      126.907927,
      37.491684
     ],
     [
      126.907856,
      37.491613
     ],
     [
      126.907786,
      37.491543
     ],
     [
      126.907715,
      37.491472
     ],
     [
      126.907645,
      37.491402
     ],
     [
      126.907574,
      37.491332
     ],
     [
      126.907503,
      37.491261
     ],
     [
      126.907433,
      37.491191
     ],
     [
      126.907362,
      37.491121
     ],
     [
      126.907292,
      37.49105
     ],
     [
      126.907221,
      37.49098
     ],
     [
      126.90715,
      37.490909
     ],
     [
      126.90708,
      37.490839
     ],
     [
      126.907009,
      37.490769
     ],
     [
      126.906938,
      37.490698
     ],
     [
      126.906922,
      37.490682
     ],
     [
      126.906884,
      37.49062
     ],
     [
      126.906835,
      37.490539
     ],
     [
      126.906786,
      37.490458
     ],
     [
      126.906736,
      37.490377
     ],
     [
      126.906687,
      37.490295
     ],
     [
      126.906638,
      37.490214
     ],
     [
      126.906588,
      37.490133
     ],
     [
      126.906539,
      37.490052
     ],
     [
      126.90649,
      37.489971
     ],
     [
      126.906441,
      37.48989
     ],
     [
      126.906391,
      37.489809
     ],
     [
      126.906342,
      37.489728
     ],
     [
      126.906293,
      37.489647
     ],
     [
      126.906243,
      37.489566
     ],
     [
      126.906194,
      37.489485
     ],
     [
      126.906145,
      37.489403
     ],
     [
      126.906096,
      37.489322
     ],
     [
      126.906046,
      37.489241
     ],
     [
      126.905997,
      37.48916
     ],
     [
      126.905948,
      37.489079
     ],
     [
      126.905898,
      37.488998
     ],
     [
      126.905849,
      37.488917
     ],
     [
      126.9058,
      37.488836
     ],
     [
      126.905751,
      37.488755
     ],
     [
      126.905701,
      37.488674
     ],
     [
      126.905697,
      37.488667
     ],
     [
      126.905637,
      37.488599
     ],
     [
      126.905572,
      37.488526
     ],
     [
      126.905507,
      37.488452
     ],
     [
      126.905442,
      37.488379
     ],
     [
      126.905417,
      37.48835
     ],
     [
      126.905398,
      37.48833
     ],
     [
      126.905333,
      37.488256
     ],
     [
      126.905268,
      37.488183
     ],
     [
      126.905203,
      37.488109
     ],
     [
      126.905137,
      37.488036
     ],
     [
      126.905072,
      37.487962
     ],
     [
      126.905007,
      37.487888
     ],
     [
      126.904941,
      37.487815
     ],
     [
      126.904927,
      37.487799
     ],
     [
      126.904866,
      37.487735
     ],
     [
      126.904797,
      37.487664
     ],
     [
      126.904729,
      37.487592
     ],
     [
      126.90466,
      37.487521
     ],
     [
      126.904591,
      37.487449
     ],
     [
      126.904522,
      37.487378
     ],
     [
      126.904453,
      37.487306
     ],
     [
      126.904385,
      37.487235
     ],
     [
      126.904316,
      37.487163
     ],
     [
      126.904247,
      37.487092
     ],
     [
      126.904178,
      37.48702
     ],
     [
      126.904109,
      37.486949
     ],
     [
      126.904041,
      37.486877
     ],
     [
      126.903972,
      37.486806
     ],
     [
      126.903903,
      37.486734
     ],
     [
      126.903834,
      37.486663
     ],
     [
      126.903766,
      37.486591
     ],
     [
      126.903697,
      37.48652
     ],
     [
      126.903628,
      37.486448
     ],
     [
      126.903559,
      37.486377
     ],
     [
      126.90349,
      37.486305
     ],
     [
      126.903422,
      37.486234
     ],
     [
      126.903353,
      37.486162
     ],
     [
      126.903284,
      37.486091
     ],
     [
      126.903269,
      37.486075
     ],
     [
      126.903269,
      37.486074
     ],
     [
      126.903247,
      37.48605
     ],
     [
      126.903184,
      37.485975
     ],
     [
      126.90312,
      37.485901
     ],
     [
      126.903056,
      37.485826
     ],
     [
      126.902993,
      37.485752
     ],
     [
      126.902929,
      37.485678
     ],
     [
      126.902865,
      37.485603
     ],
     [
      126.902801,
      37.485529
     ],
     [
      126.902738,
      37.485454
     ],
     [
      126.902674,
      37.48538
     ],
     [
      126.90261,
      37.485305
     ],
     [
      126.902547,
      37.485231
     ],
     [
      126.902483,
      37.485156
     ],
     [
      126.902419,
      37.485082
     ],
     [
      126.902355,
      37.485008
     ],
     [
      126.902292,
      37.484933
     ],
     [
      126.902228,
      37.484859
     ],
     [
      126.902164,
      37.484784
     ],
     [
      126.902101,
      37.48471
     ],
     [
      126.902085,
      37.484691
     ],
     [
      126.902105,
      37.484656
     ],
     [
      126.902151,
      37.484574
     ],
     [
      126.902198,
      37.484492
     ],
     [
      126.902245,
      37.48441
     ],
     [
      126.902291,
      37.484328
     ],
     [
      126.902338,
      37.484246
     ],
     [
      126.902384,
      37.484163
     ],
     [
      126.902431,
      37.484081
     ],
     [
      126.902441,
      37.484064
     ],
     [
      126.902369,
      37.484022
     ],
     [
      126.902277,
      37.48397
     ],
     [
      126.902185,
      37.483917
     ],
     [
      126.902093,
      37.483865
     ],
     [
      126.902002,
      37.483812
     ],
     [
      126.90191,
      37.483759
     ],
     [
      126.901818,
      37.483707
     ],
     [
      126.901726,
      37.483654
     ],
     [
      126.901634,
      37.483602
     ],
     [
      126.901543,
      37.483549
     ],
     [
      126.901451,
      37.483496
     ],
     [
      126.901359,
      37.483444
     ],
     [
      126.901267,
      37.483391
     ],
     [
      126.901175,
      37.483339
     ],
     [
      126.901083,
      37.483286
     ],
     [
      126.900992,
      37.483234
     ],
     [
      126.9009,
      37.483181
     ],
     [
      126.900808,
      37.483128
     ],
     [
      126.900716,
      37.483076
     ],
     [
      126.900624,
      37.483023
     ],
     [
      126.900533,
      37.482971
     ],
     [
      126.900441,
      37.482918
     ],
     [
      126.900349,
      37.482865
     ],
     [
      126.900262,
      37.482816
     ],
     [
      126.900259,
      37.482812
     ],
     [
      126.900193,
      37.482738
     ],
     [
      126.900128,
      37.482665
     ],
     [
      126.900063,
      37.482591
     ],
     [
      126.899997,
      37.482518
     ],
     [
      126.899932,
      37.482444
     ],
     [
      126.899867,
      37.48237
     ],
     [
      126.899802,
      37.482297
     ],
     [
      126.899736,
      37.482223
     ],
     [
      126.899671,
      37.48215
     ],
     [
      126.899606,
      37.482076
     ],
     [
      126.89954,
      37.482003
     ],
     [
      126.899475,
      37.481929
     ],
     [
      126.89941,
      37.481856
     ],
     [
      126.899345,
      37.481782
     ],
     [
      126.899279,
      37.481708
     ],
     [
      126.899214,
      37.481635
     ],
     [
      126.899198,
      37.481616
     ],
     [
      126.899151,
      37.481563
     ],
     [
      126.899085,
      37.48149
     ],
     [
      126.89902,
      37.481416
     ],
     [
      126.898955,
      37.481343
     ],
     [
      126.898889,
      37.481269
     ],
     [
      126.898824,
      37.481196
     ],
     [
      126.898759,
      37.481122
     ],
     [
      126.898694,
      37.481048
     ],
     [
      126.898628,
      37.480975
     ],
     [
      126.898563,
      37.480901
     ],
     [
      126.898498,
      37.480828
     ],
     [
      126.898432,
      37.480754
     ],
     [
      126.898367,
      37.480681
     ],
     [
      126.898302,
      37.480607
     ],
     [
      126.898299,
      37.480604
     ],
     [
      126.898267,
      37.480522
     ],
     [
      126.898233,
      37.480436
     ],
     [
      126.8982,
      37.48035
     ],
     [
      126.898166,
      37.480264
     ],
     [
      126.898132,
      37.480177
     ],
     [
      126.898099,
      37.480091
     ],
     [
      126.898065,
      37.480005
     ],
     [
      126.898032,
      37.479919
     ],
     [
      126.897998,
      37.479833
     ],
     [
      126.897964,
      37.479747
     ],
     [
      126.897931,
      37.479661
     ],
     [
      126.897897,
      37.479575
     ],
     [
      126.897864,
      37.479489
     ],
     [
      126.89783,
      37.479403
     ],
     [
      126.897796,
      37.479317
     ],
     [
      126.897774,
      37.479261
     ],
     [
      126.897773,
      37.47923
     ],
     [
      126.897771,
      37.47914
     ],
     [
      126.897769,
      37.47905
     ],
     [
      126.897766,
      37.47896
     ],
     [
      126.897764,
      37.478869
     ],
     [
      126.897761,
      37.478779
     ],
     [
      126.897759,
      37.478689
     ],
     [
      126.897756,
      37.478599
     ],
     [
      126.897754,
      37.478509
     ],
     [
      126.897752,
      37.478419
     ],
     [
      126.897749,
      37.478329
     ],
     [
      126.897747,
      37.478239
     ],
     [
      126.897744,
      37.478149
     ],
     [
      126.897742,
      37.478059
     ],
     [
      126.897739,
      37.477969
     ],
     [
      126.897737,
      37.477879
     ],
     [
      126.897735,
      37.477789
     ],
     [
      126.897732,
      37.477698
     ],
     [
      126.89773,
      37.477608
     ],
     [
      126.897729,
      37.477597
     ],
     [
      126.897728,
      37.477585
     ],
     [
      126.89772,
      37.477495
     ],
     [
      126.897712,
      37.477405
     ],
     [
      126.897704,
      37.477315
     ],
     [
      126.897696,
      37.477225
     ],
     [
      126.897687,
      37.477135
     ],
     [
      126.897679,
      37.477045
     ],
     [
      126.897671,
      37.476955
     ],
     [
      126.897663,
      37.476866
     ],
     [
      126.897655,
      37.476776
     ],
     [
      126.897647,
      37.476686
     ],
     [
      126.897638,
      37.476596
     ],
     [
      126.89763,
      37.476506
     ],
     [
      126.897622,
      37.476416
     ],
     [
      126.897614,
      37.476326
     ],
     [
      126.897606,
      37.476237
     ],
     [
      126.897598,
      37.476147
     ],
     [
      126.897589,
      37.476057
     ],
     [
      126.897581,
      37.475967
     ],
     [
      126.897573,
      37.475877
     ],
     [
      126.897565,
      37.475787
     ],
     [
      126.897557,
      37.475697
     ],
     [
      126.897549,
      37.475608
     ],
     [
      126.89754,
      37.475518
     ],
     [
      126.897532,
      37.475428
     ],
     [
      126.897524,
      37.475338
     ],
     [
      126.897516,
      37.475248
     ],
     [
      126.897508,
      37.475158
     ],
     [
      126.897508,
      37.475157
     ],
     [
      126.897507,
      37.475155
     ],
     [
      126.897495,
      37.475065
     ],
     [
      126.897483,
      37.474976
     ],
     [
      126.897471,
      37.474886
     ],
     [
      126.897459,
      37.474796
     ],
     [
      126.897447,
      37.474707
     ],
     [
      126.897434,
      37.474617
     ],
     [
      126.897422,
      37.474528
     ],
     [
      126.89741,
      37.474438
     ],
     [
      126.897398,
      37.474348
     ],
     [
      126.897386,
      37.474259
     ],
     [
      126.897374,
      37.474169
     ],
     [
      126.897362,
      37.47408
     ],
     [
      126.897349,
      37.47399
     ],
     [
      126.897337,
      37.473901
     ],
     [
      126.897325,
      37.473811
     ],
     [
      126.897313,
      37.473721
     ],
     [
      126.897301,
      37.473632
     ],
     [
      126.897289,
      37.473542
     ],
     [
      126.897276,
      37.473453
     ],
     [
      126.897264,
      37.473363
     ],
     [
      126.897252,
      37.473274
     ],
     [
      126.89724,
      37.473184
     ],
     [
      126.897228,
      37.473094
     ],
     [
      126.897216,
      37.473005
     ],
     [
      126.897204,
      37.472915
     ],
     [
      126.897191,
      37.472826
     ],
     [
      126.897179,
      37.472736
     ],
     [
      126.897167,
      37.472646
     ],
     [
      126.897155,
      37.472557
     ],
     [
      126.897156,
      37.472553
     ],
     [
      126.897154,
      37.472542
     ],
     [
      126.897142,
      37.472452
     ],
     [
      126.897129,
      37.472362
     ],
     [
      126.897117,
      37.472273
     ],
     [
      126.897105,
      37.472183
     ],
     [
      126.897093,
      37.472094
     ],
     [
      126.89708,
      37.472004
     ],
     [
      126.897068,
      37.471915
     ],
     [
      126.897056,
      37.471825
     ],
     [
      126.897047,
      37.471762
     ],
     [
      126.897034,
      37.471681
     ],
     [
      126.897019,
      37.471592
     ],
     [
      126.897004,
      37.471503
     ],
     [
      126.896989,
      37.471413
     ],
     [
      126.896974,
      37.471324
     ],
     [
      126.896959,
      37.471235
     ],
     [
      126.896945,
      37.471146
     ],
     [
      126.89693,
      37.471056
     ],
     [
      126.896915,
      37.470967
     ],
     [
      126.8969,
      37.470878
     ],
     [
      126.896885,
      37.470788
     ],
     [
      126.89687,
      37.470699
     ],
     [
      126.896855,
      37.47061
     ],
     [
      126.89684,
      37.47052
     ],
     [
      126.896826,
      37.470431
     ],
     [
      126.896811,
      37.470342
     ],
     [
      126.896796,
      37.470252
     ],
     [
      126.896781,
      37.470163
     ],
     [
      126.896766,
      37.470074
     ],
     [
      126.896751,
      37.469984
     ],
     [
      126.896736,
      37.469895
     ],
     [
      126.896721,
      37.469806
     ],
     [
      126.896706,
      37.469716
     ],
     [
      126.896692,
      37.469627
     ],
     [
      126.896677,
      37.469538
     ],
     [
      126.896662,
      37.469448
     ],
     [
      126.896647,
      37.469359
     ],
     [
      126.896632,
      37.46927
     ],
     [
      126.896617,
      37.469181
     ],
     [
      126.896602,
      37.469091
     ],
     [
      126.896587,
      37.469002
     ],
     [
      126.896573,
      37.468913
     ],
     [
      126.896558,
      37.468823
     ],
     [
      126.896543,
      37.468734
     ],
     [
      126.896528,
      37.468645
     ],
     [
      126.896513,
      37.468555
     ],
     [
      126.896498,
      37.468466
     ],
     [
      126.896483,
      37.468377
     ],
     [
      126.896468,
      37.468287
     ],
     [
      126.896454,
      37.468198
     ],
     [
      126.896439,
      37.468109
     ],
     [
      126.896424,
      37.468019
     ],
     [
      126.896409,
      37.46793
     ],
     [
      126.8964,
      37.467876
     ],
     [
      126.896408,
      37.467841
     ],
     [
      126.896428,
      37.467752
     ],
     [
      126.896448,
      37.467664
     ],
     [
      126.896468,
      37.467575
     ],
     [
      126.896488,
      37.467486
     ],
     [
      126.896508,
      37.467398
     ],
     [
      126.896529,
      37.467309
     ],
     [
      126.896549,
      37.46722
     ],
     [
      126.896569,
      37.467132
     ],
     [
      126.896589,
      37.467043
     ],
     [
      126.896609,
      37.466954
     ],
     [
      126.896629,
      37.466866
     ],
     [
      126.896649,
      37.466777
     ],
     [
      126.89667,
      37.466688
     ],
     [
      126.89669,
      37.4666
     ],
     [
      126.89671,
      37.466511
     ],
     [
      126.89673,
      37.466422
     ],
     [
      126.89675,
      37.466334
     ],
     [
      126.89677,
      37.466245
     ],
     [
      126.89679,
      37.466157
     ],
     [
      126.896807,
      37.466085
     ],
     [
      126.896806,
      37.466068
     ],
     [
      126.896805,
      37.465977
     ],
     [
      126.896803,
      37.465887
     ],
     [
      126.896802,
      37.465797
     ],
     [
      126.8968,
      37.465707
     ],
     [
      126.896799,
      37.465617
     ],
     [
      126.896797,
      37.465527
     ],
     [
      126.896796,
      37.465437
     ],
     [
      126.896794,
      37.465347
     ],
     [
      126.896793,
      37.465257
     ],
     [
      126.896791,
      37.465167
     ],
     [
      126.89679,
      37.465077
     ],
     [
      126.896788,
      37.464986
     ],
     [
      126.896787,
      37.464896
     ],
     [
      126.896786,
      37.464832
     ],
     [
      126.896775,
      37.464808
     ],
     [
      126.896739,
      37.464722
     ],
     [
      126.896702,
      37.464637
     ],
     [
      126.896666,
      37.464552
     ],
     [
      126.896629,
      37.464467
     ],
     [
      126.896593,
      37.464381
     ],
     [
      126.896556,
      37.464296
     ],
     [
      126.89652,
      37.464211
     ],
     [
      126.896483,
      37.464125
     ],
     [
      126.896447,
      37.46404
     ],
     [
      126.89641,
      37.463955
     ],
     [
      126.896374,
      37.46387
     ],
     [
      126.896337,
      37.463784
     ],
     [
      126.896301,
      37.463699
     ],
     [
      126.896264,
      37.463614
     ],
     [
      126.896228,
      37.463529
     ],
     [
      126.896192,
      37.463443
     ],
     [
      126.896155,
      37.463358
     ],
     [
      126.896119,
      37.463273
     ],
     [
      126.896082,
      37.463187
     ],
     [
      126.896046,
      37.463102
     ],
     [
      126.896009,
      37.463017
     ],
     [
      126.895973,
      37.462932
     ],
     [
      126.895936,
      37.462846
     ],
     [
      126.895935,
      37.462844
     ],
     [
      126.895982,
      37.462765
     ],
     [
      126.89603,
      37.462683
     ],
     [
      126.896078,
      37.462602
     ],
     [
      126.896126,
      37.46252
     ],
     [
      126.896174,
      37.462439
     ],
     [
      126.896222,
      37.462357
     ],
     [
      126.896271,
      37.462275
     ],
     [
      126.896319,
      37.462194
     ],
     [
      126.896367,
      37.462112
     ],
     [
      126.896415,
      37.462031
     ],
     [
      126.896463,
      37.461949
     ],
     [
      126.896511,
      37.461868
     ],
     [
      126.896559,
      37.461786
     ],
     [
      126.896607,
      37.461705
     ],
     [
      126.896655,
      37.461623
     ],
     [
      126.896703,
      37.461542
     ],
     [
      126.896752,
      37.46146
     ],
     [
      126.8968,
      37.461379
     ],
     [
      126.896848,
      37.461297
     ],
     [
      126.896896,
      37.461216
     ],
     [
      126.896944,
      37.461134
     ],
     [
      126.896992,
      37.461052
     ],
     [
      126.89704,
      37.460971
     ],
     [
      126.897088,
      37.460889
     ],
     [
      126.897136,
      37.460808
     ],
     [
      126.897185,
      37.460726
     ],
     [
      126.897233,
      37.460645
     ],
     [
      126.897281,
      37.460563
     ],
     [
      126.897329,
      37.460482
     ],
     [
      126.897377,
      37.4604
     ],
     [
      126.897425,
      37.460319
     ],
     [
      126.897466,
      37.460249
     ],
     [
      126.897469,
      37.460236
     ],
     [
      126.89749,
      37.460148
     ],
     [
      126.897512,
      37.460059
     ],
     [
      126.897533,
      37.459971
     ],
     [
      126.897554,
      37.459882
     ],
     [
      126.897576,
      37.459794
     ],
     [
      126.897597,
      37.459705
     ],
     [
      126.897618,
      37.459617
     ],
     [
      126.89764,
      37.459528
     ],
     [
      126.897661,
      37.45944
     ],
     [
      126.897682,
      37.459351
     ],
     [
      126.897704,
      37.459263
     ],
     [
      126.897725,
      37.459174
     ],
     [
      126.897746,
      37.459086
     ],
     [
      126.897768,
      37.458997
     ],
     [
      126.897789,
      37.458909
     ],
     [
      126.89781,
      37.45882
     ],
     [
      126.897832,
      37.458732
     ],
     [
      126.89785,
      37.458656
     ],
     [
      126.897857,
      37.458644
     ],
     [
      126.897902,
      37.458562
     ],
     [
      126.897948,
      37.45848
     ],
     [
      126.897994,
      37.458397
     ],
     [
      126.89804,
      37.458315
     ],
     [
      126.898086,
      37.458232
     ],
     [
      126.898131,
      37.45815
     ],
     [
      126.898177,
      37.458068
     ],
     [
      126.898223,
      37.457985
     ],
     [
      126.898269,
      37.457903
     ],
     [
      126.898278,
      37.457887
     ],
     [
      126.89828,
      37.457814
     ],
     [
      126.898282,
      37.457724
     ],
     [
      126.898284,
      37.457634
     ],
     [
      126.898286,
      37.457544
     ],
     [
      126.898288,
      37.457454
     ],
     [
      126.898291,
      37.457364
     ],
     [
      126.898293,
      37.457274
     ],
     [
      126.898295,
      37.457184
     ],
     [
      126.898296,
      37.457155
     ],
     [
      126.898312,
      37.457088
     ],
     [
      126.898334,
      37.457
     ],
     [
      126.898356,
      37.456911
     ],
     [
      126.898378,
      37.456823
     ],
     [
      126.898399,
      37.456734
     ],
     [
      126.898421,
      37.456646
     ],
     [
      126.898443,
      37.456557
     ],
     [
      126.898465,
      37.456469
     ],
     [
      126.898486,
      37.456381
     ],
     [
      126.898508,
      37.456292
     ],
     [
      126.89853,
      37.456204
     ],
     [
      126.898552,
      37.456115
     ],
     [
      126.898573,
      37.456027
     ],
     [
      126.898595,
      37.455939
     ],
     [
      126.898617,
      37.45585
     ],
     [
      126.898639,
      37.455762
     ],
     [
      126.89864,
      37.455756
     ],
     [
      126.898643,
      37.455749
     ],
     [
      126.898676,
      37.455663
     ],
     [
      126.898709,
      37.455577
     ],
     [
      126.898742,
      37.455491
     ],
     [
      126.898775,
      37.455405
     ],
     [
      126.898808,
      37.455318
     ],
     [
      126.898842,
      37.455232
     ],
     [
      126.898875,
      37.455146
     ],
     [
      126.898908,
      37.45506
     ],
     [
      126.898919,
      37.455031
     ],
     [
      126.898926,
      37.455013
     ],
     [
      126.898959,
      37.454927
     ],
     [
      126.898992,
      37.454841
     ],
     [
      126.899025,
      37.454754
     ],
     [
      126.899059,
      37.454668
     ],
     [
      126.899092,
      37.454582
     ],
     [
      126.899125,
      37.454496
     ],
     [
      126.899158,
      37.45441
     ],
     [
      126.899174,
      37.454369
     ],
     [
      126.899175,
      37.454367
     ],
     [
      126.899208,
      37.45428
     ],
     [
      126.899241,
      37.454194
     ],
     [
      126.899274,
      37.454108
     ],
     [
      126.899307,
      37.454022
     ],
     [
      126.89934,
      37.453936
     ],
     [
      126.899374,
      37.45385
     ],
     [
      126.899384,
      37.453823
     ],
     [
      126.899409,
      37.453764
     ],
     [
      126.899446,
      37.453679
     ],
     [
      126.899455,
      37.453657
     ],
     [
      126.899548,
      37.453657
     ],
     [
      126.899661,
      37.453658
     ],
     [
      126.899774,
      37.453659
     ],
     [
      126.899887,
      37.453659
     ],
     [
      126.9,
      37.45366
     ],
     [
      126.900113,
      37.453661
     ],
     [
      126.900226,
      37.453661
     ],
     [
      126.900339,
      37.453662
     ],
     [
      126.900452,
      37.453663
     ],
     [
      126.900565,
      37.453664
     ],
     [
      126.900603,
      37.453664
     ],
     [
      126.900674,
      37.453645
     ],
     [
      126.900781,
      37.453616
     ],
     [
      126.900888,
      37.453587
     ],
     [
      126.900995,
      37.453558
     ],
     [
      126.901102,
      37.453529
     ],
     [
      126.901209,
      37.453501
     ],
     [
      126.901316,
      37.453472
     ],
     [
      126.901423,
      37.453443
     ],
     [
      126.90153,
      37.453414
     ],
     [
      126.901638,
      37.453385
     ],
     [
      126.901745,
      37.453356
     ],
     [
      126.901852,
      37.453328
     ],
     [
      126.901959,
      37.453299
     ],
     [
      126.902066,
      37.45327
     ],
     [
      126.902118,
      37.453256
     ],
     [
      126.902155,
      37.45322
     ],
     [
      126.902228,
      37.453151
     ],
     [
      126.902301,
      37.453082
     ],
     [
      126.902373,
      37.453013
     ],
     [
      126.902446,
      37.452944
     ],
     [
      126.902519,
      37.452875
     ],
     [
      126.902591,
      37.452806
     ],
     [
      126.902664,
      37.452738
     ],
     [
      126.902737,
      37.452669
     ],
     [
      126.90281,
      37.4526
     ],
     [
      126.902882,
      37.452531
     ],
     [
      126.902955,
      37.452462
     ],
     [
      126.903028,
      37.452393
     ],
     [
      126.903048,
      37.452374
     ],
     [
      126.903073,
      37.452312
     ],
     [
      126.903109,
      37.452226
     ],
     [
      126.903144,
      37.45214
     ],
     [
      126.90318,
      37.452055
     ],
     [
      126.903215,
      37.451969
     ],
     [
      126.90325,
      37.451884
     ],
     [
      126.903286,
      37.451798
     ],
     [
      126.903321,
      37.451713
     ],
     [
      126.903356,
      37.451627
     ],
     [
      126.903392,
      37.451541
     ],
     [
      126.903427,
      37.451456
     ],
     [
      126.903463,
      37.45137
     ],
     [
      126.903498,
      37.451285
     ],
     [
      126.903533,
      37.451199
     ],
     [
      126.903569,
      37.451114
     ],
     [
      126.903604,
      37.451028
     ],
     [
      126.90364,
      37.450942
     ],
     [
      126.903675,
      37.450857
     ],
     [
      126.90371,
      37.450771
     ],
     [
      126.903746,
      37.450686
     ],
     [
      126.903781,
      37.4506
     ],
     [
      126.903817,
      37.450515
     ],
     [
      126.903852,
      37.450429
     ],
     [
      126.903872,
      37.450381
     ],
     [
      126.903836,
      37.450354
     ],
     [
      126.90792,
      37.44965
     ]
    ]
   },
   "properties": {
    "kind": "leg",
    "id": "day1",
    "day": 1,
    "label": "창덕궁 → 시흥행궁",
    "direction": "outbound",
    "distanceKm": 19.98,
    "pointCount": 2050,
    "via": [
     "changdeok",
     "baedari",
     "@manan_skip",
     "siheung"
    ]
   }
  },
  {
   "type": "Feature",
   "geometry": {
    "type": "LineString",
    "coordinates": [
     [
      126.90792,
      37.44965
     ],
     [
      126.903836,
      37.450354
     ],
     [
      126.903755,
      37.450291
     ],
     [
      126.903674,
      37.450228
     ],
     [
      126.903592,
      37.450166
     ],
     [
      126.903511,
      37.450103
     ],
     [
      126.90343,
      37.450041
     ],
     [
      126.903348,
      37.449978
     ],
     [
      126.903267,
      37.449916
     ],
     [
      126.903186,
      37.449853
     ],
     [
      126.903105,
      37.44979
     ],
     [
      126.903023,
      37.449728
     ],
     [
      126.902942,
      37.449665
     ],
     [
      126.902861,
      37.449603
     ],
     [
      126.902779,
      37.44954
     ],
     [
      126.902698,
      37.449477
     ],
     [
      126.902664,
      37.449451
     ],
     [
      126.902663,
      37.449399
     ],
     [
      126.902662,
      37.449309
     ],
     [
      126.90266,
      37.449219
     ],
     [
      126.902659,
      37.449129
     ],
     [
      126.902657,
      37.449039
     ],
     [
      126.902655,
      37.448948
     ],
     [
      126.902654,
      37.448858
     ],
     [
      126.902652,
      37.448768
     ],
     [
      126.902651,
      37.448678
     ],
     [
      126.902649,
      37.448588
     ],
     [
      126.902648,
      37.448498
     ],
     [
      126.902647,
      37.448455
     ],
     [
      126.902646,
      37.448408
     ],
     [
      126.902644,
      37.448318
     ],
     [
      126.902641,
      37.448228
     ],
     [
      126.902639,
      37.448138
     ],
     [
      126.902637,
      37.448048
     ],
     [
      126.902634,
      37.447957
     ],
     [
      126.902632,
      37.447867
     ],
     [
      126.90263,
      37.447777
     ],
     [
      126.902627,
      37.447687
     ],
     [
      126.902625,
      37.447597
     ],
     [
      126.902622,
      37.447507
     ],
     [
      126.90262,
      37.447417
     ],
     [
      126.902618,
      37.447327
     ],
     [
      126.902616,
      37.447246
     ],
     [
      126.902635,
      37.447211
     ],
     [
      126.90268,
      37.447129
     ],
     [
      126.902725,
      37.447046
     ],
     [
      126.90277,
      37.446963
     ],
     [
      126.902815,
      37.446881
     ],
     [
      126.902836,
      37.446841
     ],
     [
      126.902827,
      37.446795
     ],
     [
      126.902809,
      37.446706
     ],
     [
      126.902791,
      37.446617
     ],
     [
      126.902773,
      37.446528
     ],
     [
      126.902755,
      37.446439
     ],
     [
      126.902737,
      37.44635
     ],
     [
      126.902719,
      37.446261
     ],
     [
      126.902701,
      37.446172
     ],
     [
      126.902683,
      37.446083
     ],
     [
      126.902665,
      37.445994
     ],
     [
      126.902647,
      37.445905
     ],
     [
      126.902629,
      37.445816
     ],
     [
      126.902627,
      37.445806
     ],
     [
      126.902634,
      37.445726
     ],
     [
      126.902642,
      37.445636
     ],
     [
      126.90265,
      37.445547
     ],
     [
      126.902658,
      37.445457
     ],
     [
      126.902666,
      37.445367
     ],
     [
      126.902674,
      37.445277
     ],
     [
      126.902682,
      37.445187
     ],
     [
      126.90269,
      37.445097
     ],
     [
      126.902698,
      37.445007
     ],
     [
      126.902706,
      37.444917
     ],
     [
      126.902714,
      37.444828
     ],
     [
      126.902723,
      37.444738
     ],
     [
      126.902731,
      37.444648
     ],
     [
      126.902739,
      37.444558
     ],
     [
      126.902747,
      37.444468
     ],
     [
      126.902755,
      37.444378
     ],
     [
      126.902763,
      37.444288
     ],
     [
      126.902771,
      37.444198
     ],
     [
      126.902779,
      37.444109
     ],
     [
      126.902787,
      37.444019
     ],
     [
      126.902795,
      37.443929
     ],
     [
      126.902803,
      37.443839
     ],
     [
      126.902805,
      37.44382
     ],
     [
      126.902799,
      37.443748
     ],
     [
      126.902791,
      37.443658
     ],
     [
      126.902783,
      37.443568
     ],
     [
      126.902775,
      37.443478
     ],
     [
      126.902767,
      37.443388
     ],
     [
      126.902759,
      37.443299
     ],
     [
      126.902751,
      37.443209
     ],
     [
      126.902743,
      37.443119
     ],
     [
      126.902735,
      37.443029
     ],
     [
      126.902728,
      37.442939
     ],
     [
      126.90272,
      37.442849
     ],
     [
      126.902712,
      37.442759
     ],
     [
      126.902704,
      37.442669
     ],
     [
      126.902696,
      37.44258
     ],
     [
      126.902688,
      37.44249
     ],
     [
      126.90268,
      37.4424
     ],
     [
      126.902672,
      37.44231
     ],
     [
      126.902665,
      37.44222
     ],
     [
      126.902657,
      37.44213
     ],
     [
      126.902649,
      37.44204
     ],
     [
      126.902641,
      37.44195
     ],
     [
      126.902633,
      37.44186
     ],
     [
      126.902625,
      37.441771
     ],
     [
      126.902617,
      37.441681
     ],
     [
      126.902609,
      37.441591
     ],
     [
      126.902602,
      37.441506
     ],
     [
      126.902598,
      37.441461
     ],
     [
      126.90259,
      37.441371
     ],
     [
      126.902582,
      37.441281
     ],
     [
      126.902577,
      37.441221
     ],
     [
      126.902573,
      37.441206
     ],
     [
      126.902549,
      37.441118
     ],
     [
      126.902525,
      37.44103
     ],
     [
      126.902501,
      37.440942
     ],
     [
      126.902477,
      37.440854
     ],
     [
      126.902453,
      37.440766
     ],
     [
      126.902429,
      37.440678
     ],
     [
      126.902405,
      37.44059
     ],
     [
      126.902381,
      37.440502
     ],
     [
      126.902357,
      37.440414
     ],
     [
      126.902333,
      37.440326
     ],
     [
      126.902309,
      37.440238
     ],
     [
      126.902285,
      37.440149
     ],
     [
      126.902261,
      37.440061
     ],
     [
      126.902248,
      37.440015
     ],
     [
      126.902241,
      37.439973
     ],
     [
      126.902226,
      37.439884
     ],
     [
      126.90221,
      37.439794
     ],
     [
      126.902195,
      37.439705
     ],
     [
      126.902179,
      37.439616
     ],
     [
      126.902164,
      37.439527
     ],
     [
      126.902148,
      37.439437
     ],
     [
      126.902133,
      37.439348
     ],
     [
      126.902117,
      37.439259
     ],
     [
      126.902102,
      37.43917
     ],
     [
      126.902086,
      37.43908
     ],
     [
      126.902071,
      37.438991
     ],
     [
      126.902055,
      37.438902
     ],
     [
      126.90204,
      37.438813
     ],
     [
      126.902039,
      37.438811
     ],
     [
      126.902048,
      37.438723
     ],
     [
      126.902056,
      37.438633
     ],
     [
      126.902065,
      37.438543
     ],
     [
      126.902073,
      37.438453
     ],
     [
      126.902082,
      37.438363
     ],
     [
      126.90209,
      37.438273
     ],
     [
      126.902099,
      37.438184
     ],
     [
      126.902107,
      37.438094
     ],
     [
      126.902116,
      37.438004
     ],
     [
      126.902124,
      37.437914
     ],
     [
      126.902133,
      37.437824
     ],
     [
      126.902141,
      37.437734
     ],
     [
      126.90215,
      37.437645
     ],
     [
      126.902158,
      37.437555
     ],
     [
      126.902167,
      37.437465
     ],
     [
      126.902175,
      37.437375
     ],
     [
      126.902184,
      37.437285
     ],
     [
      126.902192,
      37.437195
     ],
     [
      126.902201,
      37.437105
     ],
     [
      126.902209,
      37.437016
     ],
     [
      126.902218,
      37.436926
     ],
     [
      126.902226,
      37.436836
     ],
     [
      126.902235,
      37.436746
     ],
     [
      126.902243,
      37.436656
     ],
     [
      126.902252,
      37.436566
     ],
     [
      126.90226,
      37.436477
     ],
     [
      126.902269,
      37.436387
     ],
     [
      126.902277,
      37.436297
     ],
     [
      126.902286,
      37.436207
     ],
     [
      126.902294,
      37.436117
     ],
     [
      126.902303,
      37.436027
     ],
     [
      126.902311,
      37.435937
     ],
     [
      126.90232,
      37.435848
     ],
     [
      126.902328,
      37.435758
     ],
     [
      126.902337,
      37.435668
     ],
     [
      126.902345,
      37.435578
     ],
     [
      126.902354,
      37.435488
     ],
     [
      126.90236,
      37.435427
     ],
     [
      126.902365,
      37.435399
     ],
     [
      126.902381,
      37.435309
     ],
     [
      126.902397,
      37.43522
     ],
     [
      126.902413,
      37.435131
     ],
     [
      126.902429,
      37.435042
     ],
     [
      126.902445,
      37.434953
     ],
     [
      126.902461,
      37.434864
     ],
     [
      126.902477,
      37.434774
     ],
     [
      126.902493,
      37.434685
     ],
     [
      126.902509,
      37.434596
     ],
     [
      126.902526,
      37.434507
     ],
     [
      126.902542,
      37.434418
     ],
     [
      126.902558,
      37.434328
     ],
     [
      126.902574,
      37.434239
     ],
     [
      126.90259,
      37.43415
     ],
     [
      126.902606,
      37.434061
     ],
     [
      126.902622,
      37.433972
     ],
     [
      126.902638,
      37.433883
     ],
     [
      126.902654,
      37.433793
     ],
     [
      126.90267,
      37.433704
     ],
     [
      126.902687,
      37.433615
     ],
     [
      126.902703,
      37.433526
     ],
     [
      126.902719,
      37.433437
     ],
     [
      126.902735,
      37.433347
     ],
     [
      126.902751,
      37.433258
     ],
     [
      126.902767,
      37.433169
     ],
     [
      126.902783,
      37.43308
     ],
     [
      126.902799,
      37.432991
     ],
     [
      126.902815,
      37.432901
     ],
     [
      126.902831,
      37.432812
     ],
     [
      126.902847,
      37.432723
     ],
     [
      126.902864,
      37.432634
     ],
     [
      126.90288,
      37.432545
     ],
     [
      126.90289,
      37.43249
     ],
     [
      126.902902,
      37.432457
     ],
     [
      126.902935,
      37.43237
     ],
     [
      126.902967,
      37.432284
     ],
     [
      126.903,
      37.432198
     ],
     [
      126.903032,
      37.432112
     ],
     [
      126.903065,
      37.432025
     ],
     [
      126.903098,
      37.431939
     ],
     [
      126.90313,
      37.431853
     ],
     [
      126.903163,
      37.431766
     ],
     [
      126.903195,
      37.43168
     ],
     [
      126.903228,
      37.431594
     ],
     [
      126.90326,
      37.431508
     ],
     [
      126.903293,
      37.431421
     ],
     [
      126.903326,
      37.431335
     ],
     [
      126.903358,
      37.431249
     ],
     [
      126.903391,
      37.431163
     ],
     [
      126.903423,
      37.431076
     ],
     [
      126.903456,
      37.43099
     ],
     [
      126.903488,
      37.430904
     ],
     [
      126.903521,
      37.430817
     ],
     [
      126.903554,
      37.430731
     ],
     [
      126.903586,
      37.430645
     ],
     [
      126.903619,
      37.430559
     ],
     [
      126.903651,
      37.430472
     ],
     [
      126.903684,
      37.430386
     ],
     [
      126.903716,
      37.4303
     ],
     [
      126.903749,
      37.430214
     ],
     [
      126.903782,
      37.430127
     ],
     [
      126.903814,
      37.430041
     ],
     [
      126.903847,
      37.429955
     ],
     [
      126.903879,
      37.429868
     ],
     [
      126.903912,
      37.429782
     ],
     [
      126.903945,
      37.429696
     ],
     [
      126.903946,
      37.429693
     ],
     [
      126.903953,
      37.429606
     ],
     [
      126.903961,
      37.429516
     ],
     [
      126.903969,
      37.429426
     ],
     [
      126.903977,
      37.429336
     ],
     [
      126.903984,
      37.429247
     ],
     [
      126.903992,
      37.429157
     ],
     [
      126.904,
      37.429067
     ],
     [
      126.904008,
      37.428977
     ],
     [
      126.904016,
      37.428887
     ],
     [
      126.904023,
      37.428797
     ],
     [
      126.904031,
      37.428707
     ],
     [
      126.904039,
      37.428617
     ],
     [
      126.904047,
      37.428527
     ],
     [
      126.904052,
      37.428462
     ],
     [
      126.90405,
      37.428438
     ],
     [
      126.904039,
      37.428348
     ],
     [
      126.904028,
      37.428258
     ],
     [
      126.904017,
      37.428169
     ],
     [
      126.904006,
      37.428079
     ],
     [
      126.903996,
      37.427989
     ],
     [
      126.903985,
      37.4279
     ],
     [
      126.903974,
      37.42781
     ],
     [
      126.903963,
      37.42772
     ],
     [
      126.903953,
      37.42763
     ],
     [
      126.903948,
      37.427595
     ],
     [
      126.903948,
      37.42754
     ],
     [
      126.903949,
      37.42745
     ],
     [
      126.903949,
      37.42736
     ],
     [
      126.903949,
      37.42727
     ],
     [
      126.903949,
      37.42718
     ],
     [
      126.903949,
      37.42709
     ],
     [
      126.903949,
      37.427
     ],
     [
      126.903949,
      37.426951
     ],
     [
      126.903966,
      37.426912
     ],
     [
      126.904001,
      37.426826
     ],
     [
      126.904037,
      37.426741
     ],
     [
      126.904073,
      37.426656
     ],
     [
      126.904109,
      37.42657
     ],
     [
      126.904145,
      37.426485
     ],
     [
      126.904181,
      37.426399
     ],
     [
      126.904217,
      37.426314
     ],
     [
      126.904231,
      37.42628
     ],
     [
      126.904192,
      37.426235
     ],
     [
      126.904129,
      37.42616
     ],
     [
      126.904065,
      37.426086
     ],
     [
      126.904002,
      37.426011
     ],
     [
      126.903938,
      37.425937
     ],
     [
      126.903875,
      37.425862
     ],
     [
      126.903812,
      37.425788
     ],
     [
      126.903748,
      37.425713
     ],
     [
      126.903685,
      37.425638
     ],
     [
      126.903635,
      37.42558
     ],
     [
      126.903628,
      37.425561
     ],
     [
      126.903593,
      37.425476
     ],
     [
      126.903559,
      37.42539
     ],
     [
      126.903524,
      37.425304
     ],
     [
      126.90349,
      37.425218
     ],
     [
      126.903455,
      37.425132
     ],
     [
      126.903421,
      37.425047
     ],
     [
      126.903386,
      37.424961
     ],
     [
      126.903352,
      37.424875
     ],
     [
      126.90332,
      37.424797
     ],
     [
      126.903325,
      37.42479
     ],
     [
      126.903382,
      37.424712
     ],
     [
      126.903438,
      37.424634
     ],
     [
      126.903495,
      37.424556
     ],
     [
      126.903551,
      37.424478
     ],
     [
      126.903607,
      37.4244
     ],
     [
      126.903664,
      37.424321
     ],
     [
      126.90372,
      37.424243
     ],
     [
      126.903777,
      37.424165
     ],
     [
      126.903833,
      37.424087
     ],
     [
      126.90389,
      37.424009
     ],
     [
      126.903946,
      37.423931
     ],
     [
      126.904002,
      37.423853
     ],
     [
      126.904059,
      37.423775
     ],
     [
      126.904115,
      37.423697
     ],
     [
      126.904129,
      37.423678
     ],
     [
      126.904157,
      37.423614
     ],
     [
      126.904195,
      37.423529
     ],
     [
      126.904232,
      37.423444
     ],
     [
      126.90427,
      37.423359
     ],
     [
      126.904307,
      37.423274
     ],
     [
      126.904345,
      37.423189
     ],
     [
      126.904382,
      37.423104
     ],
     [
      126.90442,
      37.423019
     ],
     [
      126.904457,
      37.422934
     ],
     [
      126.904495,
      37.422849
     ],
     [
      126.904532,
      37.422764
     ],
     [
      126.90457,
      37.422679
     ],
     [
      126.904607,
      37.422594
     ],
     [
      126.904645,
      37.422509
     ],
     [
      126.904682,
      37.422424
     ],
     [
      126.90472,
      37.422339
     ],
     [
      126.904757,
      37.422254
     ],
     [
      126.904795,
      37.422169
     ],
     [
      126.904832,
      37.422084
     ],
     [
      126.904833,
      37.422084
     ],
     [
      126.904896,
      37.42201
     ],
     [
      126.90496,
      37.421935
     ],
     [
      126.905024,
      37.421861
     ],
     [
      126.905088,
      37.421786
     ],
     [
      126.905152,
      37.421712
     ],
     [
      126.905216,
      37.421638
     ],
     [
      126.905279,
      37.421563
     ],
     [
      126.905343,
      37.421489
     ],
     [
      126.905407,
      37.421415
     ],
     [
      126.905471,
      37.42134
     ],
     [
      126.905535,
      37.421266
     ],
     [
      126.905599,
      37.421192
     ],
     [
      126.905662,
      37.421117
     ],
     [
      126.905726,
      37.421043
     ],
     [
      126.90579,
      37.420969
     ],
     [
      126.905854,
      37.420894
     ],
     [
      126.905918,
      37.42082
     ],
     [
      126.905982,
      37.420746
     ],
     [
      126.906045,
      37.420671
     ],
     [
      126.906109,
      37.420597
     ],
     [
      126.906173,
      37.420523
     ],
     [
      126.906237,
      37.420448
     ],
     [
      126.906273,
      37.420407
     ],
     [
      126.906299,
      37.420373
     ],
     [
      126.906358,
      37.420296
     ],
     [
      126.906418,
      37.42022
     ],
     [
      126.906477,
      37.420143
     ],
     [
      126.906536,
      37.420066
     ],
     [
      126.906596,
      37.41999
     ],
     [
      126.906655,
      37.419913
     ],
     [
      126.906715,
      37.419837
     ],
     [
      126.906774,
      37.41976
     ],
     [
      126.906833,
      37.419683
     ],
     [
      126.906893,
      37.419607
     ],
     [
      126.906952,
      37.41953
     ],
     [
      126.907012,
      37.419453
     ],
     [
      126.907071,
      37.419377
     ],
     [
      126.907131,
      37.4193
     ],
     [
      126.90719,
      37.419223
     ],
     [
      126.907249,
      37.419147
     ],
     [
      126.907291,
      37.419093
     ],
     [
      126.907303,
      37.419068
     ],
     [
      126.907341,
      37.418983
     ],
     [
      126.90738,
      37.418898
     ],
     [
      126.907418,
      37.418814
     ],
     [
      126.907457,
      37.418729
     ],
     [
      126.907496,
      37.418644
     ],
     [
      126.907534,
      37.41856
     ],
     [
      126.907573,
      37.418475
     ],
     [
      126.907611,
      37.41839
     ],
     [
      126.90765,
      37.418306
     ],
     [
      126.907689,
      37.418221
     ],
     [
      126.907727,
      37.418136
     ],
     [
      126.907766,
      37.418052
     ],
     [
      126.907804,
      37.417967
     ],
     [
      126.907843,
      37.417882
     ],
     [
      126.907881,
      37.417798
     ],
     [
      126.90792,
      37.417713
     ],
     [
      126.907959,
      37.417628
     ],
     [
      126.907997,
      37.417544
     ],
     [
      126.908036,
      37.417459
     ],
     [
      126.908074,
      37.417374
     ],
     [
      126.908113,
      37.41729
     ],
     [
      126.908152,
      37.417205
     ],
     [
      126.908171,
      37.417163
     ],
     [
      126.908205,
      37.417127
     ],
     [
      126.908273,
      37.417055
     ],
     [
      126.908341,
      37.416983
     ],
     [
      126.908409,
      37.41691
     ],
     [
      126.908476,
      37.416838
     ],
     [
      126.908544,
      37.416766
     ],
     [
      126.908612,
      37.416694
     ],
     [
      126.90868,
      37.416622
     ],
     [
      126.908748,
      37.41655
     ],
     [
      126.908816,
      37.416478
     ],
     [
      126.908884,
      37.416406
     ],
     [
      126.908952,
      37.416334
     ],
     [
      126.909019,
      37.416262
     ],
     [
      126.909087,
      37.41619
     ],
     [
      126.909155,
      37.416118
     ],
     [
      126.909223,
      37.416046
     ],
     [
      126.909224,
      37.416045
     ],
     [
      126.909285,
      37.415971
     ],
     [
      126.909347,
      37.415895
     ],
     [
      126.909409,
      37.41582
     ],
     [
      126.90947,
      37.415745
     ],
     [
      126.909532,
      37.415669
     ],
     [
      126.909594,
      37.415594
     ],
     [
      126.909656,
      37.415518
     ],
     [
      126.909717,
      37.415443
     ],
     [
      126.909779,
      37.415367
     ],
     [
      126.909841,
      37.415292
     ],
     [
      126.909903,
      37.415217
     ],
     [
      126.909965,
      37.415141
     ],
     [
      126.910026,
      37.415066
     ],
     [
      126.910088,
      37.41499
     ],
     [
      126.91015,
      37.414915
     ],
     [
      126.910212,
      37.414839
     ],
     [
      126.910274,
      37.414764
     ],
     [
      126.910335,
      37.414689
     ],
     [
      126.910397,
      37.414613
     ],
     [
      126.910459,
      37.414538
     ],
     [
      126.910521,
      37.414462
     ],
     [
      126.910583,
      37.414387
     ],
     [
      126.910644,
      37.414311
     ],
     [
      126.910659,
      37.414294
     ],
     [
      126.910699,
      37.414252
     ],
     [
      126.910767,
      37.41418
     ],
     [
      126.910835,
      37.414108
     ],
     [
      126.910903,
      37.414036
     ],
     [
      126.910971,
      37.413964
     ],
     [
      126.911039,
      37.413892
     ],
     [
      126.911107,
      37.41382
     ],
     [
      126.911175,
      37.413748
     ],
     [
      126.911242,
      37.413676
     ],
     [
      126.91131,
      37.413604
     ],
     [
      126.911378,
      37.413532
     ],
     [
      126.911446,
      37.41346
     ],
     [
      126.911514,
      37.413388
     ],
     [
      126.911582,
      37.413316
     ],
     [
      126.91165,
      37.413244
     ],
     [
      126.911718,
      37.413172
     ],
     [
      126.911786,
      37.4131
     ],
     [
      126.911854,
      37.413028
     ],
     [
      126.911922,
      37.412956
     ],
     [
      126.91199,
      37.412884
     ],
     [
      126.912058,
      37.412812
     ],
     [
      126.912126,
      37.41274
     ],
     [
      126.912194,
      37.412668
     ],
     [
      126.912262,
      37.412596
     ],
     [
      126.91233,
      37.412524
     ],
     [
      126.912398,
      37.412452
     ],
     [
      126.912466,
      37.41238
     ],
     [
      126.912534,
      37.412308
     ],
     [
      126.912601,
      37.412236
     ],
     [
      126.912669,
      37.412164
     ],
     [
      126.912737,
      37.412092
     ],
     [
      126.912805,
      37.41202
     ],
     [
      126.912806,
      37.412019
     ],
     [
      126.912812,
      37.412007
     ],
     [
      126.912855,
      37.411924
     ],
     [
      126.912898,
      37.411841
     ],
     [
      126.912941,
      37.411757
     ],
     [
      126.912984,
      37.411674
     ],
     [
      126.913027,
      37.41159
     ],
     [
      126.91307,
      37.411507
     ],
     [
      126.913113,
      37.411424
     ],
     [
      126.913155,
      37.41134
     ],
     [
      126.913198,
      37.411257
     ],
     [
      126.913241,
      37.411174
     ],
     [
      126.913284,
      37.41109
     ],
     [
      126.913327,
      37.411007
     ],
     [
      126.91337,
      37.410924
     ],
     [
      126.913413,
      37.41084
     ],
     [
      126.913439,
      37.410789
     ],
     [
      126.913461,
      37.410759
     ],
     [
      126.913517,
      37.410681
     ],
     [
      126.913574,
      37.410603
     ],
     [
      126.91363,
      37.410525
     ],
     [
      126.913687,
      37.410447
     ],
     [
      126.913743,
      37.410369
     ],
     [
      126.9138,
      37.410291
     ],
     [
      126.913856,
      37.410213
     ],
     [
      126.913913,
      37.410135
     ],
     [
      126.913969,
      37.410057
     ],
     [
      126.914026,
      37.409979
     ],
     [
      126.914083,
      37.409901
     ],
     [
      126.914139,
      37.409823
     ],
     [
      126.914196,
      37.409745
     ],
     [
      126.914252,
      37.409667
     ],
     [
      126.914309,
      37.409589
     ],
     [
      126.914365,
      37.409511
     ],
     [
      126.914422,
      37.409433
     ],
     [
      126.914478,
      37.409355
     ],
     [
      126.914535,
      37.409277
     ],
     [
      126.914591,
      37.409199
     ],
     [
      126.914648,
      37.409121
     ],
     [
      126.914704,
      37.409043
     ],
     [
      126.914761,
      37.408965
     ],
     [
      126.914817,
      37.408887
     ],
     [
      126.914874,
      37.408809
     ],
     [
      126.914931,
      37.408731
     ],
     [
      126.914987,
      37.408653
     ],
     [
      126.91502,
      37.408608
     ],
     [
      126.915046,
      37.408576
     ],
     [
      126.915108,
      37.408501
     ],
     [
      126.91517,
      37.408425
     ],
     [
      126.915232,
      37.40835
     ],
     [
      126.915294,
      37.408274
     ],
     [
      126.915355,
      37.408199
     ],
     [
      126.915417,
      37.408124
     ],
     [
      126.915479,
      37.408048
     ],
     [
      126.915541,
      37.407973
     ],
     [
      126.915603,
      37.407898
     ],
     [
      126.915665,
      37.407822
     ],
     [
      126.915727,
      37.407747
     ],
     [
      126.915789,
      37.407672
     ],
     [
      126.915851,
      37.407596
     ],
     [
      126.915913,
      37.407521
     ],
     [
      126.915975,
      37.407446
     ],
     [
      126.916037,
      37.40737
     ],
     [
      126.916099,
      37.407295
     ],
     [
      126.91616,
      37.407219
     ],
     [
      126.916222,
      37.407144
     ],
     [
      126.916284,
      37.407069
     ],
     [
      126.916346,
      37.406993
     ],
     [
      126.916408,
      37.406918
     ],
     [
      126.91647,
      37.406843
     ],
     [
      126.916532,
      37.406767
     ],
     [
      126.916594,
      37.406692
     ],
     [
      126.916656,
      37.406617
     ],
     [
      126.916718,
      37.406541
     ],
     [
      126.91678,
      37.406466
     ],
     [
      126.916842,
      37.406391
     ],
     [
      126.916903,
      37.406315
     ],
     [
      126.916965,
      37.40624
     ],
     [
      126.91772,
      37.40661
     ],
     [
      126.916965,
      37.40624
     ],
     [
      126.917027,
      37.406164
     ],
     [
      126.917089,
      37.406089
     ],
     [
      126.917151,
      37.406014
     ],
     [
      126.917213,
      37.405938
     ],
     [
      126.917275,
      37.405863
     ],
     [
      126.917337,
      37.405788
     ],
     [
      126.917399,
      37.405712
     ],
     [
      126.917461,
      37.405637
     ],
     [
      126.917478,
      37.405616
     ],
     [
      126.917532,
      37.405567
     ],
     [
      126.917607,
      37.4055
     ],
     [
      126.917682,
      37.405433
     ],
     [
      126.917758,
      37.405366
     ],
     [
      126.917833,
      37.405298
     ],
     [
      126.917908,
      37.405231
     ],
     [
      126.917983,
      37.405164
     ],
     [
      126.918058,
      37.405097
     ],
     [
      126.918133,
      37.405029
     ],
     [
      126.918208,
      37.404962
     ],
     [
      126.918284,
      37.404895
     ],
     [
      126.918359,
      37.404827
     ],
     [
      126.918434,
      37.40476
     ],
     [
      126.918509,
      37.404693
     ],
     [
      126.918584,
      37.404626
     ],
     [
      126.918659,
      37.404558
     ],
     [
      126.918734,
      37.404491
     ],
     [
      126.918809,
      37.404424
     ],
     [
      126.918885,
      37.404356
     ],
     [
      126.91896,
      37.404289
     ],
     [
      126.919035,
      37.404222
     ],
     [
      126.91911,
      37.404155
     ],
     [
      126.919185,
      37.404087
     ],
     [
      126.91926,
      37.40402
     ],
     [
      126.919335,
      37.403953
     ],
     [
      126.91941,
      37.403886
     ],
     [
      126.919486,
      37.403818
     ],
     [
      126.919561,
      37.403751
     ],
     [
      126.919636,
      37.403684
     ],
     [
      126.919711,
      37.403616
     ],
     [
      126.919786,
      37.403549
     ],
     [
      126.919861,
      37.403482
     ],
     [
      126.919936,
      37.403415
     ],
     [
      126.920012,
      37.403347
     ],
     [
      126.920087,
      37.40328
     ],
     [
      126.920162,
      37.403213
     ],
     [
      126.920237,
      37.403145
     ],
     [
      126.920312,
      37.403078
     ],
     [
      126.920387,
      37.403011
     ],
     [
      126.920462,
      37.402944
     ],
     [
      126.920537,
      37.402876
     ],
     [
      126.920592,
      37.402827
     ],
     [
      126.92062,
      37.402803
     ],
     [
      126.920657,
      37.402766
     ],
     [
      126.920727,
      37.402695
     ],
     [
      126.920798,
      37.402625
     ],
     [
      126.920868,
      37.402554
     ],
     [
      126.920938,
      37.402484
     ],
     [
      126.921009,
      37.402414
     ],
     [
      126.921079,
      37.402343
     ],
     [
      126.92115,
      37.402273
     ],
     [
      126.92122,
      37.402202
     ],
     [
      126.921291,
      37.402132
     ],
     [
      126.921361,
      37.402061
     ],
     [
      126.921431,
      37.401991
     ],
     [
      126.921502,
      37.40192
     ],
     [
      126.921572,
      37.40185
     ],
     [
      126.921643,
      37.40178
     ],
     [
      126.921713,
      37.401709
     ],
     [
      126.921784,
      37.401639
     ],
     [
      126.921854,
      37.401568
     ],
     [
      126.921925,
      37.401498
     ],
     [
      126.921995,
      37.401427
     ],
     [
      126.922065,
      37.401357
     ],
     [
      126.922136,
      37.401287
     ],
     [
      126.922206,
      37.401216
     ],
     [
      126.922277,
      37.401146
     ],
     [
      126.922347,
      37.401075
     ],
     [
      126.922418,
      37.401005
     ],
     [
      126.922488,
      37.400934
     ],
     [
      126.922558,
      37.400864
     ],
     [
      126.922629,
      37.400794
     ],
     [
      126.922699,
      37.400723
     ],
     [
      126.922759,
      37.400663
     ],
     [
      126.92278,
      37.400642
     ],
     [
      126.922851,
      37.400571
     ],
     [
      126.922921,
      37.400501
     ],
     [
      126.922992,
      37.400431
     ],
     [
      126.923062,
      37.40036
     ],
     [
      126.923133,
      37.40029
     ],
     [
      126.923203,
      37.400219
     ],
     [
      126.923274,
      37.400149
     ],
     [
      126.923344,
      37.400078
     ],
     [
      126.923382,
      37.400041
     ],
     [
      126.92341,
      37.400006
     ],
     [
      126.923472,
      37.39993
     ],
     [
      126.923533,
      37.399855
     ],
     [
      126.923595,
      37.399779
     ],
     [
      126.923657,
      37.399703
     ],
     [
      126.923718,
      37.399628
     ],
     [
      126.92378,
      37.399552
     ],
     [
      126.923841,
      37.399477
     ],
     [
      126.923903,
      37.399401
     ],
     [
      126.923964,
      37.399326
     ],
     [
      126.924026,
      37.39925
     ],
     [
      126.924085,
      37.399177
     ],
     [
      126.924141,
      37.399108
     ],
     [
      126.924203,
      37.399033
     ],
     [
      126.924265,
      37.398957
     ],
     [
      126.924326,
      37.398882
     ],
     [
      126.924388,
      37.398806
     ],
     [
      126.924449,
      37.39873
     ],
     [
      126.924511,
      37.398655
     ],
     [
      126.924572,
      37.398579
     ],
     [
      126.924634,
      37.398504
     ],
     [
      126.924695,
      37.398428
     ],
     [
      126.924757,
      37.398353
     ],
     [
      126.924795,
      37.398306
     ],
     [
      126.924824,
      37.39828
     ],
     [
      126.924899,
      37.398213
     ],
     [
      126.924974,
      37.398146
     ],
     [
      126.92505,
      37.398079
     ],
     [
      126.925125,
      37.398012
     ],
     [
      126.9252,
      37.397944
     ],
     [
      126.925275,
      37.397877
     ],
     [
      126.925351,
      37.39781
     ],
     [
      126.925426,
      37.397743
     ],
     [
      126.925501,
      37.397676
     ],
     [
      126.925576,
      37.397609
     ],
     [
      126.925652,
      37.397541
     ],
     [
      126.925727,
      37.397474
     ],
     [
      126.925802,
      37.397407
     ],
     [
      126.925877,
      37.39734
     ],
     [
      126.925953,
      37.397273
     ],
     [
      126.926028,
      37.397205
     ],
     [
      126.926103,
      37.397138
     ],
     [
      126.926178,
      37.397071
     ],
     [
      126.926254,
      37.397004
     ],
     [
      126.926329,
      37.396937
     ],
     [
      126.926404,
      37.396869
     ],
     [
      126.926479,
      37.396802
     ],
     [
      126.926555,
      37.396735
     ],
     [
      126.926594,
      37.3967
     ],
     [
      126.926635,
      37.396672
     ],
     [
      126.926722,
      37.396615
     ],
     [
      126.926809,
      37.396557
     ],
     [
      126.926895,
      37.396499
     ],
     [
      126.926982,
      37.396441
     ],
     [
      126.927069,
      37.396384
     ],
     [
      126.927155,
      37.396326
     ],
     [
      126.927242,
      37.396268
     ],
     [
      126.927329,
      37.39621
     ],
     [
      126.927415,
      37.396152
     ],
     [
      126.927502,
      37.396095
     ],
     [
      126.927589,
      37.396037
     ],
     [
      126.927675,
      37.395979
     ],
     [
      126.927762,
      37.395921
     ],
     [
      126.927849,
      37.395864
     ],
     [
      126.927935,
      37.395806
     ],
     [
      126.928022,
      37.395748
     ],
     [
      126.928109,
      37.39569
     ],
     [
      126.928195,
      37.395632
     ],
     [
      126.928282,
      37.395575
     ],
     [
      126.928368,
      37.395517
     ],
     [
      126.928455,
      37.395459
     ],
     [
      126.928542,
      37.395401
     ],
     [
      126.928628,
      37.395344
     ],
     [
      126.928715,
      37.395286
     ],
     [
      126.928802,
      37.395228
     ],
     [
      126.928888,
      37.39517
     ],
     [
      126.928975,
      37.395113
     ],
     [
      126.929062,
      37.395055
     ],
     [
      126.929099,
      37.39503
     ],
     [
      126.929134,
      37.394987
     ],
     [
      126.929195,
      37.394911
     ],
     [
      126.929256,
      37.394835
     ],
     [
      126.929317,
      37.394759
     ],
     [
      126.929378,
      37.394683
     ],
     [
      126.929439,
      37.394608
     ],
     [
      126.9295,
      37.394532
     ],
     [
      126.929561,
      37.394456
     ],
     [
      126.929622,
      37.39438
     ],
     [
      126.929683,
      37.394304
     ],
     [
      126.929744,
      37.394229
     ],
     [
      126.929805,
      37.394153
     ],
     [
      126.929866,
      37.394077
     ],
     [
      126.929927,
      37.394001
     ],
     [
      126.929988,
      37.393925
     ],
     [
      126.930049,
      37.393849
     ],
     [
      126.93011,
      37.393774
     ],
     [
      126.930171,
      37.393698
     ],
     [
      126.930232,
      37.393622
     ],
     [
      126.930293,
      37.393546
     ],
     [
      126.930354,
      37.39347
     ],
     [
      126.930415,
      37.393395
     ],
     [
      126.930476,
      37.393319
     ],
     [
      126.930537,
      37.393243
     ],
     [
      126.930598,
      37.393167
     ],
     [
      126.930659,
      37.393091
     ],
     [
      126.93072,
      37.393015
     ],
     [
      126.930781,
      37.39294
     ],
     [
      126.930842,
      37.392864
     ],
     [
      126.930903,
      37.392788
     ],
     [
      126.930964,
      37.392712
     ],
     [
      126.931025,
      37.392636
     ],
     [
      126.931086,
      37.392561
     ],
     [
      126.931147,
      37.392485
     ],
     [
      126.931208,
      37.392409
     ],
     [
      126.931219,
      37.392396
     ],
     [
      126.93127,
      37.392333
     ],
     [
      126.931332,
      37.392258
     ],
     [
      126.931394,
      37.392183
     ],
     [
      126.931456,
      37.392107
     ],
     [
      126.931518,
      37.392032
     ],
     [
      126.931579,
      37.391957
     ],
     [
      126.931641,
      37.391881
     ],
     [
      126.931703,
      37.391806
     ],
     [
      126.931765,
      37.39173
     ],
     [
      126.931827,
      37.391655
     ],
     [
      126.931889,
      37.39158
     ],
     [
      126.931951,
      37.391504
     ],
     [
      126.932012,
      37.391429
     ],
     [
      126.932074,
      37.391353
     ],
     [
      126.932136,
      37.391278
     ],
     [
      126.932198,
      37.391203
     ],
     [
      126.93226,
      37.391127
     ],
     [
      126.932322,
      37.391052
     ],
     [
      126.932384,
      37.390977
     ],
     [
      126.932445,
      37.390901
     ],
     [
      126.932455,
      37.390889
     ],
     [
      126.932471,
      37.39087
     ],
     [
      126.932533,
      37.390795
     ],
     [
      126.932595,
      37.390719
     ],
     [
      126.932657,
      37.390644
     ],
     [
      126.932718,
      37.390568
     ],
     [
      126.93278,
      37.390493
     ],
     [
      126.932842,
      37.390418
     ],
     [
      126.932904,
      37.390342
     ],
     [
      126.932966,
      37.390267
     ],
     [
      126.933028,
      37.390191
     ],
     [
      126.93309,
      37.390116
     ],
     [
      126.933151,
      37.390041
     ],
     [
      126.933213,
      37.389965
     ],
     [
      126.933274,
      37.389891
     ],
     [
      126.933275,
      37.38989
     ],
     [
      126.933312,
      37.389805
     ],
     [
      126.933349,
      37.38972
     ],
     [
      126.933386,
      37.389634
     ],
     [
      126.933423,
      37.389549
     ],
     [
      126.93346,
      37.389464
     ],
     [
      126.933497,
      37.389379
     ],
     [
      126.933534,
      37.389294
     ],
     [
      126.933571,
      37.389209
     ],
     [
      126.933608,
      37.389124
     ],
     [
      126.933645,
      37.389039
     ],
     [
      126.933682,
      37.388953
     ],
     [
      126.933719,
      37.388868
     ],
     [
      126.933756,
      37.388783
     ],
     [
      126.933793,
      37.388698
     ],
     [
      126.93383,
      37.388613
     ],
     [
      126.933867,
      37.388528
     ],
     [
      126.933904,
      37.388443
     ],
     [
      126.933941,
      37.388358
     ],
     [
      126.933978,
      37.388272
     ],
     [
      126.934015,
      37.388187
     ],
     [
      126.934052,
      37.388102
     ],
     [
      126.934089,
      37.388017
     ],
     [
      126.934126,
      37.387932
     ],
     [
      126.934163,
      37.387847
     ],
     [
      126.9342,
      37.387762
     ],
     [
      126.934237,
      37.387677
     ],
     [
      126.934274,
      37.387591
     ],
     [
      126.934311,
      37.387506
     ],
     [
      126.934348,
      37.387421
     ],
     [
      126.934385,
      37.387336
     ],
     [
      126.934422,
      37.387251
     ],
     [
      126.934459,
      37.387166
     ],
     [
      126.934496,
      37.387081
     ],
     [
      126.934533,
      37.386996
     ],
     [
      126.934559,
      37.386936
     ],
     [
      126.934568,
      37.38691
     ],
     [
      126.934596,
      37.386823
     ],
     [
      126.934625,
      37.386735
     ],
     [
      126.934653,
      37.386648
     ],
     [
      126.934682,
      37.386561
     ],
     [
      126.93471,
      37.386474
     ],
     [
      126.934739,
      37.386387
     ],
     [
      126.934767,
      37.3863
     ],
     [
      126.934796,
      37.386212
     ],
     [
      126.934824,
      37.386125
     ],
     [
      126.934853,
      37.386038
     ],
     [
      126.934881,
      37.385951
     ],
     [
      126.93491,
      37.385864
     ],
     [
      126.934938,
      37.385776
     ],
     [
      126.934967,
      37.385689
     ],
     [
      126.934996,
      37.385602
     ],
     [
      126.935024,
      37.385515
     ],
     [
      126.935053,
      37.385428
     ],
     [
      126.935081,
      37.385341
     ],
     [
      126.93511,
      37.385253
     ],
     [
      126.935138,
      37.385166
     ],
     [
      126.935167,
      37.385079
     ],
     [
      126.935195,
      37.384992
     ],
     [
      126.935224,
      37.384905
     ],
     [
      126.935252,
      37.384817
     ],
     [
      126.935281,
      37.38473
     ],
     [
      126.935309,
      37.384643
     ],
     [
      126.935338,
      37.384556
     ],
     [
      126.935366,
      37.384469
     ],
     [
      126.935395,
      37.384382
     ],
     [
      126.935424,
      37.384294
     ],
     [
      126.935452,
      37.384207
     ],
     [
      126.935481,
      37.38412
     ],
     [
      126.935509,
      37.384033
     ],
     [
      126.935538,
      37.383946
     ],
     [
      126.935566,
      37.383859
     ],
     [
      126.935595,
      37.383771
     ],
     [
      126.935623,
      37.383684
     ],
     [
      126.935652,
      37.383597
     ],
     [
      126.93568,
      37.38351
     ],
     [
      126.935709,
      37.383423
     ],
     [
      126.935715,
      37.383403
     ],
     [
      126.935785,
      37.383361
     ],
     [
      126.935875,
      37.383306
     ],
     [
      126.935964,
      37.383251
     ],
     [
      126.936054,
      37.383197
     ],
     [
      126.936144,
      37.383142
     ],
     [
      126.936234,
      37.383087
     ],
     [
      126.936323,
      37.383033
     ],
     [
      126.936413,
      37.382978
     ],
     [
      126.936503,
      37.382923
     ],
     [
      126.936593,
      37.382869
     ],
     [
      126.936683,
      37.382814
     ],
     [
      126.936772,
      37.38276
     ],
     [
      126.936862,
      37.382705
     ],
     [
      126.936952,
      37.38265
     ],
     [
      126.937042,
      37.382596
     ],
     [
      126.937131,
      37.382541
     ],
     [
      126.937193,
      37.382504
     ],
     [
      126.937208,
      37.382478
     ],
     [
      126.937257,
      37.382397
     ],
     [
      126.937306,
      37.382315
     ],
     [
      126.937354,
      37.382234
     ],
     [
      126.937403,
      37.382153
     ],
     [
      126.937452,
      37.382071
     ],
     [
      126.937501,
      37.38199
     ],
     [
      126.937549,
      37.381909
     ],
     [
      126.937598,
      37.381828
     ],
     [
      126.937647,
      37.381746
     ],
     [
      126.937696,
      37.381665
     ],
     [
      126.937745,
      37.381584
     ],
     [
      126.937771,
      37.38154
     ],
     [
      126.937787,
      37.381501
     ],
     [
      126.937821,
      37.381415
     ],
     [
      126.937855,
      37.381329
     ],
     [
      126.93789,
      37.381243
     ],
     [
      126.937924,
      37.381157
     ],
     [
      126.937958,
      37.381071
     ],
     [
      126.937993,
      37.380986
     ],
     [
      126.938027,
      37.3809
     ],
     [
      126.938061,
      37.380814
     ],
     [
      126.938096,
      37.380728
     ],
     [
      126.93813,
      37.380642
     ],
     [
      126.938164,
      37.380556
     ],
     [
      126.938199,
      37.38047
     ],
     [
      126.938233,
      37.380385
     ],
     [
      126.938267,
      37.380299
     ],
     [
      126.938302,
      37.380213
     ],
     [
      126.938336,
      37.380127
     ],
     [
      126.93837,
      37.380041
     ],
     [
      126.938405,
      37.379955
     ],
     [
      126.938439,
      37.37987
     ],
     [
      126.938473,
      37.379784
     ],
     [
      126.938508,
      37.379698
     ],
     [
      126.938542,
      37.379613
     ],
     [
      126.938542,
      37.379612
     ],
     [
      126.938631,
      37.379556
     ],
     [
      126.938719,
      37.3795
     ],
     [
      126.938807,
      37.379444
     ],
     [
      126.938896,
      37.379388
     ],
     [
      126.938984,
      37.379332
     ],
     [
      126.939072,
      37.379275
     ],
     [
      126.93916,
      37.379219
     ],
     [
      126.939249,
      37.379163
     ],
     [
      126.939337,
      37.379107
     ],
     [
      126.939425,
      37.379051
     ],
     [
      126.939514,
      37.378994
     ],
     [
      126.939602,
      37.378938
     ],
     [
      126.93969,
      37.378882
     ],
     [
      126.939778,
      37.378826
     ],
     [
      126.939867,
      37.37877
     ],
     [
      126.939955,
      37.378714
     ],
     [
      126.939955,
      37.378714
     ],
     [
      126.94004,
      37.378655
     ],
     [
      126.940125,
      37.378595
     ],
     [
      126.940211,
      37.378536
     ],
     [
      126.940296,
      37.378477
     ],
     [
      126.940381,
      37.378418
     ],
     [
      126.940467,
      37.378359
     ],
     [
      126.940552,
      37.3783
     ],
     [
      126.940637,
      37.378241
     ],
     [
      126.940722,
      37.378182
     ],
     [
      126.940808,
      37.378123
     ],
     [
      126.940893,
      37.378064
     ],
     [
      126.940978,
      37.378005
     ],
     [
      126.941064,
      37.377946
     ],
     [
      126.941149,
      37.377887
     ],
     [
      126.941234,
      37.377828
     ],
     [
      126.941319,
      37.377769
     ],
     [
      126.941405,
      37.37771
     ],
     [
      126.94149,
      37.377651
     ],
     [
      126.941575,
      37.377592
     ],
     [
      126.941625,
      37.377557
     ],
     [
      126.941657,
      37.37753
     ],
     [
      126.941733,
      37.377463
     ],
     [
      126.941786,
      37.377417
     ],
     [
      126.9418,
      37.377405
     ],
     [
      126.941877,
      37.377339
     ],
     [
      126.941953,
      37.377272
     ],
     [
      126.942029,
      37.377206
     ],
     [
      126.942106,
      37.37714
     ],
     [
      126.942182,
      37.377073
     ],
     [
      126.942259,
      37.377007
     ],
     [
      126.942335,
      37.376941
     ],
     [
      126.942411,
      37.376874
     ],
     [
      126.942488,
      37.376808
     ],
     [
      126.942564,
      37.376742
     ],
     [
      126.942641,
      37.376675
     ],
     [
      126.942717,
      37.376609
     ],
     [
      126.942793,
      37.376543
     ],
     [
      126.94287,
      37.376476
     ],
     [
      126.942946,
      37.37641
     ],
     [
      126.943023,
      37.376344
     ],
     [
      126.943099,
      37.376277
     ],
     [
      126.943175,
      37.376211
     ],
     [
      126.943252,
      37.376145
     ],
     [
      126.943328,
      37.376078
     ],
     [
      126.943405,
      37.376012
     ],
     [
      126.943481,
      37.375946
     ],
     [
      126.943557,
      37.375879
     ],
     [
      126.943634,
      37.375813
     ],
     [
      126.94371,
      37.375747
     ],
     [
      126.943787,
      37.37568
     ],
     [
      126.943863,
      37.375614
     ],
     [
      126.943939,
      37.375547
     ],
     [
      126.944016,
      37.375481
     ],
     [
      126.944066,
      37.375437
     ],
     [
      126.944094,
      37.375417
     ],
     [
      126.944178,
      37.375356
     ],
     [
      126.944261,
      37.375295
     ],
     [
      126.944344,
      37.375234
     ],
     [
      126.944427,
      37.375173
     ],
     [
      126.944511,
      37.375112
     ],
     [
      126.944594,
      37.375051
     ],
     [
      126.944677,
      37.37499
     ],
     [
      126.94476,
      37.37493
     ],
     [
      126.944843,
      37.374869
     ],
     [
      126.944927,
      37.374808
     ],
     [
      126.94501,
      37.374747
     ],
     [
      126.945093,
      37.374686
     ],
     [
      126.945176,
      37.374625
     ],
     [
      126.94526,
      37.374564
     ],
     [
      126.945343,
      37.374503
     ],
     [
      126.945426,
      37.374442
     ],
     [
      126.945509,
      37.374381
     ],
     [
      126.945592,
      37.374321
     ],
     [
      126.945676,
      37.37426
     ],
     [
      126.945759,
      37.374199
     ],
     [
      126.945842,
      37.374138
     ],
     [
      126.945925,
      37.374077
     ],
     [
      126.946008,
      37.374016
     ],
     [
      126.946092,
      37.373955
     ],
     [
      126.946175,
      37.373894
     ],
     [
      126.946258,
      37.373833
     ],
     [
      126.946341,
      37.373773
     ],
     [
      126.946425,
      37.373712
     ],
     [
      126.946508,
      37.373651
     ],
     [
      126.946591,
      37.37359
     ],
     [
      126.946674,
      37.373529
     ],
     [
      126.9467,
      37.37351
     ],
     [
      126.946761,
      37.373471
     ],
     [
      126.946848,
      37.373414
     ],
     [
      126.946936,
      37.373358
     ],
     [
      126.947024,
      37.373301
     ],
     [
      126.947111,
      37.373244
     ],
     [
      126.947199,
      37.373187
     ],
     [
      126.947287,
      37.373131
     ],
     [
      126.947374,
      37.373074
     ],
     [
      126.947462,
      37.373017
     ],
     [
      126.94755,
      37.37296
     ],
     [
      126.947637,
      37.372904
     ],
     [
      126.947725,
      37.372847
     ],
     [
      126.947813,
      37.37279
     ],
     [
      126.947901,
      37.372733
     ],
     [
      126.947988,
      37.372677
     ],
     [
      126.948076,
      37.37262
     ],
     [
      126.948164,
      37.372563
     ],
     [
      126.948251,
      37.372506
     ],
     [
      126.948339,
      37.37245
     ],
     [
      126.948427,
      37.372393
     ],
     [
      126.948514,
      37.372336
     ],
     [
      126.948602,
      37.372279
     ],
     [
      126.94869,
      37.372223
     ],
     [
      126.948778,
      37.372166
     ],
     [
      126.948865,
      37.372109
     ],
     [
      126.948953,
      37.372052
     ],
     [
      126.949041,
      37.371996
     ],
     [
      126.949128,
      37.371939
     ],
     [
      126.949216,
      37.371882
     ],
     [
      126.949304,
      37.371825
     ],
     [
      126.949391,
      37.371769
     ],
     [
      126.949479,
      37.371712
     ],
     [
      126.949567,
      37.371655
     ],
     [
      126.949654,
      37.371598
     ],
     [
      126.949742,
      37.371542
     ],
     [
      126.949752,
      37.371535
     ],
     [
      126.949822,
      37.371478
     ],
     [
      126.949901,
      37.371413
     ],
     [
      126.949957,
      37.371367
     ],
     [
      126.949979,
      37.371349
     ],
     [
      126.950058,
      37.371284
     ],
     [
      126.950137,
      37.37122
     ],
     [
      126.950216,
      37.371155
     ],
     [
      126.950294,
      37.371091
     ],
     [
      126.950373,
      37.371026
     ],
     [
      126.950452,
      37.370961
     ],
     [
      126.950531,
      37.370897
     ],
     [
      126.950609,
      37.370832
     ],
     [
      126.950688,
      37.370768
     ],
     [
      126.950767,
      37.370703
     ],
     [
      126.950846,
      37.370639
     ],
     [
      126.950924,
      37.370574
     ],
     [
      126.951003,
      37.37051
     ],
     [
      126.951082,
      37.370445
     ],
     [
      126.951161,
      37.37038
     ],
     [
      126.951239,
      37.370316
     ],
     [
      126.951261,
      37.370298
     ],
     [
      126.951326,
      37.370259
     ],
     [
      126.951416,
      37.370204
     ],
     [
      126.951506,
      37.37015
     ],
     [
      126.951596,
      37.370095
     ],
     [
      126.951686,
      37.370041
     ],
     [
      126.951776,
      37.369986
     ],
     [
      126.951866,
      37.369932
     ],
     [
      126.951956,
      37.369877
     ],
     [
      126.952046,
      37.369823
     ],
     [
      126.952135,
      37.369768
     ],
     [
      126.952225,
      37.369714
     ],
     [
      126.952315,
      37.369659
     ],
     [
      126.952405,
      37.369605
     ],
     [
      126.952495,
      37.36955
     ],
     [
      126.952585,
      37.369496
     ],
     [
      126.952675,
      37.369441
     ],
     [
      126.952765,
      37.369387
     ],
     [
      126.952855,
      37.369332
     ],
     [
      126.952945,
      37.369278
     ],
     [
      126.953035,
      37.369223
     ],
     [
      126.953124,
      37.369169
     ],
     [
      126.953214,
      37.369114
     ],
     [
      126.953304,
      37.36906
     ],
     [
      126.95338,
      37.369014
     ],
     [
      126.953394,
      37.369005
     ],
     [
      126.953479,
      37.368946
     ],
     [
      126.953565,
      37.368887
     ],
     [
      126.953651,
      37.368829
     ],
     [
      126.953736,
      37.36877
     ],
     [
      126.953822,
      37.368711
     ],
     [
      126.953908,
      37.368653
     ],
     [
      126.953993,
      37.368594
     ],
     [
      126.954079,
      37.368536
     ],
     [
      126.954165,
      37.368477
     ],
     [
      126.954251,
      37.368418
     ],
     [
      126.954336,
      37.36836
     ],
     [
      126.954422,
      37.368301
     ],
     [
      126.954508,
      37.368242
     ],
     [
      126.954593,
      37.368184
     ],
     [
      126.954679,
      37.368125
     ],
     [
      126.954765,
      37.368066
     ],
     [
      126.954851,
      37.368008
     ],
     [
      126.954936,
      37.367949
     ],
     [
      126.955022,
      37.36789
     ],
     [
      126.955108,
      37.367832
     ],
     [
      126.955193,
      37.367773
     ],
     [
      126.955279,
      37.367715
     ],
     [
      126.955365,
      37.367656
     ],
     [
      126.955451,
      37.367597
     ],
     [
      126.955536,
      37.367539
     ],
     [
      126.955622,
      37.36748
     ],
     [
      126.955708,
      37.367421
     ],
     [
      126.955793,
      37.367363
     ],
     [
      126.955821,
      37.367344
     ],
     [
      126.955864,
      37.367293
     ],
     [
      126.955927,
      37.367218
     ],
     [
      126.955989,
      37.367143
     ],
     [
      126.956052,
      37.367069
     ],
     [
      126.956115,
      37.366994
     ],
     [
      126.956134,
      37.366971
     ],
     [
      126.956139,
      37.366965
     ],
     [
      126.956202,
      37.36689
     ],
     [
      126.956265,
      37.366815
     ],
     [
      126.956328,
      37.366741
     ],
     [
      126.956391,
      37.366666
     ],
     [
      126.956454,
      37.366591
     ],
     [
      126.956516,
      37.366516
     ],
     [
      126.956579,
      37.366441
     ],
     [
      126.956642,
      37.366366
     ],
     [
      126.956705,
      37.366291
     ],
     [
      126.956768,
      37.366217
     ],
     [
      126.956831,
      37.366142
     ],
     [
      126.956894,
      37.366067
     ],
     [
      126.956956,
      37.365992
     ],
     [
      126.957019,
      37.365917
     ],
     [
      126.957082,
      37.365842
     ],
     [
      126.957145,
      37.365768
     ],
     [
      126.95717,
      37.365738
     ],
     [
      126.957215,
      37.365697
     ],
     [
      126.95729,
      37.36563
     ],
     [
      126.957365,
      37.365562
     ],
     [
      126.957439,
      37.365495
     ],
     [
      126.957514,
      37.365427
     ],
     [
      126.957589,
      37.36536
     ],
     [
      126.957664,
      37.365292
     ],
     [
      126.957739,
      37.365225
     ],
     [
      126.957813,
      37.365157
     ],
     [
      126.957888,
      37.36509
     ],
     [
      126.957963,
      37.365022
     ],
     [
      126.958038,
      37.364955
     ],
     [
      126.958113,
      37.364887
     ],
     [
      126.958187,
      37.36482
     ],
     [
      126.958262,
      37.364752
     ],
     [
      126.958337,
      37.364685
     ],
     [
      126.958412,
      37.364617
     ],
     [
      126.958486,
      37.36455
     ],
     [
      126.958561,
      37.364482
     ],
     [
      126.958636,
      37.364415
     ],
     [
      126.958711,
      37.364347
     ],
     [
      126.958786,
      37.36428
     ],
     [
      126.95886,
      37.364212
     ],
     [
      126.958935,
      37.364145
     ],
     [
      126.95901,
      37.364077
     ],
     [
      126.959085,
      37.36401
     ],
     [
      126.95916,
      37.363942
     ],
     [
      126.959234,
      37.363875
     ],
     [
      126.959309,
      37.363807
     ],
     [
      126.959384,
      37.36374
     ],
     [
      126.959459,
      37.363672
     ],
     [
      126.959533,
      37.363605
     ],
     [
      126.959608,
      37.363537
     ],
     [
      126.959683,
      37.36347
     ],
     [
      126.959758,
      37.363402
     ],
     [
      126.959804,
      37.363361
     ],
     [
      126.959834,
      37.363336
     ],
     [
      126.959911,
      37.36327
     ],
     [
      126.959988,
      37.363204
     ],
     [
      126.960065,
      37.363138
     ],
     [
      126.960142,
      37.363073
     ],
     [
      126.96022,
      37.363007
     ],
     [
      126.960297,
      37.362941
     ],
     [
      126.960374,
      37.362876
     ],
     [
      126.960451,
      37.36281
     ],
     [
      126.960529,
      37.362744
     ],
     [
      126.960606,
      37.362678
     ],
     [
      126.960683,
      37.362613
     ],
     [
      126.96076,
      37.362547
     ],
     [
      126.960837,
      37.362481
     ],
     [
      126.960915,
      37.362416
     ],
     [
      126.960992,
      37.36235
     ],
     [
      126.961069,
      37.362284
     ],
     [
      126.961146,
      37.362218
     ],
     [
      126.961224,
      37.362153
     ],
     [
      126.961301,
      37.362087
     ],
     [
      126.961378,
      37.362021
     ],
     [
      126.961455,
      37.361955
     ],
     [
      126.961529,
      37.361893
     ],
     [
      126.961598,
      37.361834
     ],
     [
      126.961676,
      37.361768
     ],
     [
      126.961753,
      37.361702
     ],
     [
      126.96183,
      37.361636
     ],
     [
      126.961907,
      37.361571
     ],
     [
      126.961985,
      37.361505
     ],
     [
      126.962062,
      37.361439
     ],
     [
      126.962139,
      37.361374
     ],
     [
      126.962216,
      37.361308
     ],
     [
      126.962293,
      37.361242
     ],
     [
      126.962371,
      37.361176
     ],
     [
      126.962448,
      37.361111
     ],
     [
      126.962525,
      37.361045
     ],
     [
      126.962602,
      37.360979
     ],
     [
      126.962679,
      37.360914
     ],
     [
      126.962757,
      37.360848
     ],
     [
      126.962823,
      37.360791
     ],
     [
      126.962835,
      37.360783
     ],
     [
      126.962917,
      37.360721
     ],
     [
      126.962999,
      37.360659
     ],
     [
      126.963081,
      37.360597
     ],
     [
      126.963163,
      37.360535
     ],
     [
      126.963245,
      37.360473
     ],
     [
      126.963327,
      37.360411
     ],
     [
      126.963409,
      37.360349
     ],
     [
      126.963491,
      37.360287
     ],
     [
      126.963573,
      37.360225
     ],
     [
      126.963655,
      37.360163
     ],
     [
      126.963737,
      37.360101
     ],
     [
      126.963819,
      37.36004
     ],
     [
      126.963901,
      37.359978
     ],
     [
      126.963983,
      37.359916
     ],
     [
      126.964065,
      37.359854
     ],
     [
      126.964147,
      37.359792
     ],
     [
      126.964229,
      37.35973
     ],
     [
      126.964311,
      37.359668
     ],
     [
      126.964393,
      37.359606
     ],
     [
      126.964475,
      37.359544
     ],
     [
      126.964557,
      37.359482
     ],
     [
      126.964639,
      37.35942
     ],
     [
      126.964721,
      37.359358
     ],
     [
      126.964803,
      37.359297
     ],
     [
      126.964885,
      37.359235
     ],
     [
      126.964967,
      37.359173
     ],
     [
      126.965049,
      37.359111
     ],
     [
      126.965131,
      37.359049
     ],
     [
      126.965213,
      37.358987
     ],
     [
      126.965295,
      37.358925
     ],
     [
      126.965377,
      37.358863
     ],
     [
      126.965459,
      37.358801
     ],
     [
      126.965541,
      37.358739
     ],
     [
      126.965623,
      37.358677
     ],
     [
      126.965705,
      37.358615
     ],
     [
      126.965787,
      37.358553
     ],
     [
      126.965869,
      37.358492
     ],
     [
      126.965951,
      37.35843
     ],
     [
      126.965971,
      37.358414
     ],
     [
      126.966029,
      37.358365
     ],
     [
      126.966107,
      37.3583
     ],
     [
      126.966185,
      37.358234
     ],
     [
      126.966262,
      37.358169
     ],
     [
      126.96634,
      37.358104
     ],
     [
      126.966418,
      37.358038
     ],
     [
      126.966495,
      37.357973
     ],
     [
      126.966573,
      37.357907
     ],
     [
      126.966651,
      37.357842
     ],
     [
      126.966728,
      37.357777
     ],
     [
      126.966806,
      37.357711
     ],
     [
      126.966884,
      37.357646
     ],
     [
      126.966961,
      37.35758
     ],
     [
      126.967039,
      37.357515
     ],
     [
      126.967116,
      37.35745
     ],
     [
      126.967194,
      37.357384
     ],
     [
      126.967272,
      37.357319
     ],
     [
      126.967349,
      37.357253
     ],
     [
      126.967427,
      37.357188
     ],
     [
      126.967505,
      37.357123
     ],
     [
      126.967582,
      37.357057
     ],
     [
      126.96766,
      37.356992
     ],
     [
      126.967738,
      37.356926
     ],
     [
      126.967815,
      37.356861
     ],
     [
      126.967893,
      37.356796
     ],
     [
      126.967971,
      37.35673
     ],
     [
      126.968048,
      37.356665
     ],
     [
      126.968126,
      37.356599
     ],
     [
      126.968204,
      37.356534
     ],
     [
      126.968281,
      37.356469
     ],
     [
      126.968359,
      37.356403
     ],
     [
      126.968412,
      37.356359
     ],
     [
      126.968438,
      37.356339
     ],
     [
      126.96852,
      37.356277
     ],
     [
      126.968603,
      37.356216
     ],
     [
      126.968685,
      37.356154
     ],
     [
      126.968767,
      37.356092
     ],
     [
      126.968849,
      37.356031
     ],
     [
      126.968932,
      37.355969
     ],
     [
      126.969014,
      37.355907
     ],
     [
      126.969096,
      37.355846
     ],
     [
      126.969178,
      37.355784
     ],
     [
      126.969261,
      37.355722
     ],
     [
      126.969343,
      37.35566
     ],
     [
      126.969425,
      37.355599
     ],
     [
      126.969507,
      37.355537
     ],
     [
      126.96959,
      37.355475
     ],
     [
      126.969672,
      37.355414
     ],
     [
      126.969754,
      37.355352
     ],
     [
      126.969836,
      37.35529
     ],
     [
      126.969919,
      37.355229
     ],
     [
      126.970001,
      37.355167
     ],
     [
      126.970083,
      37.355105
     ],
     [
      126.970166,
      37.355043
     ],
     [
      126.970219,
      37.355003
     ],
     [
      126.970271,
      37.354964
     ],
     [
      126.970353,
      37.354903
     ],
     [
      126.970436,
      37.354841
     ],
     [
      126.970518,
      37.354779
     ],
     [
      126.9706,
      37.354718
     ],
     [
      126.970682,
      37.354656
     ],
     [
      126.970765,
      37.354594
     ],
     [
      126.970847,
      37.354532
     ],
     [
      126.970929,
      37.354471
     ],
     [
      126.971011,
      37.354409
     ],
     [
      126.971094,
      37.354347
     ],
     [
      126.971176,
      37.354286
     ],
     [
      126.971258,
      37.354224
     ],
     [
      126.97134,
      37.354162
     ],
     [
      126.971423,
      37.354101
     ],
     [
      126.971495,
      37.354046
     ],
     [
      126.971503,
      37.354038
     ],
     [
      126.971573,
      37.353967
     ],
     [
      126.971642,
      37.353895
     ],
     [
      126.971711,
      37.353824
     ],
     [
      126.97178,
      37.353753
     ],
     [
      126.97185,
      37.353682
     ],
     [
      126.971919,
      37.353611
     ],
     [
      126.971988,
      37.35354
     ],
     [
      126.972057,
      37.353469
     ],
     [
      126.972126,
      37.353397
     ],
     [
      126.972196,
      37.353326
     ],
     [
      126.972265,
      37.353255
     ],
     [
      126.972334,
      37.353184
     ],
     [
      126.972403,
      37.353113
     ],
     [
      126.972473,
      37.353042
     ],
     [
      126.972542,
      37.35297
     ],
     [
      126.972611,
      37.352899
     ],
     [
      126.97268,
      37.352828
     ],
     [
      126.97275,
      37.352757
     ],
     [
      126.972819,
      37.352686
     ],
     [
      126.972888,
      37.352615
     ],
     [
      126.972957,
      37.352543
     ],
     [
      126.973027,
      37.352472
     ],
     [
      126.973096,
      37.352401
     ],
     [
      126.973165,
      37.35233
     ],
     [
      126.973234,
      37.352259
     ],
     [
      126.973303,
      37.352188
     ],
     [
      126.973373,
      37.352116
     ],
     [
      126.973442,
      37.352045
     ],
     [
      126.973511,
      37.351974
     ],
     [
      126.97358,
      37.351903
     ],
     [
      126.97365,
      37.351832
     ],
     [
      126.973719,
      37.351761
     ],
     [
      126.973788,
      37.35169
     ],
     [
      126.973808,
      37.351669
     ],
     [
      126.973836,
      37.351609
     ],
     [
      126.973877,
      37.351525
     ],
     [
      126.973917,
      37.351441
     ],
     [
      126.973957,
      37.351356
     ],
     [
      126.973997,
      37.351272
     ],
     [
      126.974037,
      37.351188
     ],
     [
      126.974077,
      37.351104
     ],
     [
      126.974117,
      37.351019
     ],
     [
      126.974157,
      37.350935
     ],
     [
      126.974197,
      37.350851
     ],
     [
      126.974238,
      37.350767
     ],
     [
      126.974278,
      37.350683
     ],
     [
      126.974318,
      37.350598
     ],
     [
      126.974358,
      37.350514
     ],
     [
      126.974398,
      37.35043
     ],
     [
      126.974438,
      37.350346
     ],
     [
      126.97445,
      37.35032
     ],
     [
      126.974448,
      37.350257
     ],
     [
      126.974445,
      37.350167
     ],
     [
      126.974442,
      37.350077
     ],
     [
      126.97444,
      37.350032
     ],
     [
      126.97444,
      37.350018
     ],
     [
      126.974436,
      37.349928
     ],
     [
      126.974433,
      37.349838
     ],
     [
      126.97443,
      37.349748
     ],
     [
      126.974427,
      37.349658
     ],
     [
      126.974424,
      37.349568
     ],
     [
      126.974421,
      37.349478
     ],
     [
      126.974418,
      37.349388
     ],
     [
      126.974415,
      37.349298
     ],
     [
      126.974412,
      37.349208
     ],
     [
      126.974409,
      37.349118
     ],
     [
      126.974405,
      37.349027
     ],
     [
      126.974402,
      37.348937
     ],
     [
      126.974399,
      37.348847
     ],
     [
      126.974396,
      37.348757
     ],
     [
      126.974393,
      37.348667
     ],
     [
      126.97439,
      37.348577
     ],
     [
      126.974387,
      37.348487
     ],
     [
      126.974386,
      37.348458
     ],
     [
      126.974382,
      37.348445
     ],
     [
      126.974354,
      37.348358
     ],
     [
      126.974326,
      37.34827
     ],
     [
      126.974299,
      37.348183
     ],
     [
      126.974271,
      37.348096
     ],
     [
      126.974243,
      37.348008
     ],
     [
      126.974216,
      37.347921
     ],
     [
      126.974188,
      37.347834
     ],
     [
      126.974169,
      37.347775
     ],
     [
      126.974159,
      37.347742
     ],
     [
      126.974131,
      37.347655
     ],
     [
      126.974104,
      37.347567
     ],
     [
      126.974076,
      37.34748
     ],
     [
      126.974048,
      37.347393
     ],
     [
      126.974021,
      37.347305
     ],
     [
      126.973993,
      37.347218
     ],
     [
      126.973965,
      37.347131
     ],
     [
      126.973938,
      37.347043
     ],
     [
      126.97391,
      37.346956
     ],
     [
      126.973908,
      37.34695
     ],
     [
      126.973845,
      37.346883
     ],
     [
      126.973776,
      37.346811
     ],
     [
      126.973708,
      37.346739
     ],
     [
      126.97364,
      37.346668
     ],
     [
      126.973572,
      37.346596
     ],
     [
      126.973504,
      37.346524
     ],
     [
      126.973435,
      37.346452
     ],
     [
      126.973367,
      37.34638
     ],
     [
      126.973299,
      37.346309
     ],
     [
      126.973231,
      37.346237
     ],
     [
      126.973163,
      37.346165
     ],
     [
      126.973128,
      37.346129
     ],
     [
      126.973095,
      37.346093
     ],
     [
      126.973027,
      37.346021
     ],
     [
      126.972959,
      37.345949
     ],
     [
      126.972891,
      37.345877
     ],
     [
      126.972823,
      37.345805
     ],
     [
      126.972755,
      37.345733
     ],
     [
      126.972688,
      37.345661
     ],
     [
      126.97262,
      37.345589
     ],
     [
      126.972552,
      37.345517
     ],
     [
      126.972484,
      37.345445
     ],
     [
      126.972416,
      37.345373
     ],
     [
      126.972348,
      37.345301
     ],
     [
      126.97228,
      37.345229
     ],
     [
      126.972212,
      37.345157
     ],
     [
      126.972145,
      37.345085
     ],
     [
      126.972077,
      37.345013
     ],
     [
      126.972009,
      37.344941
     ],
     [
      126.971941,
      37.344869
     ],
     [
      126.971873,
      37.344797
     ],
     [
      126.971805,
      37.344725
     ],
     [
      126.971737,
      37.344653
     ],
     [
      126.97167,
      37.344581
     ],
     [
      126.971602,
      37.344509
     ],
     [
      126.971534,
      37.344437
     ],
     [
      126.971466,
      37.344365
     ],
     [
      126.971398,
      37.344293
     ],
     [
      126.97133,
      37.344221
     ],
     [
      126.971262,
      37.344149
     ],
     [
      126.971194,
      37.344077
     ],
     [
      126.971127,
      37.344005
     ],
     [
      126.97039,
      37.34441
     ],
     [
      126.971127,
      37.344005
     ],
     [
      126.971194,
      37.344077
     ],
     [
      126.971262,
      37.344149
     ],
     [
      126.97133,
      37.344221
     ],
     [
      126.971398,
      37.344293
     ],
     [
      126.971466,
      37.344365
     ],
     [
      126.971534,
      37.344437
     ],
     [
      126.971602,
      37.344509
     ],
     [
      126.97167,
      37.344581
     ],
     [
      126.971737,
      37.344653
     ],
     [
      126.971805,
      37.344725
     ],
     [
      126.971873,
      37.344797
     ],
     [
      126.971941,
      37.344869
     ],
     [
      126.972009,
      37.344941
     ],
     [
      126.972077,
      37.345013
     ],
     [
      126.972145,
      37.345085
     ],
     [
      126.972212,
      37.345157
     ],
     [
      126.97228,
      37.345229
     ],
     [
      126.972348,
      37.345301
     ],
     [
      126.972416,
      37.345373
     ],
     [
      126.972484,
      37.345445
     ],
     [
      126.972552,
      37.345517
     ],
     [
      126.97262,
      37.345589
     ],
     [
      126.972688,
      37.345661
     ],
     [
      126.972755,
      37.345733
     ],
     [
      126.972823,
      37.345805
     ],
     [
      126.972891,
      37.345877
     ],
     [
      126.972959,
      37.345949
     ],
     [
      126.973027,
      37.346021
     ],
     [
      126.973095,
      37.346093
     ],
     [
      126.973128,
      37.346129
     ],
     [
      126.973163,
      37.346165
     ],
     [
      126.973231,
      37.346237
     ],
     [
      126.973299,
      37.346309
     ],
     [
      126.973367,
      37.34638
     ],
     [
      126.973435,
      37.346452
     ],
     [
      126.973504,
      37.346524
     ],
     [
      126.973572,
      37.346596
     ],
     [
      126.97364,
      37.346668
     ],
     [
      126.973708,
      37.346739
     ],
     [
      126.973776,
      37.346811
     ],
     [
      126.973845,
      37.346883
     ],
     [
      126.973908,
      37.34695
     ],
     [
      126.97391,
      37.346956
     ],
     [
      126.973938,
      37.347043
     ],
     [
      126.973965,
      37.347131
     ],
     [
      126.973993,
      37.347218
     ],
     [
      126.974021,
      37.347305
     ],
     [
      126.974048,
      37.347393
     ],
     [
      126.974076,
      37.34748
     ],
     [
      126.974104,
      37.347567
     ],
     [
      126.974131,
      37.347655
     ],
     [
      126.974159,
      37.347742
     ],
     [
      126.974169,
      37.347775
     ],
     [
      126.974188,
      37.347834
     ],
     [
      126.974216,
      37.347921
     ],
     [
      126.974243,
      37.348008
     ],
     [
      126.974271,
      37.348096
     ],
     [
      126.974299,
      37.348183
     ],
     [
      126.974326,
      37.34827
     ],
     [
      126.974354,
      37.348358
     ],
     [
      126.974382,
      37.348445
     ],
     [
      126.974386,
      37.348458
     ],
     [
      126.974401,
      37.3484
     ],
     [
      126.974425,
      37.348312
     ],
     [
      126.974449,
      37.348224
     ],
     [
      126.974473,
      37.348136
     ],
     [
      126.974497,
      37.348048
     ],
     [
      126.974522,
      37.34796
     ],
     [
      126.974546,
      37.347872
     ],
     [
      126.97457,
      37.347784
     ],
     [
      126.974594,
      37.347696
     ],
     [
      126.974618,
      37.347608
     ],
     [
      126.974642,
      37.34752
     ],
     [
      126.974666,
      37.347432
     ],
     [
      126.97469,
      37.347344
     ],
     [
      126.974714,
      37.347256
     ],
     [
      126.974738,
      37.347167
     ],
     [
      126.974762,
      37.347079
     ],
     [
      126.974771,
      37.347044
     ],
     [
      126.97479,
      37.346992
     ],
     [
      126.974822,
      37.346906
     ],
     [
      126.974854,
      37.34682
     ],
     [
      126.974886,
      37.346733
     ],
     [
      126.974918,
      37.346647
     ],
     [
      126.97495,
      37.34656
     ],
     [
      126.974982,
      37.346474
     ],
     [
      126.975014,
      37.346388
     ],
     [
      126.975046,
      37.346301
     ],
     [
      126.975078,
      37.346215
     ],
     [
      126.97511,
      37.346128
     ],
     [
      126.975142,
      37.346042
     ],
     [
      126.975174,
      37.345956
     ],
     [
      126.975206,
      37.345869
     ],
     [
      126.975238,
      37.345783
     ],
     [
      126.97527,
      37.345696
     ],
     [
      126.975302,
      37.34561
     ],
     [
      126.975334,
      37.345524
     ],
     [
      126.975366,
      37.345437
     ],
     [
      126.975398,
      37.345351
     ],
     [
      126.975414,
      37.34531
     ],
     [
      126.975442,
      37.345268
     ],
     [
      126.975497,
      37.34519
     ],
     [
      126.975552,
      37.345111
     ],
     [
      126.975607,
      37.345032
     ],
     [
      126.975662,
      37.344953
     ],
     [
      126.975716,
      37.344874
     ],
     [
      126.975771,
      37.344796
     ],
     [
      126.975826,
      37.344717
     ],
     [
      126.975881,
      37.344638
     ],
     [
      126.975936,
      37.344559
     ],
     [
      126.97599,
      37.344481
     ],
     [
      126.976045,
      37.344402
     ],
     [
      126.9761,
      37.344323
     ],
     [
      126.976155,
      37.344244
     ],
     [
      126.97621,
      37.344166
     ],
     [
      126.976264,
      37.344087
     ],
     [
      126.976319,
      37.344008
     ],
     [
      126.976374,
      37.343929
     ],
     [
      126.976429,
      37.34385
     ],
     [
      126.976441,
      37.343832
     ],
     [
      126.976489,
      37.343774
     ],
     [
      126.97655,
      37.343699
     ],
     [
      126.976612,
      37.343623
     ],
     [
      126.976673,
      37.343547
     ],
     [
      126.976734,
      37.343472
     ],
     [
      126.976796,
      37.343396
     ],
     [
      126.976857,
      37.343321
     ],
     [
      126.976919,
      37.343245
     ],
     [
      126.97698,
      37.343169
     ],
     [
      126.977041,
      37.343094
     ],
     [
      126.977103,
      37.343018
     ],
     [
      126.977164,
      37.342943
     ],
     [
      126.977226,
      37.342867
     ],
     [
      126.977276,
      37.342805
     ],
     [
      126.977287,
      37.342791
     ],
     [
      126.977345,
      37.342714
     ],
     [
      126.977402,
      37.342637
     ],
     [
      126.97746,
      37.342559
     ],
     [
      126.977518,
      37.342482
     ],
     [
      126.977576,
      37.342405
     ],
     [
      126.977634,
      37.342327
     ],
     [
      126.977692,
      37.34225
     ],
     [
      126.97775,
      37.342173
     ],
     [
      126.977808,
      37.342095
     ],
     [
      126.977866,
      37.342018
     ],
     [
      126.977924,
      37.341941
     ],
     [
      126.977982,
      37.341864
     ],
     [
      126.97804,
      37.341786
     ],
     [
      126.978098,
      37.341709
     ],
     [
      126.978156,
      37.341632
     ],
     [
      126.978214,
      37.341554
     ],
     [
      126.978272,
      37.341477
     ],
     [
      126.97833,
      37.3414
     ],
     [
      126.978388,
      37.341322
     ],
     [
      126.978433,
      37.341263
     ],
     [
      126.978444,
      37.341244
     ],
     [
      126.978496,
      37.341164
     ],
     [
      126.978547,
      37.341084
     ],
     [
      126.978598,
      37.341003
     ],
     [
      126.978649,
      37.340923
     ],
     [
      126.9787,
      37.340843
     ],
     [
      126.978751,
      37.340762
     ],
     [
      126.978802,
      37.340682
     ],
     [
      126.978853,
      37.340602
     ],
     [
      126.978905,
      37.340521
     ],
     [
      126.978956,
      37.340441
     ],
     [
      126.979007,
      37.340361
     ],
     [
      126.979058,
      37.34028
     ],
     [
      126.979109,
      37.3402
     ],
     [
      126.97916,
      37.34012
     ],
     [
      126.979211,
      37.340039
     ],
     [
      126.979262,
      37.339959
     ],
     [
      126.979313,
      37.339879
     ],
     [
      126.979332,
      37.33985
     ],
     [
      126.979348,
      37.339794
     ],
     [
      126.979374,
      37.339706
     ],
     [
      126.979399,
      37.339618
     ],
     [
      126.979425,
      37.33953
     ],
     [
      126.97945,
      37.339443
     ],
     [
      126.979476,
      37.339355
     ],
     [
      126.979501,
      37.339267
     ],
     [
      126.979527,
      37.339179
     ],
     [
      126.979552,
      37.339092
     ],
     [
      126.979578,
      37.339004
     ],
     [
      126.979603,
      37.338916
     ],
     [
      126.979629,
      37.338828
     ],
     [
      126.979654,
      37.33874
     ],
     [
      126.97968,
      37.338653
     ],
     [
      126.979705,
      37.338565
     ],
     [
      126.97973,
      37.338477
     ],
     [
      126.979756,
      37.338389
     ],
     [
      126.979781,
      37.338302
     ],
     [
      126.979807,
      37.338214
     ],
     [
      126.979832,
      37.338126
     ],
     [
      126.979858,
      37.338038
     ],
     [
      126.979883,
      37.33795
     ],
     [
      126.979909,
      37.337863
     ],
     [
      126.97991,
      37.337858
     ],
     [
      126.979942,
      37.337777
     ],
     [
      126.979976,
      37.337691
     ],
     [
      126.980009,
      37.337605
     ],
     [
      126.980043,
      37.337519
     ],
     [
      126.980077,
      37.337433
     ],
     [
      126.98011,
      37.337347
     ],
     [
      126.980144,
      37.337261
     ],
     [
      126.980178,
      37.337175
     ],
     [
      126.980211,
      37.337089
     ],
     [
      126.980245,
      37.337003
     ],
     [
      126.980279,
      37.336917
     ],
     [
      126.980312,
      37.336831
     ],
     [
      126.980346,
      37.336745
     ],
     [
      126.98038,
      37.336659
     ],
     [
      126.980396,
      37.336617
     ],
     [
      126.980409,
      37.336572
     ],
     [
      126.980435,
      37.336484
     ],
     [
      126.980462,
      37.336396
     ],
     [
      126.980468,
      37.336375
     ],
     [
      126.980488,
      37.336309
     ],
     [
      126.980514,
      37.336221
     ],
     [
      126.98054,
      37.336133
     ],
     [
      126.980566,
      37.336046
     ],
     [
      126.980592,
      37.335958
     ],
     [
      126.980618,
      37.33587
     ],
     [
      126.980645,
      37.335783
     ],
     [
      126.980671,
      37.335695
     ],
     [
      126.980697,
      37.335607
     ],
     [
      126.980723,
      37.33552
     ],
     [
      126.980749,
      37.335432
     ],
     [
      126.980775,
      37.335345
     ],
     [
      126.980799,
      37.335264
     ],
     [
      126.980824,
      37.335204
     ],
     [
      126.980859,
      37.335118
     ],
     [
      126.980894,
      37.335033
     ],
     [
      126.980929,
      37.334947
     ],
     [
      126.980964,
      37.334861
     ],
     [
      126.980999,
      37.334776
     ],
     [
      126.981034,
      37.33469
     ],
     [
      126.981069,
      37.334604
     ],
     [
      126.981104,
      37.334519
     ],
     [
      126.981139,
      37.334433
     ],
     [
      126.981174,
      37.334347
     ],
     [
      126.981209,
      37.334262
     ],
     [
      126.981244,
      37.334176
     ],
     [
      126.981279,
      37.33409
     ],
     [
      126.981314,
      37.334005
     ],
     [
      126.981349,
      37.333919
     ],
     [
      126.981377,
      37.333851
     ],
     [
      126.981385,
      37.333834
     ],
     [
      126.981423,
      37.333749
     ],
     [
      126.981461,
      37.333664
     ],
     [
      126.981498,
      37.333579
     ],
     [
      126.981536,
      37.333494
     ],
     [
      126.981574,
      37.333409
     ],
     [
      126.981612,
      37.333324
     ],
     [
      126.981649,
      37.333239
     ],
     [
      126.981687,
      37.333154
     ],
     [
      126.981725,
      37.333069
     ],
     [
      126.981762,
      37.332984
     ],
     [
      126.9818,
      37.3329
     ],
     [
      126.981838,
      37.332815
     ],
     [
      126.981876,
      37.33273
     ],
     [
      126.981891,
      37.332695
     ],
     [
      126.981939,
      37.332658
     ],
     [
      126.98202,
      37.332595
     ],
     [
      126.982102,
      37.332533
     ],
     [
      126.982183,
      37.33247
     ],
     [
      126.982264,
      37.332408
     ],
     [
      126.982345,
      37.332345
     ],
     [
      126.982427,
      37.332283
     ],
     [
      126.982508,
      37.33222
     ],
     [
      126.982589,
      37.332158
     ],
     [
      126.98267,
      37.332095
     ],
     [
      126.982726,
      37.332052
     ],
     [
      126.982742,
      37.332027
     ],
     [
      126.982792,
      37.331947
     ],
     [
      126.982843,
      37.331866
     ],
     [
      126.982893,
      37.331785
     ],
     [
      126.982944,
      37.331705
     ],
     [
      126.982994,
      37.331624
     ],
     [
      126.983044,
      37.331543
     ],
     [
      126.983095,
      37.331463
     ],
     [
      126.983145,
      37.331382
     ],
     [
      126.983196,
      37.331302
     ],
     [
      126.983246,
      37.331221
     ],
     [
      126.983296,
      37.33114
     ],
     [
      126.983347,
      37.33106
     ],
     [
      126.983369,
      37.331025
     ],
     [
      126.9834,
      37.33098
     ],
     [
      126.983455,
      37.330902
     ],
     [
      126.983511,
      37.330823
     ],
     [
      126.983566,
      37.330745
     ],
     [
      126.983622,
      37.330666
     ],
     [
      126.983677,
      37.330588
     ],
     [
      126.983732,
      37.330509
     ],
     [
      126.983788,
      37.330431
     ],
     [
      126.983843,
      37.330352
     ],
     [
      126.983899,
      37.330274
     ],
     [
      126.983954,
      37.330195
     ],
     [
      126.984009,
      37.330117
     ],
     [
      126.984065,
      37.330038
     ],
     [
      126.98412,
      37.32996
     ],
     [
      126.984139,
      37.329933
     ],
     [
      126.984159,
      37.329876
     ],
     [
      126.984189,
      37.329789
     ],
     [
      126.984219,
      37.329702
     ],
     [
      126.984249,
      37.329615
     ],
     [
      126.984279,
      37.329528
     ],
     [
      126.984309,
      37.329442
     ],
     [
      126.984339,
      37.329355
     ],
     [
      126.984369,
      37.329268
     ],
     [
      126.984399,
      37.329181
     ],
     [
      126.984429,
      37.329094
     ],
     [
      126.984459,
      37.329007
     ],
     [
      126.984488,
      37.32892
     ],
     [
      126.984518,
      37.328834
     ],
     [
      126.984548,
      37.328747
     ],
     [
      126.984578,
      37.32866
     ],
     [
      126.984608,
      37.328573
     ],
     [
      126.984638,
      37.328486
     ],
     [
      126.984668,
      37.328399
     ],
     [
      126.984698,
      37.328312
     ],
     [
      126.984728,
      37.328225
     ],
     [
      126.984758,
      37.328139
     ],
     [
      126.984782,
      37.32807
     ],
     [
      126.984803,
      37.328062
     ],
     [
      126.984907,
      37.328027
     ],
     [
      126.985011,
      37.327991
     ],
     [
      126.985114,
      37.327955
     ],
     [
      126.985218,
      37.32792
     ],
     [
      126.985322,
      37.327884
     ],
     [
      126.985425,
      37.327849
     ],
     [
      126.985529,
      37.327813
     ],
     [
      126.985632,
      37.327777
     ],
     [
      126.985736,
      37.327742
     ],
     [
      126.98584,
      37.327706
     ],
     [
      126.985943,
      37.32767
     ],
     [
      126.986047,
      37.327635
     ],
     [
      126.986151,
      37.327599
     ],
     [
      126.986254,
      37.327564
     ],
     [
      126.986358,
      37.327528
     ],
     [
      126.986462,
      37.327492
     ],
     [
      126.986565,
      37.327457
     ],
     [
      126.986669,
      37.327421
     ],
     [
      126.986772,
      37.327385
     ],
     [
      126.986837,
      37.327363
     ],
     [
      126.986852,
      37.327332
     ],
     [
      126.986893,
      37.327248
     ],
     [
      126.986933,
      37.327163
     ],
     [
      126.986973,
      37.327079
     ],
     [
      126.987013,
      37.326995
     ],
     [
      126.987054,
      37.326911
     ],
     [
      126.987094,
      37.326827
     ],
     [
      126.987134,
      37.326742
     ],
     [
      126.987174,
      37.326658
     ],
     [
      126.987215,
      37.326574
     ],
     [
      126.987255,
      37.32649
     ],
     [
      126.987295,
      37.326406
     ],
     [
      126.987335,
      37.326322
     ],
     [
      126.987376,
      37.326237
     ],
     [
      126.987416,
      37.326153
     ],
     [
      126.987456,
      37.326069
     ],
     [
      126.987497,
      37.325985
     ],
     [
      126.987537,
      37.325901
     ],
     [
      126.987544,
      37.325886
     ],
     [
      126.987589,
      37.325821
     ],
     [
      126.987643,
      37.325742
     ],
     [
      126.987698,
      37.325663
     ],
     [
      126.987753,
      37.325584
     ],
     [
      126.987807,
      37.325506
     ],
     [
      126.987862,
      37.325427
     ],
     [
      126.987916,
      37.325348
     ],
     [
      126.987971,
      37.325269
     ],
     [
      126.988026,
      37.32519
     ],
     [
      126.98808,
      37.325111
     ],
     [
      126.988135,
      37.325032
     ],
     [
      126.988189,
      37.324954
     ],
     [
      126.988244,
      37.324875
     ],
     [
      126.988298,
      37.324796
     ],
     [
      126.988353,
      37.324717
     ],
     [
      126.988408,
      37.324638
     ],
     [
      126.988462,
      37.324559
     ],
     [
      126.988517,
      37.32448
     ],
     [
      126.988571,
      37.324402
     ],
     [
      126.988626,
      37.324323
     ],
     [
      126.988681,
      37.324244
     ],
     [
      126.9887,
      37.324215
     ],
     [
      126.988745,
      37.32417
     ],
     [
      126.988816,
      37.3241
     ],
     [
      126.988886,
      37.32403
     ],
     [
      126.988957,
      37.323959
     ],
     [
      126.989027,
      37.323889
     ],
     [
      126.989097,
      37.323818
     ],
     [
      126.989168,
      37.323748
     ],
     [
      126.989238,
      37.323678
     ],
     [
      126.989309,
      37.323607
     ],
     [
      126.989343,
      37.323573
     ],
     [
      126.989337,
      37.323527
     ],
     [
      126.989328,
      37.323437
     ],
     [
      126.989318,
      37.323347
     ],
     [
      126.989308,
      37.323257
     ],
     [
      126.989298,
      37.323168
     ],
     [
      126.989288,
      37.323078
     ],
     [
      126.989278,
      37.322988
     ],
     [
      126.989268,
      37.322898
     ],
     [
      126.989258,
      37.322809
     ],
     [
      126.989248,
      37.322719
     ],
     [
      126.989238,
      37.322629
     ],
     [
      126.989228,
      37.322539
     ],
     [
      126.989218,
      37.32245
     ],
     [
      126.989208,
      37.32236
     ],
     [
      126.989198,
      37.32227
     ],
     [
      126.989188,
      37.32218
     ],
     [
      126.989178,
      37.322091
     ],
     [
      126.989168,
      37.322001
     ],
     [
      126.989158,
      37.321911
     ],
     [
      126.98915,
      37.321839
     ],
     [
      126.989147,
      37.321822
     ],
     [
      126.989131,
      37.321732
     ],
     [
      126.989116,
      37.321643
     ],
     [
      126.9891,
      37.321554
     ],
     [
      126.989085,
      37.321465
     ],
     [
      126.989069,
      37.321375
     ],
     [
      126.989054,
      37.321286
     ],
     [
      126.989038,
      37.321197
     ],
     [
      126.989023,
      37.321108
     ],
     [
      126.989007,
      37.321018
     ],
     [
      126.988992,
      37.320929
     ],
     [
      126.988976,
      37.32084
     ],
     [
      126.988961,
      37.320751
     ],
     [
      126.988945,
      37.320661
     ],
     [
      126.98893,
      37.320572
     ],
     [
      126.988914,
      37.320483
     ],
     [
      126.988899,
      37.320394
     ],
     [
      126.988893,
      37.320361
     ],
     [
      126.988853,
      37.320313
     ],
     [
      126.988791,
      37.320238
     ],
     [
      126.988728,
      37.320163
     ],
     [
      126.988666,
      37.320088
     ],
     [
      126.988603,
      37.320013
     ],
     [
      126.988541,
      37.319938
     ],
     [
      126.988478,
      37.319863
     ],
     [
      126.988416,
      37.319788
     ],
     [
      126.988353,
      37.319713
     ],
     [
      126.988291,
      37.319638
     ],
     [
      126.988251,
      37.31959
     ],
     [
      126.988247,
      37.319558
     ],
     [
      126.988238,
      37.319468
     ],
     [
      126.988229,
      37.319378
     ],
     [
      126.98822,
      37.319289
     ],
     [
      126.988211,
      37.319199
     ],
     [
      126.988202,
      37.319109
     ],
     [
      126.988193,
      37.319019
     ],
     [
      126.988184,
      37.318929
     ],
     [
      126.988176,
      37.318839
     ],
     [
      126.988167,
      37.31875
     ],
     [
      126.988158,
      37.31866
     ],
     [
      126.988149,
      37.31857
     ],
     [
      126.98814,
      37.31848
     ],
     [
      126.988131,
      37.31839
     ],
     [
      126.988122,
      37.318306
     ],
     [
      126.988121,
      37.318301
     ],
     [
      126.988099,
      37.318212
     ],
     [
      126.988077,
      37.318124
     ],
     [
      126.988055,
      37.318036
     ],
     [
      126.988033,
      37.317947
     ],
     [
      126.98801,
      37.317859
     ],
     [
      126.988009,
      37.317852
     ],
     [
      126.988067,
      37.317802
     ],
     [
      126.988144,
      37.317737
     ],
     [
      126.988221,
      37.317671
     ],
     [
      126.988298,
      37.317605
     ],
     [
      126.988375,
      37.317539
     ],
     [
      126.988452,
      37.317473
     ],
     [
      126.988529,
      37.317407
     ],
     [
      126.988606,
      37.317342
     ],
     [
      126.988683,
      37.317276
     ],
     [
      126.98876,
      37.31721
     ],
     [
      126.988837,
      37.317144
     ],
     [
      126.988915,
      37.317078
     ],
     [
      126.988992,
      37.317012
     ],
     [
      126.989069,
      37.316947
     ],
     [
      126.989146,
      37.316881
     ],
     [
      126.989223,
      37.316815
     ],
     [
      126.9893,
      37.316749
     ],
     [
      126.989377,
      37.316683
     ],
     [
      126.989454,
      37.316617
     ],
     [
      126.989531,
      37.316552
     ],
     [
      126.989608,
      37.316486
     ],
     [
      126.989685,
      37.31642
     ],
     [
      126.989762,
      37.316354
     ],
     [
      126.989833,
      37.316293
     ],
     [
      126.989837,
      37.316287
     ],
     [
      126.989892,
      37.316208
     ],
     [
      126.989946,
      37.316129
     ],
     [
      126.99,
      37.316051
     ],
     [
      126.990055,
      37.315972
     ],
     [
      126.990109,
      37.315893
     ],
     [
      126.990163,
      37.315814
     ],
     [
      126.990218,
      37.315735
     ],
     [
      126.990272,
      37.315656
     ],
     [
      126.990327,
      37.315577
     ],
     [
      126.990381,
      37.315498
     ],
     [
      126.990435,
      37.315419
     ],
     [
      126.99049,
      37.31534
     ],
     [
      126.990544,
      37.315261
     ],
     [
      126.990598,
      37.315182
     ],
     [
      126.990653,
      37.315103
     ],
     [
      126.990707,
      37.315024
     ],
     [
      126.990762,
      37.314945
     ],
     [
      126.990816,
      37.314866
     ],
     [
      126.99087,
      37.314787
     ],
     [
      126.990925,
      37.314708
     ],
     [
      126.990979,
      37.31463
     ],
     [
      126.991003,
      37.314594
     ],
     [
      126.991044,
      37.314556
     ],
     [
      126.991117,
      37.314488
     ],
     [
      126.99119,
      37.314419
     ],
     [
      126.991263,
      37.31435
     ],
     [
      126.991336,
      37.314282
     ],
     [
      126.991409,
      37.314213
     ],
     [
      126.991482,
      37.314144
     ],
     [
      126.991555,
      37.314076
     ],
     [
      126.991606,
      37.314028
     ],
     [
      126.991619,
      37.314003
     ],
     [
      126.991663,
      37.313919
     ],
     [
      126.991706,
      37.313836
     ],
     [
      126.991749,
      37.313753
     ],
     [
      126.991793,
      37.31367
     ],
     [
      126.991836,
      37.313587
     ],
     [
      126.99188,
      37.313504
     ],
     [
      126.991923,
      37.31342
     ],
     [
      126.99196,
      37.313349
     ],
     [
      126.991972,
      37.31334
     ],
     [
      126.992056,
      37.31328
     ],
     [
      126.99214,
      37.31322
     ],
     [
      126.992224,
      37.31316
     ],
     [
      126.992308,
      37.313099
     ],
     [
      126.992391,
      37.313039
     ],
     [
      126.992475,
      37.312979
     ],
     [
      126.992559,
      37.312919
     ],
     [
      126.992643,
      37.312858
     ],
     [
      126.992727,
      37.312798
     ],
     [
      126.992811,
      37.312738
     ],
     [
      126.992895,
      37.312677
     ],
     [
      126.992978,
      37.312617
     ],
     [
      126.993062,
      37.312557
     ],
     [
      126.993146,
      37.312497
     ],
     [
      126.99323,
      37.312436
     ],
     [
      126.993314,
      37.312376
     ],
     [
      126.993378,
      37.31233
     ],
     [
      126.993391,
      37.312311
     ],
     [
      126.993444,
      37.312232
     ],
     [
      126.993498,
      37.312153
     ],
     [
      126.993551,
      37.312074
     ],
     [
      126.993605,
      37.311994
     ],
     [
      126.993659,
      37.311915
     ],
     [
      126.993712,
      37.311836
     ],
     [
      126.993766,
      37.311756
     ],
     [
      126.993819,
      37.311677
     ],
     [
      126.993873,
      37.311598
     ],
     [
      126.993926,
      37.311519
     ],
     [
      126.99398,
      37.311439
     ],
     [
      126.994034,
      37.31136
     ],
     [
      126.994087,
      37.311281
     ],
     [
      126.994141,
      37.311201
     ],
     [
      126.994194,
      37.311122
     ],
     [
      126.994248,
      37.311043
     ],
     [
      126.994302,
      37.310964
     ],
     [
      126.994355,
      37.310884
     ],
     [
      126.994409,
      37.310805
     ],
     [
      126.994462,
      37.310726
     ],
     [
      126.994516,
      37.310646
     ],
     [
      126.994569,
      37.310567
     ],
     [
      126.994583,
      37.310546
     ],
     [
      126.994607,
      37.310482
     ],
     [
      126.994638,
      37.310396
     ],
     [
      126.99467,
      37.310309
     ],
     [
      126.994702,
      37.310223
     ],
     [
      126.994733,
      37.310136
     ],
     [
      126.994765,
      37.31005
     ],
     [
      126.994796,
      37.309963
     ],
     [
      126.994828,
      37.309877
     ],
     [
      126.994859,
      37.30979
     ],
     [
      126.994891,
      37.309704
     ],
     [
      126.994923,
      37.309617
     ],
     [
      126.994954,
      37.309531
     ],
     [
      126.994986,
      37.309444
     ],
     [
      126.995017,
      37.309358
     ],
     [
      126.995049,
      37.309271
     ],
     [
      126.995081,
      37.309185
     ],
     [
      126.995112,
      37.309098
     ],
     [
      126.995144,
      37.309012
     ],
     [
      126.995175,
      37.308925
     ],
     [
      126.995207,
      37.308839
     ],
     [
      126.995239,
      37.308752
     ],
     [
      126.99527,
      37.308666
     ],
     [
      126.995302,
      37.308579
     ],
     [
      126.995328,
      37.308508
     ],
     [
      126.995369,
      37.308551
     ],
     [
      126.995438,
      37.308622
     ],
     [
      126.995507,
      37.308694
     ],
     [
      126.995576,
      37.308765
     ],
     [
      126.995645,
      37.308836
     ],
     [
      126.995714,
      37.308908
     ],
     [
      126.995783,
      37.308979
     ],
     [
      126.995851,
      37.30905
     ],
     [
      126.99592,
      37.309122
     ],
     [
      126.995989,
      37.309193
     ],
     [
      126.996058,
      37.309265
     ],
     [
      126.996127,
      37.309336
     ],
     [
      126.996196,
      37.309407
     ],
     [
      126.996265,
      37.309479
     ],
     [
      126.996196,
      37.309407
     ],
     [
      126.996127,
      37.309336
     ],
     [
      126.996058,
      37.309265
     ],
     [
      126.995989,
      37.309193
     ],
     [
      126.99592,
      37.309122
     ],
     [
      126.995851,
      37.30905
     ],
     [
      126.995783,
      37.308979
     ],
     [
      126.995714,
      37.308908
     ],
     [
      126.995645,
      37.308836
     ],
     [
      126.995576,
      37.308765
     ],
     [
      126.995507,
      37.308694
     ],
     [
      126.995438,
      37.308622
     ],
     [
      126.995369,
      37.308551
     ],
     [
      126.995328,
      37.308508
     ],
     [
      126.995427,
      37.308509
     ],
     [
      126.995539,
      37.30851
     ],
     [
      126.995652,
      37.308512
     ],
     [
      126.995765,
      37.308513
     ],
     [
      126.995878,
      37.308514
     ],
     [
      126.995991,
      37.308515
     ],
     [
      126.996103,
      37.308516
     ],
     [
      126.996216,
      37.308518
     ],
     [
      126.996329,
      37.308519
     ],
     [
      126.996442,
      37.30852
     ],
     [
      126.996555,
      37.308521
     ],
     [
      126.996667,
      37.308522
     ],
     [
      126.99678,
      37.308524
     ],
     [
      126.996893,
      37.308525
     ],
     [
      126.997006,
      37.308526
     ],
     [
      126.997118,
      37.308527
     ],
     [
      126.997231,
      37.308529
     ],
     [
      126.997344,
      37.30853
     ],
     [
      126.997457,
      37.308531
     ],
     [
      126.99757,
      37.308532
     ],
     [
      126.997682,
      37.308533
     ],
     [
      126.997795,
      37.308535
     ],
     [
      126.997908,
      37.308536
     ],
     [
      126.997986,
      37.308537
     ],
     [
      126.998016,
      37.308523
     ],
     [
      126.998115,
      37.308479
     ],
     [
      126.998213,
      37.308434
     ],
     [
      126.998311,
      37.30839
     ],
     [
      126.998409,
      37.308346
     ],
     [
      126.998508,
      37.308302
     ],
     [
      126.998606,
      37.308258
     ],
     [
      126.998704,
      37.308213
     ],
     [
      126.998803,
      37.308169
     ],
     [
      126.998901,
      37.308125
     ],
     [
      126.998999,
      37.308081
     ],
     [
      126.999097,
      37.308036
     ],
     [
      126.999196,
      37.307992
     ],
     [
      126.999294,
      37.307948
     ],
     [
      126.999392,
      37.307904
     ],
     [
      126.99949,
      37.307859
     ],
     [
      126.999589,
      37.307815
     ],
     [
      126.999687,
      37.307771
     ],
     [
      126.999785,
      37.307727
     ],
     [
      126.999884,
      37.307683
     ],
     [
      126.999982,
      37.307638
     ],
     [
      127.00008,
      37.307594
     ],
     [
      127.000178,
      37.30755
     ],
     [
      127.000277,
      37.307506
     ],
     [
      127.000375,
      37.307461
     ],
     [
      127.000473,
      37.307417
     ],
     [
      127.000502,
      37.307404
     ],
     [
      127.000579,
      37.307387
     ],
     [
      127.000687,
      37.307362
     ],
     [
      127.000796,
      37.307338
     ],
     [
      127.000904,
      37.307313
     ],
     [
      127.001013,
      37.307289
     ],
     [
      127.001121,
      37.307264
     ],
     [
      127.00123,
      37.307239
     ],
     [
      127.001338,
      37.307215
     ],
     [
      127.001447,
      37.30719
     ],
     [
      127.001556,
      37.307166
     ],
     [
      127.001664,
      37.307141
     ],
     [
      127.001773,
      37.307117
     ],
     [
      127.001881,
      37.307092
     ],
     [
      127.00199,
      37.307068
     ],
     [
      127.002098,
      37.307043
     ],
     [
      127.002207,
      37.307018
     ],
     [
      127.002315,
      37.306994
     ],
     [
      127.002424,
      37.306969
     ],
     [
      127.002532,
      37.306945
     ],
     [
      127.002629,
      37.306923
     ],
     [
      127.00264,
      37.306919
     ],
     [
      127.002745,
      37.306885
     ],
     [
      127.00285,
      37.306852
     ],
     [
      127.002954,
      37.306818
     ],
     [
      127.003059,
      37.306784
     ],
     [
      127.003163,
      37.30675
     ],
     [
      127.003268,
      37.306716
     ],
     [
      127.003372,
      37.306683
     ],
     [
      127.003477,
      37.306649
     ],
     [
      127.003582,
      37.306615
     ],
     [
      127.003686,
      37.306581
     ],
     [
      127.003791,
      37.306548
     ],
     [
      127.003895,
      37.306514
     ],
     [
      127.004,
      37.30648
     ],
     [
      127.004104,
      37.306446
     ],
     [
      127.004209,
      37.306413
     ],
     [
      127.004294,
      37.306385
     ],
     [
      127.004316,
      37.306359
     ],
     [
      127.004378,
      37.306283
     ],
     [
      127.004439,
      37.306208
     ],
     [
      127.004501,
      37.306132
     ],
     [
      127.004563,
      37.306057
     ],
     [
      127.004625,
      37.305981
     ],
     [
      127.004686,
      37.305906
     ],
     [
      127.004748,
      37.305831
     ],
     [
      127.00481,
      37.305755
     ],
     [
      127.004871,
      37.30568
     ],
     [
      127.004933,
      37.305604
     ],
     [
      127.004995,
      37.305529
     ],
     [
      127.005057,
      37.305454
     ],
     [
      127.005118,
      37.305378
     ],
     [
      127.00518,
      37.305303
     ],
     [
      127.005242,
      37.305227
     ],
     [
      127.005304,
      37.305152
     ],
     [
      127.005365,
      37.305076
     ],
     [
      127.005427,
      37.305001
     ],
     [
      127.005489,
      37.304926
     ],
     [
      127.005499,
      37.304913
     ],
     [
      127.00549,
      37.304838
     ],
     [
      127.005479,
      37.304749
     ],
     [
      127.005468,
      37.304659
     ],
     [
      127.005457,
      37.304569
     ],
     [
      127.005446,
      37.30448
     ],
     [
      127.005435,
      37.30439
     ],
     [
      127.005424,
      37.3043
     ],
     [
      127.005412,
      37.304211
     ],
     [
      127.005401,
      37.304121
     ],
     [
      127.00539,
      37.304031
     ],
     [
      127.005379,
      37.303942
     ],
     [
      127.005368,
      37.303852
     ],
     [
      127.005357,
      37.303762
     ],
     [
      127.005346,
      37.303673
     ],
     [
      127.005335,
      37.303583
     ],
     [
      127.005324,
      37.303493
     ],
     [
      127.005313,
      37.303404
     ],
     [
      127.005302,
      37.303314
     ],
     [
      127.005291,
      37.303224
     ],
     [
      127.00528,
      37.303135
     ],
     [
      127.005269,
      37.303045
     ],
     [
      127.005257,
      37.302955
     ],
     [
      127.005251,
      37.302903
     ],
     [
      127.005285,
      37.302877
     ],
     [
      127.005366,
      37.302815
     ],
     [
      127.005448,
      37.302753
     ],
     [
      127.00553,
      37.30269
     ],
     [
      127.005611,
      37.302628
     ],
     [
      127.005693,
      37.302566
     ],
     [
      127.005774,
      37.302504
     ],
     [
      127.005856,
      37.302441
     ],
     [
      127.005938,
      37.302379
     ],
     [
      127.006019,
      37.302317
     ],
     [
      127.006031,
      37.302308
     ],
     [
      127.006055,
      37.302233
     ],
     [
      127.006083,
      37.302146
     ],
     [
      127.006111,
      37.302059
     ],
     [
      127.006139,
      37.301972
     ],
     [
      127.006167,
      37.301884
     ],
     [
      127.006195,
      37.301797
     ],
     [
      127.006223,
      37.30171
     ],
     [
      127.006251,
      37.301622
     ],
     [
      127.006279,
      37.301535
     ],
     [
      127.006307,
      37.301448
     ],
     [
      127.006336,
      37.301361
     ],
     [
      127.006349,
      37.301317
     ],
     [
      127.006341,
      37.301272
     ],
     [
      127.006323,
      37.301183
     ],
     [
      127.006306,
      37.301094
     ],
     [
      127.006289,
      37.301005
     ],
     [
      127.006272,
      37.300916
     ],
     [
      127.006254,
      37.300827
     ],
     [
      127.006237,
      37.300738
     ],
     [
      127.00622,
      37.300649
     ],
     [
      127.006203,
      37.30056
     ],
     [
      127.006185,
      37.300471
     ],
     [
      127.006168,
      37.300382
     ],
     [
      127.006156,
      37.300321
     ],
     [
      127.006161,
      37.300293
     ],
     [
      127.006178,
      37.300204
     ],
     [
      127.006194,
      37.300115
     ],
     [
      127.00621,
      37.300026
     ],
     [
      127.006227,
      37.299936
     ],
     [
      127.006243,
      37.299847
     ],
     [
      127.006259,
      37.299758
     ],
     [
      127.006275,
      37.299669
     ],
     [
      127.006292,
      37.29958
     ],
     [
      127.006308,
      37.299491
     ],
     [
      127.006324,
      37.299401
     ],
     [
      127.006341,
      37.299312
     ],
     [
      127.006357,
      37.299223
     ],
     [
      127.006373,
      37.299134
     ],
     [
      127.00639,
      37.299045
     ],
     [
      127.006406,
      37.298956
     ],
     [
      127.006422,
      37.298866
     ],
     [
      127.006439,
      37.298777
     ],
     [
      127.006455,
      37.298688
     ],
     [
      127.006456,
      37.298685
     ],
     [
      127.006505,
      37.298608
     ],
     [
      127.006556,
      37.298527
     ],
     [
      127.006607,
      37.298447
     ],
     [
      127.006658,
      37.298367
     ],
     [
      127.006709,
      37.298286
     ],
     [
      127.006761,
      37.298206
     ],
     [
      127.006812,
      37.298126
     ],
     [
      127.006863,
      37.298046
     ],
     [
      127.006914,
      37.297965
     ],
     [
      127.006965,
      37.297885
     ],
     [
      127.007017,
      37.297805
     ],
     [
      127.007068,
      37.297724
     ],
     [
      127.007119,
      37.297644
     ],
     [
      127.00717,
      37.297564
     ],
     [
      127.007221,
      37.297483
     ],
     [
      127.007273,
      37.297403
     ],
     [
      127.007324,
      37.297323
     ],
     [
      127.007375,
      37.297243
     ],
     [
      127.007412,
      37.297184
     ],
     [
      127.007438,
      37.297172
     ],
     [
      127.007535,
      37.297125
     ],
     [
      127.007632,
      37.297079
     ],
     [
      127.007729,
      37.297032
     ],
     [
      127.007825,
      37.296986
     ],
     [
      127.007922,
      37.29694
     ],
     [
      127.008019,
      37.296893
     ],
     [
      127.008115,
      37.296847
     ],
     [
      127.008212,
      37.296801
     ],
     [
      127.008309,
      37.296754
     ],
     [
      127.008406,
      37.296708
     ],
     [
      127.008502,
      37.296662
     ],
     [
      127.008599,
      37.296615
     ],
     [
      127.008696,
      37.296569
     ],
     [
      127.008792,
      37.296522
     ],
     [
      127.008889,
      37.296476
     ],
     [
      127.008986,
      37.29643
     ],
     [
      127.009083,
      37.296383
     ],
     [
      127.009179,
      37.296337
     ],
     [
      127.009276,
      37.296291
     ],
     [
      127.009361,
      37.29625
     ],
     [
      127.009364,
      37.296239
     ],
     [
      127.009389,
      37.296151
     ],
     [
      127.009414,
      37.296064
     ],
     [
      127.00944,
      37.295976
     ],
     [
      127.009465,
      37.295888
     ],
     [
      127.00949,
      37.2958
     ],
     [
      127.009515,
      37.295712
     ],
     [
      127.009541,
      37.295625
     ],
     [
      127.009566,
      37.295537
     ],
     [
      127.009591,
      37.295449
     ],
     [
      127.009616,
      37.295361
     ],
     [
      127.009641,
      37.295273
     ],
     [
      127.009667,
      37.295185
     ],
     [
      127.009692,
      37.295098
     ],
     [
      127.009717,
      37.29501
     ],
     [
      127.009742,
      37.294922
     ],
     [
      127.009767,
      37.294834
     ],
     [
      127.009793,
      37.294746
     ],
     [
      127.009818,
      37.294658
     ],
     [
      127.009834,
      37.294602
     ],
     [
      127.009879,
      37.294545
     ],
     [
      127.009939,
      37.294468
     ],
     [
      127.009999,
      37.294392
     ],
     [
      127.010059,
      37.294316
     ],
     [
      127.010119,
      37.29424
     ],
     [
      127.010179,
      37.294163
     ],
     [
      127.010239,
      37.294087
     ],
     [
      127.010299,
      37.294011
     ],
     [
      127.010359,
      37.293934
     ],
     [
      127.010419,
      37.293858
     ],
     [
      127.010479,
      37.293782
     ],
     [
      127.010539,
      37.293706
     ],
     [
      127.010599,
      37.293629
     ],
     [
      127.010659,
      37.293553
     ],
     [
      127.010719,
      37.293477
     ],
     [
      127.010779,
      37.2934
     ],
     [
      127.010839,
      37.293324
     ],
     [
      127.0109,
      37.293248
     ],
     [
      127.01096,
      37.293172
     ],
     [
      127.01102,
      37.293095
     ],
     [
      127.01108,
      37.293019
     ],
     [
      127.01114,
      37.292943
     ],
     [
      127.0112,
      37.292866
     ],
     [
      127.01126,
      37.29279
     ],
     [
      127.01132,
      37.292714
     ],
     [
      127.01138,
      37.292638
     ],
     [
      127.01144,
      37.292561
     ],
     [
      127.0115,
      37.292485
     ],
     [
      127.01156,
      37.292409
     ],
     [
      127.01162,
      37.292332
     ],
     [
      127.01168,
      37.292256
     ],
     [
      127.01174,
      37.29218
     ],
     [
      127.0118,
      37.292104
     ],
     [
      127.01186,
      37.292027
     ],
     [
      127.01192,
      37.291951
     ],
     [
      127.01198,
      37.291875
     ],
     [
      127.01204,
      37.291799
     ],
     [
      127.0121,
      37.291722
     ],
     [
      127.01216,
      37.291646
     ],
     [
      127.01222,
      37.29157
     ],
     [
      127.01228,
      37.291493
     ],
     [
      127.01234,
      37.291417
     ],
     [
      127.0124,
      37.291341
     ],
     [
      127.01246,
      37.291265
     ],
     [
      127.01252,
      37.291188
     ],
     [
      127.01258,
      37.291112
     ],
     [
      127.01264,
      37.291036
     ],
     [
      127.0127,
      37.290959
     ],
     [
      127.01276,
      37.290883
     ],
     [
      127.01282,
      37.290807
     ],
     [
      127.01288,
      37.290731
     ],
     [
      127.012917,
      37.290683
     ],
     [
      127.012937,
      37.290653
     ],
     [
      127.012987,
      37.290572
     ],
     [
      127.013037,
      37.290491
     ],
     [
      127.013088,
      37.290411
     ],
     [
      127.013138,
      37.29033
     ],
     [
      127.013189,
      37.29025
     ],
     [
      127.013239,
      37.290169
     ],
     [
      127.013289,
      37.290088
     ],
     [
      127.01334,
      37.290008
     ],
     [
      127.01339,
      37.289927
     ],
     [
      127.01344,
      37.289847
     ],
     [
      127.013491,
      37.289766
     ],
     [
      127.013541,
      37.289685
     ],
     [
      127.013592,
      37.289605
     ],
     [
      127.013642,
      37.289524
     ],
     [
      127.013692,
      37.289443
     ],
     [
      127.013743,
      37.289363
     ],
     [
      127.013748,
      37.289354
     ],
     [
      127.013791,
      37.289285
     ],
     [
      127.013842,
      37.289204
     ],
     [
      127.013881,
      37.289142
     ],
     [
      127.01389,
      37.289123
     ],
     [
      127.013932,
      37.289039
     ],
     [
      127.013974,
      37.288956
     ],
     [
      127.014016,
      37.288872
     ],
     [
      127.014058,
      37.288788
     ],
     [
      127.014099,
      37.288705
     ],
     [
      127.014141,
      37.288621
     ],
     [
      127.014183,
      37.288537
     ],
     [
      127.014225,
      37.288454
     ],
     [
      127.014267,
      37.28837
     ],
     [
      127.014309,
      37.288286
     ],
     [
      127.014317,
      37.28827
     ],
     [
      127.014356,
      37.288191
     ],
     [
      127.014398,
      37.288107
     ],
     [
      127.01444,
      37.288024
     ],
     [
      127.014459,
      37.287985
     ],
     [
      127.014469,
      37.287937
     ],
     [
      127.014488,
      37.287848
     ],
     [
      127.014507,
      37.287759
     ],
     [
      127.014525,
      37.287671
     ],
     [
      127.014544,
      37.287582
     ],
     [
      127.014563,
      37.287493
     ],
     [
      127.014582,
      37.287404
     ],
     [
      127.0146,
      37.287315
     ],
     [
      127.014619,
      37.287226
     ],
     [
      127.014638,
      37.287137
     ],
     [
      127.014656,
      37.287049
     ],
     [
      127.014675,
      37.28696
     ],
     [
      127.014694,
      37.286871
     ],
     [
      127.014713,
      37.286782
     ],
     [
      127.014731,
      37.286693
     ],
     [
      127.01475,
      37.286604
     ],
     [
      127.014769,
      37.286515
     ],
     [
      127.014787,
      37.286427
     ],
     [
      127.014806,
      37.286338
     ],
     [
      127.014825,
      37.286249
     ],
     [
      127.014843,
      37.28616
     ],
     [
      127.014862,
      37.286071
     ],
     [
      127.014881,
      37.285982
     ],
     [
      127.0149,
      37.285893
     ],
     [
      127.014918,
      37.285805
     ],
     [
      127.014937,
      37.285716
     ],
     [
      127.014956,
      37.285627
     ],
     [
      127.014973,
      37.285544
     ],
     [
      127.014973,
      37.285538
     ],
     [
      127.014969,
      37.285448
     ],
     [
      127.014966,
      37.285358
     ],
     [
      127.014962,
      37.285268
     ],
     [
      127.014962,
      37.285261
     ],
     [
      127.014961,
      37.285237
     ],
     [
      127.014958,
      37.285147
     ],
     [
      127.014954,
      37.285057
     ],
     [
      127.014951,
      37.284967
     ],
     [
      127.014947,
      37.284877
     ],
     [
      127.014944,
      37.284787
     ],
     [
      127.01494,
      37.284697
     ],
     [
      127.014937,
      37.284607
     ],
     [
      127.014934,
      37.284517
     ],
     [
      127.01493,
      37.284427
     ],
     [
      127.014927,
      37.284337
     ],
     [
      127.014923,
      37.284247
     ],
     [
      127.01492,
      37.284157
     ],
     [
      127.014916,
      37.284067
     ],
     [
      127.014913,
      37.283977
     ],
     [
      127.014909,
      37.283887
     ],
     [
      127.014909,
      37.283874
     ],
     [
      127.014914,
      37.283797
     ],
     [
      127.01492,
      37.283707
     ],
     [
      127.014926,
      37.283617
     ],
     [
      127.014933,
      37.283527
     ],
     [
      127.014939,
      37.283437
     ],
     [
      127.014945,
      37.283347
     ],
     [
      127.014951,
      37.283257
     ],
     [
      127.014957,
      37.283167
     ],
     [
      127.014963,
      37.283077
     ],
     [
      127.014969,
      37.282987
     ],
     [
      127.014975,
      37.282897
     ],
     [
      127.014982,
      37.282807
     ],
     [
      127.014988,
      37.282717
     ],
     [
      127.014994,
      37.282627
     ],
     [
      127.015,
      37.282537
     ],
     [
      127.015006,
      37.282447
     ],
     [
      127.015012,
      37.282357
     ],
     [
      127.015018,
      37.282267
     ],
     [
      127.015025,
      37.282177
     ],
     [
      127.015031,
      37.282087
     ],
     [
      127.015037,
      37.281997
     ],
     [
      127.015043,
      37.281907
     ],
     [
      127.01371,
      37.28184
     ]
    ]
   },
   "properties": {
    "kind": "leg",
    "id": "day2",
    "day": 2,
    "label": "시흥행궁 → 화성행궁",
    "direction": "outbound",
    "distanceKm": 24.89,
    "pointCount": 2542,
    "via": [
     "siheung",
     "@manan",
     "sageuncham",
     "@jijidae",
     "haenggung"
    ]
   }
  },
  {
   "type": "Feature",
   "geometry": {
    "type": "LineString",
    "coordinates": [
     [
      127.01371,
      37.28184
     ],
     [
      127.015043,
      37.281907
     ],
     [
      127.015049,
      37.281817
     ],
     [
      127.015055,
      37.281727
     ],
     [
      127.015061,
      37.281637
     ],
     [
      127.015067,
      37.281547
     ],
     [
      127.015074,
      37.281457
     ],
     [
      127.015077,
      37.2814
     ],
     [
      127.015078,
      37.281388
     ],
     [
      127.015084,
      37.281298
     ],
     [
      127.015091,
      37.281208
     ],
     [
      127.015097,
      37.281118
     ],
     [
      127.015102,
      37.281048
     ],
     [
      127.015103,
      37.281028
     ],
     [
      127.015111,
      37.280938
     ],
     [
      127.01512,
      37.280848
     ],
     [
      127.015128,
      37.280758
     ],
     [
      127.015136,
      37.280668
     ],
     [
      127.015144,
      37.280579
     ],
     [
      127.015152,
      37.280489
     ],
     [
      127.015161,
      37.280399
     ],
     [
      127.015166,
      37.280341
     ],
     [
      127.015168,
      37.280309
     ],
     [
      127.015173,
      37.280219
     ],
     [
      127.015178,
      37.280129
     ],
     [
      127.015183,
      37.280039
     ],
     [
      127.015188,
      37.279949
     ],
     [
      127.015193,
      37.279859
     ],
     [
      127.015198,
      37.279769
     ],
     [
      127.015203,
      37.279679
     ],
     [
      127.015208,
      37.279589
     ],
     [
      127.015213,
      37.279499
     ],
     [
      127.015218,
      37.279409
     ],
     [
      127.015223,
      37.279319
     ],
     [
      127.015228,
      37.279229
     ],
     [
      127.01523,
      37.279185
     ],
     [
      127.01523,
      37.279139
     ],
     [
      127.01523,
      37.279049
     ],
     [
      127.01523,
      37.278958
     ],
     [
      127.01523,
      37.278868
     ],
     [
      127.01523,
      37.278778
     ],
     [
      127.01523,
      37.278688
     ],
     [
      127.01523,
      37.278598
     ],
     [
      127.01523,
      37.278508
     ],
     [
      127.01523,
      37.278418
     ],
     [
      127.01523,
      37.278328
     ],
     [
      127.01523,
      37.278238
     ],
     [
      127.01523,
      37.278147
     ],
     [
      127.01523,
      37.278057
     ],
     [
      127.01523,
      37.277967
     ],
     [
      127.01523,
      37.277877
     ],
     [
      127.01523,
      37.277836
     ],
     [
      127.01523,
      37.277787
     ],
     [
      127.01523,
      37.277697
     ],
     [
      127.01523,
      37.277607
     ],
     [
      127.01523,
      37.277517
     ],
     [
      127.01523,
      37.277427
     ],
     [
      127.01523,
      37.277386
     ],
     [
      127.015292,
      37.277382
     ],
     [
      127.015404,
      37.277373
     ],
     [
      127.015516,
      37.277365
     ],
     [
      127.015629,
      37.277357
     ],
     [
      127.015741,
      37.277348
     ],
     [
      127.015853,
      37.27734
     ],
     [
      127.015965,
      37.277332
     ],
     [
      127.016078,
      37.277323
     ],
     [
      127.01619,
      37.277315
     ],
     [
      127.016302,
      37.277307
     ],
     [
      127.016414,
      37.277298
     ],
     [
      127.016527,
      37.27729
     ],
     [
      127.016639,
      37.277282
     ],
     [
      127.016751,
      37.277273
     ],
     [
      127.016864,
      37.277265
     ],
     [
      127.016964,
      37.277258
     ],
     [
      127.016965,
      37.277248
     ],
     [
      127.016966,
      37.277158
     ],
     [
      127.016968,
      37.277068
     ],
     [
      127.016969,
      37.276978
     ],
     [
      127.016971,
      37.276888
     ],
     [
      127.016971,
      37.276845
     ],
     [
      127.016973,
      37.276774
     ],
     [
      127.016974,
      37.276683
     ],
     [
      127.016976,
      37.276593
     ],
     [
      127.016977,
      37.276503
     ],
     [
      127.016979,
      37.276413
     ],
     [
      127.01698,
      37.276323
     ],
     [
      127.016982,
      37.276233
     ],
     [
      127.016984,
      37.276143
     ],
     [
      127.016985,
      37.276053
     ],
     [
      127.016987,
      37.275963
     ],
     [
      127.016988,
      37.275873
     ],
     [
      127.01699,
      37.275783
     ],
     [
      127.016991,
      37.275692
     ],
     [
      127.016993,
      37.275602
     ],
     [
      127.016994,
      37.275512
     ],
     [
      127.016996,
      37.275422
     ],
     [
      127.016997,
      37.275363
     ],
     [
      127.017003,
      37.275316
     ],
     [
      127.017014,
      37.275226
     ],
     [
      127.017024,
      37.275136
     ],
     [
      127.017035,
      37.275047
     ],
     [
      127.017046,
      37.274957
     ],
     [
      127.017057,
      37.274867
     ],
     [
      127.017068,
      37.274777
     ],
     [
      127.017078,
      37.274688
     ],
     [
      127.017089,
      37.274598
     ],
     [
      127.0171,
      37.274508
     ],
     [
      127.017111,
      37.274419
     ],
     [
      127.017122,
      37.274329
     ],
     [
      127.017133,
      37.274239
     ],
     [
      127.017143,
      37.27415
     ],
     [
      127.017154,
      37.27406
     ],
     [
      127.017165,
      37.27397
     ],
     [
      127.017176,
      37.273881
     ],
     [
      127.017187,
      37.273791
     ],
     [
      127.017197,
      37.273701
     ],
     [
      127.017208,
      37.273612
     ],
     [
      127.017219,
      37.273522
     ],
     [
      127.01723,
      37.273432
     ],
     [
      127.017241,
      37.273342
     ],
     [
      127.017252,
      37.273253
     ],
     [
      127.017262,
      37.273163
     ],
     [
      127.017273,
      37.273073
     ],
     [
      127.017284,
      37.272984
     ],
     [
      127.017295,
      37.272894
     ],
     [
      127.017306,
      37.272804
     ],
     [
      127.017316,
      37.272715
     ],
     [
      127.017327,
      37.272625
     ],
     [
      127.017338,
      37.272535
     ],
     [
      127.017349,
      37.272446
     ],
     [
      127.01736,
      37.272356
     ],
     [
      127.017371,
      37.272266
     ],
     [
      127.017381,
      37.272177
     ],
     [
      127.017392,
      37.272087
     ],
     [
      127.017403,
      37.271997
     ],
     [
      127.017414,
      37.271907
     ],
     [
      127.017425,
      37.271818
     ],
     [
      127.017436,
      37.271728
     ],
     [
      127.017446,
      37.271638
     ],
     [
      127.017457,
      37.271549
     ],
     [
      127.017459,
      37.271537
     ],
     [
      127.017515,
      37.271473
     ],
     [
      127.017579,
      37.271399
     ],
     [
      127.017644,
      37.271325
     ],
     [
      127.017708,
      37.271251
     ],
     [
      127.017773,
      37.271177
     ],
     [
      127.017838,
      37.271103
     ],
     [
      127.017902,
      37.27103
     ],
     [
      127.017967,
      37.270956
     ],
     [
      127.018031,
      37.270882
     ],
     [
      127.018096,
      37.270808
     ],
     [
      127.01816,
      37.270734
     ],
     [
      127.018225,
      37.27066
     ],
     [
      127.018289,
      37.270586
     ],
     [
      127.018354,
      37.270512
     ],
     [
      127.018419,
      37.270439
     ],
     [
      127.018483,
      37.270365
     ],
     [
      127.018548,
      37.270291
     ],
     [
      127.018612,
      37.270217
     ],
     [
      127.018635,
      37.270191
     ],
     [
      127.018604,
      37.270137
     ],
     [
      127.018558,
      37.270055
     ],
     [
      127.018513,
      37.269972
     ],
     [
      127.018467,
      37.26989
     ],
     [
      127.018421,
      37.269808
     ],
     [
      127.018375,
      37.269726
     ],
     [
      127.018329,
      37.269643
     ],
     [
      127.018283,
      37.269561
     ],
     [
      127.018238,
      37.269479
     ],
     [
      127.018192,
      37.269396
     ],
     [
      127.018146,
      37.269314
     ],
     [
      127.0181,
      37.269232
     ],
     [
      127.018054,
      37.269149
     ],
     [
      127.018009,
      37.269067
     ],
     [
      127.017963,
      37.268985
     ],
     [
      127.017917,
      37.268902
     ],
     [
      127.017871,
      37.26882
     ],
     [
      127.017825,
      37.268738
     ],
     [
      127.017779,
      37.268655
     ],
     [
      127.017734,
      37.268573
     ],
     [
      127.017688,
      37.268491
     ],
     [
      127.017642,
      37.268408
     ],
     [
      127.017596,
      37.268326
     ],
     [
      127.01755,
      37.268244
     ],
     [
      127.017504,
      37.268161
     ],
     [
      127.017459,
      37.268079
     ],
     [
      127.017413,
      37.267997
     ],
     [
      127.017367,
      37.267914
     ],
     [
      127.017321,
      37.267832
     ],
     [
      127.017275,
      37.26775
     ],
     [
      127.017229,
      37.267667
     ],
     [
      127.017184,
      37.267585
     ],
     [
      127.017138,
      37.267503
     ],
     [
      127.017092,
      37.26742
     ],
     [
      127.017046,
      37.267338
     ],
     [
      127.017,
      37.267256
     ],
     [
      127.016955,
      37.267173
     ],
     [
      127.016909,
      37.267091
     ],
     [
      127.016863,
      37.267009
     ],
     [
      127.016817,
      37.266926
     ],
     [
      127.016771,
      37.266844
     ],
     [
      127.016725,
      37.266762
     ],
     [
      127.01668,
      37.266679
     ],
     [
      127.016634,
      37.266597
     ],
     [
      127.016588,
      37.266515
     ],
     [
      127.016542,
      37.266433
     ],
     [
      127.016496,
      37.26635
     ],
     [
      127.01645,
      37.266268
     ],
     [
      127.016405,
      37.266186
     ],
     [
      127.016359,
      37.266103
     ],
     [
      127.016313,
      37.266021
     ],
     [
      127.016303,
      37.266004
     ],
     [
      127.016262,
      37.26594
     ],
     [
      127.01621,
      37.265861
     ],
     [
      127.016158,
      37.265781
     ],
     [
      127.016106,
      37.265701
     ],
     [
      127.016054,
      37.265621
     ],
     [
      127.016002,
      37.265541
     ],
     [
      127.01595,
      37.265461
     ],
     [
      127.015898,
      37.265381
     ],
     [
      127.015846,
      37.265301
     ],
     [
      127.015794,
      37.265221
     ],
     [
      127.015742,
      37.265141
     ],
     [
      127.01569,
      37.265061
     ],
     [
      127.015638,
      37.264981
     ],
     [
      127.015586,
      37.264901
     ],
     [
      127.015534,
      37.264821
     ],
     [
      127.015482,
      37.264742
     ],
     [
      127.01543,
      37.264662
     ],
     [
      127.015377,
      37.264582
     ],
     [
      127.015325,
      37.264502
     ],
     [
      127.015273,
      37.264422
     ],
     [
      127.015221,
      37.264342
     ],
     [
      127.015169,
      37.264262
     ],
     [
      127.015117,
      37.264182
     ],
     [
      127.015065,
      37.264102
     ],
     [
      127.015013,
      37.264022
     ],
     [
      127.014961,
      37.263942
     ],
     [
      127.014909,
      37.263862
     ],
     [
      127.014857,
      37.263782
     ],
     [
      127.014805,
      37.263702
     ],
     [
      127.014753,
      37.263623
     ],
     [
      127.014701,
      37.263543
     ],
     [
      127.014649,
      37.263463
     ],
     [
      127.014597,
      37.263383
     ],
     [
      127.014545,
      37.263303
     ],
     [
      127.014493,
      37.263223
     ],
     [
      127.014441,
      37.263143
     ],
     [
      127.014389,
      37.263063
     ],
     [
      127.014337,
      37.262983
     ],
     [
      127.014285,
      37.262903
     ],
     [
      127.014233,
      37.262823
     ],
     [
      127.014181,
      37.262743
     ],
     [
      127.014128,
      37.262663
     ],
     [
      127.014076,
      37.262583
     ],
     [
      127.014024,
      37.262504
     ],
     [
      127.013972,
      37.262424
     ],
     [
      127.01392,
      37.262344
     ],
     [
      127.013868,
      37.262264
     ],
     [
      127.013816,
      37.262184
     ],
     [
      127.013764,
      37.262104
     ],
     [
      127.013712,
      37.262024
     ],
     [
      127.01366,
      37.261944
     ],
     [
      127.013608,
      37.261864
     ],
     [
      127.013556,
      37.261784
     ],
     [
      127.013504,
      37.261704
     ],
     [
      127.013472,
      37.261656
     ],
     [
      127.013472,
      37.26162
     ],
     [
      127.013472,
      37.26153
     ],
     [
      127.013472,
      37.26144
     ],
     [
      127.013472,
      37.26135
     ],
     [
      127.013472,
      37.26126
     ],
     [
      127.013472,
      37.26117
     ],
     [
      127.013472,
      37.26108
     ],
     [
      127.013472,
      37.26099
     ],
     [
      127.013472,
      37.260899
     ],
     [
      127.013472,
      37.260809
     ],
     [
      127.013472,
      37.260719
     ],
     [
      127.013472,
      37.260629
     ],
     [
      127.013472,
      37.260539
     ],
     [
      127.013472,
      37.260449
     ],
     [
      127.013472,
      37.260359
     ],
     [
      127.013472,
      37.260269
     ],
     [
      127.013472,
      37.260179
     ],
     [
      127.013472,
      37.260089
     ],
     [
      127.013472,
      37.259998
     ],
     [
      127.013472,
      37.259908
     ],
     [
      127.013472,
      37.259899
     ],
     [
      127.013416,
      37.259832
     ],
     [
      127.013353,
      37.259757
     ],
     [
      127.01329,
      37.259682
     ],
     [
      127.013228,
      37.259607
     ],
     [
      127.013165,
      37.259532
     ],
     [
      127.013102,
      37.259458
     ],
     [
      127.013039,
      37.259383
     ],
     [
      127.012977,
      37.259308
     ],
     [
      127.012914,
      37.259233
     ],
     [
      127.012851,
      37.259158
     ],
     [
      127.012788,
      37.259083
     ],
     [
      127.012725,
      37.259009
     ],
     [
      127.012663,
      37.258934
     ],
     [
      127.0126,
      37.258859
     ],
     [
      127.012537,
      37.258784
     ],
     [
      127.012474,
      37.258709
     ],
     [
      127.012412,
      37.258634
     ],
     [
      127.012349,
      37.258559
     ],
     [
      127.012286,
      37.258485
     ],
     [
      127.012223,
      37.25841
     ],
     [
      127.012161,
      37.258335
     ],
     [
      127.012098,
      37.25826
     ],
     [
      127.012035,
      37.258185
     ],
     [
      127.011972,
      37.25811
     ],
     [
      127.01191,
      37.258036
     ],
     [
      127.011847,
      37.257961
     ],
     [
      127.011784,
      37.257886
     ],
     [
      127.011721,
      37.257811
     ],
     [
      127.011659,
      37.257736
     ],
     [
      127.011631,
      37.257703
     ],
     [
      127.011621,
      37.257653
     ],
     [
      127.011602,
      37.257564
     ],
     [
      127.011584,
      37.257476
     ],
     [
      127.011566,
      37.257387
     ],
     [
      127.011547,
      37.257298
     ],
     [
      127.011529,
      37.257209
     ],
     [
      127.01151,
      37.25712
     ],
     [
      127.011492,
      37.257031
     ],
     [
      127.011474,
      37.256942
     ],
     [
      127.011455,
      37.256853
     ],
     [
      127.011437,
      37.256764
     ],
     [
      127.011418,
      37.256676
     ],
     [
      127.0114,
      37.256587
     ],
     [
      127.011382,
      37.256498
     ],
     [
      127.011363,
      37.256409
     ],
     [
      127.011345,
      37.25632
     ],
     [
      127.011326,
      37.256231
     ],
     [
      127.011308,
      37.256142
     ],
     [
      127.01129,
      37.256053
     ],
     [
      127.011271,
      37.255964
     ],
     [
      127.011253,
      37.255875
     ],
     [
      127.011234,
      37.255787
     ],
     [
      127.011216,
      37.255698
     ],
     [
      127.011198,
      37.255609
     ],
     [
      127.011179,
      37.25552
     ],
     [
      127.011161,
      37.255431
     ],
     [
      127.011142,
      37.255342
     ],
     [
      127.011124,
      37.255253
     ],
     [
      127.011106,
      37.255164
     ],
     [
      127.011087,
      37.255075
     ],
     [
      127.011081,
      37.255046
     ],
     [
      127.011086,
      37.254986
     ],
     [
      127.011094,
      37.254896
     ],
     [
      127.011101,
      37.254806
     ],
     [
      127.011108,
      37.254716
     ],
     [
      127.011116,
      37.254626
     ],
     [
      127.011123,
      37.254536
     ],
     [
      127.011131,
      37.254446
     ],
     [
      127.011138,
      37.254356
     ],
     [
      127.011145,
      37.254267
     ],
     [
      127.011153,
      37.254177
     ],
     [
      127.01116,
      37.254087
     ],
     [
      127.011168,
      37.253997
     ],
     [
      127.011175,
      37.253907
     ],
     [
      127.011182,
      37.253817
     ],
     [
      127.011183,
      37.253811
     ],
     [
      127.011201,
      37.253778
     ],
     [
      127.011246,
      37.253695
     ],
     [
      127.011291,
      37.253613
     ],
     [
      127.011336,
      37.25353
     ],
     [
      127.011381,
      37.253448
     ],
     [
      127.011426,
      37.253365
     ],
     [
      127.011471,
      37.253282
     ],
     [
      127.011516,
      37.2532
     ],
     [
      127.01156,
      37.253117
     ],
     [
      127.011605,
      37.253034
     ],
     [
      127.01165,
      37.252952
     ],
     [
      127.011658,
      37.252938
     ],
     [
      127.011698,
      37.25287
     ],
     [
      127.011746,
      37.252788
     ],
     [
      127.011793,
      37.252707
     ],
     [
      127.011841,
      37.252625
     ],
     [
      127.011889,
      37.252544
     ],
     [
      127.011937,
      37.252462
     ],
     [
      127.011985,
      37.25238
     ],
     [
      127.012033,
      37.252299
     ],
     [
      127.01207,
      37.252235
     ],
     [
      127.012074,
      37.252216
     ],
     [
      127.012096,
      37.252127
     ],
     [
      127.012117,
      37.252039
     ],
     [
      127.012138,
      37.25195
     ],
     [
      127.012159,
      37.251862
     ],
     [
      127.012181,
      37.251773
     ],
     [
      127.012202,
      37.251685
     ],
     [
      127.012223,
      37.251596
     ],
     [
      127.012244,
      37.251508
     ],
     [
      127.012266,
      37.251419
     ],
     [
      127.012287,
      37.251331
     ],
     [
      127.012308,
      37.251242
     ],
     [
      127.012329,
      37.251154
     ],
     [
      127.01235,
      37.251065
     ],
     [
      127.012372,
      37.250977
     ],
     [
      127.012393,
      37.250888
     ],
     [
      127.012414,
      37.2508
     ],
     [
      127.012435,
      37.250711
     ],
     [
      127.012457,
      37.250623
     ],
     [
      127.012478,
      37.250534
     ],
     [
      127.012499,
      37.250446
     ],
     [
      127.01252,
      37.250357
     ],
     [
      127.012542,
      37.250269
     ],
     [
      127.012563,
      37.25018
     ],
     [
      127.012584,
      37.250092
     ],
     [
      127.012605,
      37.250003
     ],
     [
      127.012626,
      37.249915
     ],
     [
      127.012648,
      37.249826
     ],
     [
      127.012669,
      37.249738
     ],
     [
      127.01269,
      37.249649
     ],
     [
      127.012711,
      37.249561
     ],
     [
      127.012733,
      37.249472
     ],
     [
      127.012754,
      37.249384
     ],
     [
      127.012775,
      37.249296
     ],
     [
      127.012796,
      37.249207
     ],
     [
      127.012818,
      37.249119
     ],
     [
      127.012839,
      37.24903
     ],
     [
      127.01286,
      37.248942
     ],
     [
      127.012881,
      37.248853
     ],
     [
      127.012902,
      37.248765
     ],
     [
      127.012924,
      37.248676
     ],
     [
      127.012945,
      37.248588
     ],
     [
      127.012966,
      37.248499
     ],
     [
      127.012987,
      37.248411
     ],
     [
      127.013009,
      37.248322
     ],
     [
      127.01303,
      37.248234
     ],
     [
      127.013051,
      37.248145
     ],
     [
      127.013072,
      37.248057
     ],
     [
      127.013094,
      37.247968
     ],
     [
      127.013113,
      37.247887
     ],
     [
      127.013118,
      37.247881
     ],
     [
      127.013177,
      37.247804
     ],
     [
      127.013235,
      37.247727
     ],
     [
      127.013294,
      37.24765
     ],
     [
      127.013353,
      37.247573
     ],
     [
      127.013412,
      37.247496
     ],
     [
      127.01347,
      37.247419
     ],
     [
      127.013529,
      37.247342
     ],
     [
      127.013588,
      37.247265
     ],
     [
      127.013647,
      37.247189
     ],
     [
      127.013705,
      37.247112
     ],
     [
      127.013764,
      37.247035
     ],
     [
      127.013823,
      37.246958
     ],
     [
      127.013882,
      37.246881
     ],
     [
      127.013941,
      37.246804
     ],
     [
      127.013999,
      37.246727
     ],
     [
      127.014,
      37.246726
     ],
     [
      127.014032,
      37.246641
     ],
     [
      127.014064,
      37.246555
     ],
     [
      127.014096,
      37.246468
     ],
     [
      127.014128,
      37.246382
     ],
     [
      127.01416,
      37.246296
     ],
     [
      127.014192,
      37.246209
     ],
     [
      127.014225,
      37.246123
     ],
     [
      127.014257,
      37.246036
     ],
     [
      127.014289,
      37.24595
     ],
     [
      127.014321,
      37.245864
     ],
     [
      127.014353,
      37.245777
     ],
     [
      127.014385,
      37.245691
     ],
     [
      127.014417,
      37.245605
     ],
     [
      127.014449,
      37.245518
     ],
     [
      127.014481,
      37.245432
     ],
     [
      127.014513,
      37.245345
     ],
     [
      127.014546,
      37.245259
     ],
     [
      127.014578,
      37.245173
     ],
     [
      127.01461,
      37.245086
     ],
     [
      127.014642,
      37.245
     ],
     [
      127.014674,
      37.244914
     ],
     [
      127.014706,
      37.244827
     ],
     [
      127.014738,
      37.244741
     ],
     [
      127.01477,
      37.244654
     ],
     [
      127.014802,
      37.244568
     ],
     [
      127.014834,
      37.244482
     ],
     [
      127.014867,
      37.244395
     ],
     [
      127.014899,
      37.244309
     ],
     [
      127.014931,
      37.244223
     ],
     [
      127.014963,
      37.244136
     ],
     [
      127.014995,
      37.24405
     ],
     [
      127.015027,
      37.243964
     ],
     [
      127.015059,
      37.243877
     ],
     [
      127.015091,
      37.243791
     ],
     [
      127.015123,
      37.243704
     ],
     [
      127.015155,
      37.243618
     ],
     [
      127.015188,
      37.243532
     ],
     [
      127.01522,
      37.243445
     ],
     [
      127.015252,
      37.243359
     ],
     [
      127.015284,
      37.243273
     ],
     [
      127.015316,
      37.243186
     ],
     [
      127.015348,
      37.2431
     ],
     [
      127.01538,
      37.243013
     ],
     [
      127.015412,
      37.242927
     ],
     [
      127.015444,
      37.242841
     ],
     [
      127.015476,
      37.242754
     ],
     [
      127.015509,
      37.242668
     ],
     [
      127.015541,
      37.242582
     ],
     [
      127.015573,
      37.242495
     ],
     [
      127.015605,
      37.242409
     ],
     [
      127.015637,
      37.242322
     ],
     [
      127.015638,
      37.242321
     ],
     [
      127.015595,
      37.242239
     ],
     [
      127.015552,
      37.242156
     ],
     [
      127.015509,
      37.242072
     ],
     [
      127.015467,
      37.241989
     ],
     [
      127.015424,
      37.241906
     ],
     [
      127.015381,
      37.241823
     ],
     [
      127.015338,
      37.241739
     ],
     [
      127.015295,
      37.241656
     ],
     [
      127.015252,
      37.241573
     ],
     [
      127.015209,
      37.241489
     ],
     [
      127.015166,
      37.241406
     ],
     [
      127.015123,
      37.241323
     ],
     [
      127.01508,
      37.241239
     ],
     [
      127.015037,
      37.241156
     ],
     [
      127.015012,
      37.241107
     ],
     [
      127.015018,
      37.24107
     ],
     [
      127.015033,
      37.240981
     ],
     [
      127.015047,
      37.240892
     ],
     [
      127.015062,
      37.240802
     ],
     [
      127.015077,
      37.240713
     ],
     [
      127.015092,
      37.240624
     ],
     [
      127.015106,
      37.240534
     ],
     [
      127.015121,
      37.240445
     ],
     [
      127.015136,
      37.240356
     ],
     [
      127.015151,
      37.240266
     ],
     [
      127.015165,
      37.240177
     ],
     [
      127.01518,
      37.240088
     ],
     [
      127.015195,
      37.239998
     ],
     [
      127.01521,
      37.239909
     ],
     [
      127.01522,
      37.239845
     ],
     [
      127.015241,
      37.239825
     ],
     [
      127.015313,
      37.239756
     ],
     [
      127.015385,
      37.239687
     ],
     [
      127.015457,
      37.239618
     ],
     [
      127.015529,
      37.239548
     ],
     [
      127.015601,
      37.239479
     ],
     [
      127.015673,
      37.23941
     ],
     [
      127.015746,
      37.239341
     ],
     [
      127.015816,
      37.239274
     ],
     [
      127.015816,
      37.239271
     ],
     [
      127.015832,
      37.239182
     ],
     [
      127.015849,
      37.239093
     ],
     [
      127.015865,
      37.239003
     ],
     [
      127.015882,
      37.238914
     ],
     [
      127.015898,
      37.238825
     ],
     [
      127.015914,
      37.238736
     ],
     [
      127.015931,
      37.238647
     ],
     [
      127.015947,
      37.238558
     ],
     [
      127.015963,
      37.238469
     ],
     [
      127.01598,
      37.238379
     ],
     [
      127.015996,
      37.23829
     ],
     [
      127.016013,
      37.238201
     ],
     [
      127.016029,
      37.238112
     ],
     [
      127.016045,
      37.238023
     ],
     [
      127.016062,
      37.237934
     ],
     [
      127.016078,
      37.237845
     ],
     [
      127.016094,
      37.237755
     ],
     [
      127.016111,
      37.237666
     ],
     [
      127.016113,
      37.237655
     ],
     [
      127.016145,
      37.237581
     ],
     [
      127.016182,
      37.237495
     ],
     [
      127.016219,
      37.23741
     ],
     [
      127.016256,
      37.237325
     ],
     [
      127.016293,
      37.23724
     ],
     [
      127.01633,
      37.237155
     ],
     [
      127.016367,
      37.23707
     ],
     [
      127.016404,
      37.236985
     ],
     [
      127.016441,
      37.2369
     ],
     [
      127.016478,
      37.236815
     ],
     [
      127.016515,
      37.236729
     ],
     [
      127.016552,
      37.236644
     ],
     [
      127.016589,
      37.236559
     ],
     [
      127.016589,
      37.236559
     ],
     [
      127.016651,
      37.236484
     ],
     [
      127.016713,
      37.236409
     ],
     [
      127.016775,
      37.236333
     ],
     [
      127.016837,
      37.236258
     ],
     [
      127.016899,
      37.236183
     ],
     [
      127.016961,
      37.236108
     ],
     [
      127.017023,
      37.236032
     ],
     [
      127.017085,
      37.235957
     ],
     [
      127.017147,
      37.235882
     ],
     [
      127.017208,
      37.235806
     ],
     [
      127.01727,
      37.235731
     ],
     [
      127.017332,
      37.235656
     ],
     [
      127.017394,
      37.235581
     ],
     [
      127.017456,
      37.235505
     ],
     [
      127.017518,
      37.23543
     ],
     [
      127.01758,
      37.235355
     ],
     [
      127.017642,
      37.235279
     ],
     [
      127.017704,
      37.235204
     ],
     [
      127.017766,
      37.235129
     ],
     [
      127.017828,
      37.235054
     ],
     [
      127.01789,
      37.234978
     ],
     [
      127.017951,
      37.234903
     ],
     [
      127.018013,
      37.234828
     ],
     [
      127.018075,
      37.234752
     ],
     [
      127.018078,
      37.23475
     ],
     [
      127.018083,
      37.234663
     ],
     [
      127.018089,
      37.234573
     ],
     [
      127.018094,
      37.234483
     ],
     [
      127.0181,
      37.234393
     ],
     [
      127.018105,
      37.234303
     ],
     [
      127.018111,
      37.234213
     ],
     [
      127.018117,
      37.234123
     ],
     [
      127.018122,
      37.234033
     ],
     [
      127.018128,
      37.233943
     ],
     [
      127.018133,
      37.233853
     ],
     [
      127.018139,
      37.233763
     ],
     [
      127.018145,
      37.233673
     ],
     [
      127.01815,
      37.233583
     ],
     [
      127.018156,
      37.233493
     ],
     [
      127.018161,
      37.233403
     ],
     [
      127.018167,
      37.233313
     ],
     [
      127.018173,
      37.233223
     ],
     [
      127.018178,
      37.233133
     ],
     [
      127.018184,
      37.233043
     ],
     [
      127.018189,
      37.232953
     ],
     [
      127.018195,
      37.232863
     ],
     [
      127.018201,
      37.232773
     ],
     [
      127.018206,
      37.232683
     ],
     [
      127.01821,
      37.232625
     ],
     [
      127.01821,
      37.232604
     ],
     [
      127.018209,
      37.232513
     ],
     [
      127.018209,
      37.232423
     ],
     [
      127.018208,
      37.232333
     ],
     [
      127.018208,
      37.232243
     ],
     [
      127.018208,
      37.232153
     ],
     [
      127.018207,
      37.232063
     ],
     [
      127.018207,
      37.231973
     ],
     [
      127.018206,
      37.231883
     ],
     [
      127.018206,
      37.231793
     ],
     [
      127.018205,
      37.231702
     ],
     [
      127.018205,
      37.231612
     ],
     [
      127.018205,
      37.231522
     ],
     [
      127.018204,
      37.231432
     ],
     [
      127.018204,
      37.231342
     ],
     [
      127.018203,
      37.231252
     ],
     [
      127.018203,
      37.231162
     ],
     [
      127.018202,
      37.231072
     ],
     [
      127.018202,
      37.230982
     ],
     [
      127.018202,
      37.230892
     ],
     [
      127.018201,
      37.230801
     ],
     [
      127.018201,
      37.230711
     ],
     [
      127.0182,
      37.230621
     ],
     [
      127.0182,
      37.230531
     ],
     [
      127.018199,
      37.230441
     ],
     [
      127.018199,
      37.230351
     ],
     [
      127.018198,
      37.230261
     ],
     [
      127.018198,
      37.230171
     ],
     [
      127.018198,
      37.230081
     ],
     [
      127.018197,
      37.22999
     ],
     [
      127.018197,
      37.2299
     ],
     [
      127.018196,
      37.22981
     ],
     [
      127.018196,
      37.22972
     ],
     [
      127.018195,
      37.229631
     ],
     [
      127.018196,
      37.22963
     ],
     [
      127.018227,
      37.229543
     ],
     [
      127.018258,
      37.229457
     ],
     [
      127.018289,
      37.22937
     ],
     [
      127.01832,
      37.229284
     ],
     [
      127.018351,
      37.229197
     ],
     [
      127.018382,
      37.22911
     ],
     [
      127.018413,
      37.229024
     ],
     [
      127.018444,
      37.228937
     ],
     [
      127.018475,
      37.228851
     ],
     [
      127.018506,
      37.228764
     ],
     [
      127.018537,
      37.228677
     ],
     [
      127.018568,
      37.228591
     ],
     [
      127.018599,
      37.228504
     ],
     [
      127.01863,
      37.228417
     ],
     [
      127.018661,
      37.228331
     ],
     [
      127.018692,
      37.228244
     ],
     [
      127.018723,
      37.228158
     ],
     [
      127.018754,
      37.228071
     ],
     [
      127.018785,
      37.227984
     ],
     [
      127.018816,
      37.227898
     ],
     [
      127.018847,
      37.227811
     ],
     [
      127.018878,
      37.227724
     ],
     [
      127.018909,
      37.227638
     ],
     [
      127.01894,
      37.227551
     ],
     [
      127.018972,
      37.227465
     ],
     [
      127.019003,
      37.227378
     ],
     [
      127.019034,
      37.227291
     ],
     [
      127.019065,
      37.227205
     ],
     [
      127.019096,
      37.227118
     ],
     [
      127.019127,
      37.227031
     ],
     [
      127.019158,
      37.226945
     ],
     [
      127.019189,
      37.226858
     ],
     [
      127.01922,
      37.226772
     ],
     [
      127.019251,
      37.226685
     ],
     [
      127.019282,
      37.226598
     ],
     [
      127.019313,
      37.226512
     ],
     [
      127.019344,
      37.226425
     ],
     [
      127.019375,
      37.226339
     ],
     [
      127.019406,
      37.226252
     ],
     [
      127.019437,
      37.226165
     ],
     [
      127.019468,
      37.226079
     ],
     [
      127.019499,
      37.225992
     ],
     [
      127.01953,
      37.225905
     ],
     [
      127.019561,
      37.225819
     ],
     [
      127.019564,
      37.225811
     ],
     [
      127.01957,
      37.225788
     ],
     [
      127.019591,
      37.225699
     ],
     [
      127.019613,
      37.225611
     ],
     [
      127.019635,
      37.225523
     ],
     [
      127.019656,
      37.225434
     ],
     [
      127.019678,
      37.225346
     ],
     [
      127.0197,
      37.225257
     ],
     [
      127.019722,
      37.225169
     ],
     [
      127.019743,
      37.225081
     ],
     [
      127.019765,
      37.224992
     ],
     [
      127.019787,
      37.224904
     ],
     [
      127.019808,
      37.224815
     ],
     [
      127.01983,
      37.224727
     ],
     [
      127.019852,
      37.224638
     ],
     [
      127.019874,
      37.22455
     ],
     [
      127.019895,
      37.224462
     ],
     [
      127.019917,
      37.224373
     ],
     [
      127.019939,
      37.224285
     ],
     [
      127.01996,
      37.224196
     ],
     [
      127.019982,
      37.224108
     ],
     [
      127.020004,
      37.22402
     ],
     [
      127.020026,
      37.223931
     ],
     [
      127.020047,
      37.223843
     ],
     [
      127.020069,
      37.223754
     ],
     [
      127.020091,
      37.223666
     ],
     [
      127.020112,
      37.223577
     ],
     [
      127.020134,
      37.223489
     ],
     [
      127.020156,
      37.223401
     ],
     [
      127.020178,
      37.223312
     ],
     [
      127.020199,
      37.223224
     ],
     [
      127.02022,
      37.223139
     ],
     [
      127.02022,
      37.223085
     ],
     [
      127.020221,
      37.222995
     ],
     [
      127.020222,
      37.222905
     ],
     [
      127.020223,
      37.222815
     ],
     [
      127.020224,
      37.222725
     ],
     [
      127.020225,
      37.222635
     ],
     [
      127.020225,
      37.222545
     ],
     [
      127.020226,
      37.222455
     ],
     [
      127.020227,
      37.222365
     ],
     [
      127.020228,
      37.222274
     ],
     [
      127.020229,
      37.222184
     ],
     [
      127.020229,
      37.222094
     ],
     [
      127.02023,
      37.222004
     ],
     [
      127.020231,
      37.221914
     ],
     [
      127.020232,
      37.221824
     ],
     [
      127.020233,
      37.221734
     ],
     [
      127.020233,
      37.221644
     ],
     [
      127.020234,
      37.221554
     ],
     [
      127.020235,
      37.221463
     ],
     [
      127.020236,
      37.221373
     ],
     [
      127.020237,
      37.221283
     ],
     [
      127.020237,
      37.221193
     ],
     [
      127.020238,
      37.221103
     ],
     [
      127.020239,
      37.221013
     ],
     [
      127.02024,
      37.220923
     ],
     [
      127.020241,
      37.220833
     ],
     [
      127.020241,
      37.220743
     ],
     [
      127.020242,
      37.220653
     ],
     [
      127.020243,
      37.220562
     ],
     [
      127.020244,
      37.220472
     ],
     [
      127.020245,
      37.220382
     ],
     [
      127.020245,
      37.220292
     ],
     [
      127.020246,
      37.220202
     ],
     [
      127.020247,
      37.220112
     ],
     [
      127.020247,
      37.220084
     ],
     [
      127.020249,
      37.220022
     ],
     [
      127.020252,
      37.219932
     ],
     [
      127.020255,
      37.219842
     ],
     [
      127.020258,
      37.219752
     ],
     [
      127.020261,
      37.219662
     ],
     [
      127.020264,
      37.219571
     ],
     [
      127.020267,
      37.219481
     ],
     [
      127.02027,
      37.219391
     ],
     [
      127.020273,
      37.219301
     ],
     [
      127.020276,
      37.219211
     ],
     [
      127.020279,
      37.219121
     ],
     [
      127.020282,
      37.219031
     ],
     [
      127.020285,
      37.218941
     ],
     [
      127.020288,
      37.218851
     ],
     [
      127.020291,
      37.218761
     ],
     [
      127.020294,
      37.218671
     ],
     [
      127.020297,
      37.218581
     ],
     [
      127.0203,
      37.218491
     ],
     [
      127.020303,
      37.218401
     ],
     [
      127.020305,
      37.218352
     ],
     [
      127.020304,
      37.218351
     ],
     [
      127.020273,
      37.218264
     ],
     [
      127.020243,
      37.218178
     ],
     [
      127.020212,
      37.218091
     ],
     [
      127.020181,
      37.218004
     ],
     [
      127.02015,
      37.217918
     ],
     [
      127.020119,
      37.217831
     ],
     [
      127.020088,
      37.217745
     ],
     [
      127.020057,
      37.217658
     ],
     [
      127.020026,
      37.217571
     ],
     [
      127.019995,
      37.217485
     ],
     [
      127.019964,
      37.217398
     ],
     [
      127.019933,
      37.217311
     ],
     [
      127.019912,
      37.21725
     ],
     [
      127.01991,
      37.217249
     ],
     [
      127.019816,
      37.217199
     ],
     [
      127.019722,
      37.217149
     ],
     [
      127.019629,
      37.217099
     ],
     [
      127.019535,
      37.217049
     ],
     [
      127.019441,
      37.216999
     ],
     [
      127.019347,
      37.216949
     ],
     [
      127.019254,
      37.216899
     ],
     [
      127.01916,
      37.216849
     ],
     [
      127.019066,
      37.216799
     ],
     [
      127.018972,
      37.216749
     ],
     [
      127.018879,
      37.216699
     ],
     [
      127.018785,
      37.216649
     ],
     [
      127.018691,
      37.216599
     ],
     [
      127.018674,
      37.21659
     ],
     [
      127.018662,
      37.216584
     ],
     [
      127.018568,
      37.216534
     ],
     [
      127.018475,
      37.216484
     ],
     [
      127.018381,
      37.216434
     ],
     [
      127.018287,
      37.216384
     ],
     [
      127.018193,
      37.216334
     ],
     [
      127.0181,
      37.216284
     ],
     [
      127.018006,
      37.216234
     ],
     [
      127.017912,
      37.216184
     ],
     [
      127.017818,
      37.216134
     ],
     [
      127.017766,
      37.216106
     ],
     [
      127.01774,
      37.216073
     ],
     [
      127.01768,
      37.215996
     ],
     [
      127.017621,
      37.21592
     ],
     [
      127.017561,
      37.215843
     ],
     [
      127.017501,
      37.215767
     ],
     [
      127.017442,
      37.21569
     ],
     [
      127.017382,
      37.215614
     ],
     [
      127.017323,
      37.215537
     ],
     [
      127.017263,
      37.215461
     ],
     [
      127.017204,
      37.215384
     ],
     [
      127.017144,
      37.215308
     ],
     [
      127.017085,
      37.215231
     ],
     [
      127.017025,
      37.215155
     ],
     [
      127.016965,
      37.215078
     ],
     [
      127.016906,
      37.215002
     ],
     [
      127.016846,
      37.214926
     ],
     [
      127.016787,
      37.214849
     ],
     [
      127.016727,
      37.214773
     ],
     [
      127.016668,
      37.214696
     ],
     [
      127.016608,
      37.21462
     ],
     [
      127.016548,
      37.214543
     ],
     [
      127.016489,
      37.214467
     ],
     [
      127.016429,
      37.21439
     ],
     [
      127.01637,
      37.214314
     ],
     [
      127.01631,
      37.214237
     ],
     [
      127.016251,
      37.214161
     ],
     [
      127.016192,
      37.214086
     ],
     [
      127.016191,
      37.214084
     ],
     [
      127.016113,
      37.214019
     ],
     [
      127.016036,
      37.213954
     ],
     [
      127.015958,
      37.213888
     ],
     [
      127.015881,
      37.213823
     ],
     [
      127.015803,
      37.213757
     ],
     [
      127.015726,
      37.213692
     ],
     [
      127.015649,
      37.213626
     ],
     [
      127.015571,
      37.213561
     ],
     [
      127.015494,
      37.213495
     ],
     [
      127.015416,
      37.21343
     ],
     [
      127.015358,
      37.213381
     ],
     [
      127.015348,
      37.21336
     ],
     [
      127.015307,
      37.213276
     ],
     [
      127.015266,
      37.213192
     ],
     [
      127.015226,
      37.213108
     ],
     [
      127.015185,
      37.213024
     ],
     [
      127.015144,
      37.21294
     ],
     [
      127.015104,
      37.212856
     ],
     [
      127.015072,
      37.21279
     ],
     [
      127.015053,
      37.212778
     ],
     [
      127.014963,
      37.212724
     ],
     [
      127.014872,
      37.21267
     ],
     [
      127.014782,
      37.212616
     ],
     [
      127.014692,
      37.212562
     ],
     [
      127.014602,
      37.212507
     ],
     [
      127.014512,
      37.212453
     ],
     [
      127.014422,
      37.212399
     ],
     [
      127.014332,
      37.212345
     ],
     [
      127.014242,
      37.212291
     ],
     [
      127.014152,
      37.212237
     ],
     [
      127.014062,
      37.212183
     ],
     [
      127.013972,
      37.212129
     ],
     [
      127.013882,
      37.212074
     ],
     [
      127.013792,
      37.21202
     ],
     [
      127.013702,
      37.211966
     ],
     [
      127.013612,
      37.211912
     ],
     [
      127.013522,
      37.211858
     ],
     [
      127.013432,
      37.211804
     ],
     [
      127.013342,
      37.21175
     ],
     [
      127.013251,
      37.211695
     ],
     [
      127.013161,
      37.211641
     ],
     [
      127.013071,
      37.211587
     ],
     [
      127.012981,
      37.211533
     ],
     [
      127.012891,
      37.211479
     ],
     [
      127.012801,
      37.211425
     ],
     [
      127.012711,
      37.211371
     ],
     [
      127.012621,
      37.211316
     ],
     [
      127.012531,
      37.211262
     ],
     [
      127.012441,
      37.211208
     ],
     [
      127.012351,
      37.211154
     ],
     [
      127.012261,
      37.2111
     ],
     [
      127.012171,
      37.211046
     ],
     [
      127.012081,
      37.210992
     ],
     [
      127.011991,
      37.210937
     ],
     [
      127.011901,
      37.210883
     ],
     [
      127.011811,
      37.210829
     ],
     [
      127.011806,
      37.210826
     ],
     [
      127.011702,
      37.210808
     ],
     [
      127.011592,
      37.210788
     ],
     [
      127.011482,
      37.210769
     ],
     [
      127.011372,
      37.210749
     ],
     [
      127.011262,
      37.21073
     ],
     [
      127.011152,
      37.21071
     ],
     [
      127.011042,
      37.210691
     ],
     [
      127.010932,
      37.210671
     ],
     [
      127.010822,
      37.210652
     ],
     [
      127.010712,
      37.210632
     ],
     [
      127.010602,
      37.210613
     ],
     [
      127.010492,
      37.210593
     ],
     [
      127.010382,
      37.210573
     ],
     [
      127.010272,
      37.210554
     ],
     [
      127.010162,
      37.210534
     ],
     [
      127.010052,
      37.210515
     ],
     [
      127.009942,
      37.210495
     ],
     [
      127.009832,
      37.210476
     ],
     [
      127.009722,
      37.210456
     ],
     [
      127.009612,
      37.210437
     ],
     [
      127.009502,
      37.210417
     ],
     [
      127.009446,
      37.210407
     ],
     [
      127.009346,
      37.210426
     ],
     [
      127.009236,
      37.210446
     ],
     [
      127.009127,
      37.210466
     ],
     [
      127.009017,
      37.210486
     ],
     [
      127.008907,
      37.210506
     ],
     [
      127.008797,
      37.210526
     ],
     [
      127.008687,
      37.210546
     ],
     [
      127.008577,
      37.210566
     ],
     [
      127.008468,
      37.210586
     ],
     [
      127.008358,
      37.210606
     ],
     [
      127.008248,
      37.210626
     ],
     [
      127.008138,
      37.210646
     ],
     [
      127.008028,
      37.210667
     ],
     [
      127.007919,
      37.210687
     ],
     [
      127.007809,
      37.210707
     ],
     [
      127.007699,
      37.210727
     ],
     [
      127.007589,
      37.210747
     ],
     [
      127.007479,
      37.210767
     ],
     [
      127.007369,
      37.210787
     ],
     [
      127.00726,
      37.210807
     ],
     [
      127.00715,
      37.210827
     ],
     [
      127.00704,
      37.210847
     ],
     [
      127.006944,
      37.210865
     ],
     [
      127.006838,
      37.210871
     ],
     [
      127.006725,
      37.210878
     ],
     [
      127.006613,
      37.210884
     ],
     [
      127.0065,
      37.210891
     ],
     [
      127.006388,
      37.210897
     ],
     [
      127.006276,
      37.210904
     ],
     [
      127.006163,
      37.21091
     ],
     [
      127.006051,
      37.210917
     ],
     [
      127.005939,
      37.210923
     ],
     [
      127.005826,
      37.21093
     ],
     [
      127.005714,
      37.210936
     ],
     [
      127.005602,
      37.210943
     ],
     [
      127.005489,
      37.210949
     ],
     [
      127.005377,
      37.210956
     ],
     [
      127.005299,
      37.21096
     ],
     [
      127.005265,
      37.210957
     ],
     [
      127.005153,
      37.210946
     ],
     [
      127.005041,
      37.210935
     ],
     [
      127.004929,
      37.210923
     ],
     [
      127.004818,
      37.210912
     ],
     [
      127.004706,
      37.210901
     ],
     [
      127.004594,
      37.21089
     ],
     [
      127.004482,
      37.210879
     ],
     [
      127.00437,
      37.210868
     ],
     [
      127.004259,
      37.210856
     ],
     [
      127.004155,
      37.210846
     ],
     [
      127.004147,
      37.210846
     ],
     [
      127.004034,
      37.210853
     ],
     [
      127.003922,
      37.210859
     ],
     [
      127.00381,
      37.210865
     ],
     [
      127.003697,
      37.210871
     ],
     [
      127.003585,
      37.210877
     ],
     [
      127.003472,
      37.210884
     ],
     [
      127.00336,
      37.21089
     ],
     [
      127.003248,
      37.210896
     ],
     [
      127.003135,
      37.210902
     ],
     [
      127.003023,
      37.210908
     ],
     [
      127.00291,
      37.210915
     ],
     [
      127.002798,
      37.210921
     ],
     [
      127.002772,
      37.210922
     ],
     [
      127.002707,
      37.210876
     ],
     [
      127.002623,
      37.210817
     ],
     [
      127.002538,
      37.210757
     ],
     [
      127.002453,
      37.210698
     ],
     [
      127.002369,
      37.210638
     ],
     [
      127.002284,
      37.210579
     ],
     [
      127.0022,
      37.210519
     ],
     [
      127.002115,
      37.21046
     ],
     [
      127.002031,
      37.2104
     ],
     [
      127.001946,
      37.210341
     ],
     [
      127.001862,
      37.210281
     ],
     [
      127.001777,
      37.210221
     ],
     [
      127.001693,
      37.210162
     ],
     [
      127.001608,
      37.210102
     ],
     [
      127.001523,
      37.210043
     ],
     [
      127.001439,
      37.209983
     ],
     [
      127.001354,
      37.209924
     ],
     [
      127.00127,
      37.209864
     ],
     [
      127.001185,
      37.209805
     ],
     [
      127.001101,
      37.209745
     ],
     [
      127.001016,
      37.209686
     ],
     [
      127.000932,
      37.209626
     ],
     [
      127.000847,
      37.209566
     ],
     [
      127.000762,
      37.209507
     ],
     [
      127.000678,
      37.209447
     ],
     [
      127.000593,
      37.209388
     ],
     [
      127.00058,
      37.209378
     ],
     [
      127.000539,
      37.20931
     ],
     [
      127.000491,
      37.209228
     ],
     [
      127.000443,
      37.209147
     ],
     [
      127.000395,
      37.209065
     ],
     [
      127.000347,
      37.208984
     ],
     [
      127.0003,
      37.208902
     ],
     [
      127.000252,
      37.208821
     ],
     [
      127.000204,
      37.208739
     ],
     [
      127.000156,
      37.208658
     ],
     [
      127.000108,
      37.208576
     ],
     [
      127.00006,
      37.208495
     ],
     [
      127.000012,
      37.208413
     ],
     [
      126.999964,
      37.208332
     ],
     [
      126.999916,
      37.20825
     ],
     [
      126.999868,
      37.208169
     ],
     [
      126.99982,
      37.208087
     ],
     [
      126.999772,
      37.208005
     ],
     [
      126.999724,
      37.207924
     ],
     [
      126.999676,
      37.207842
     ],
     [
      126.999628,
      37.207761
     ],
     [
      126.99958,
      37.207679
     ],
     [
      126.999532,
      37.207598
     ],
     [
      126.999484,
      37.207516
     ],
     [
      126.999436,
      37.207435
     ],
     [
      126.999388,
      37.207353
     ],
     [
      126.99934,
      37.207272
     ],
     [
      126.999292,
      37.20719
     ],
     [
      126.999245,
      37.20711
     ],
     [
      126.999244,
      37.207109
     ],
     [
      126.999132,
      37.207098
     ],
     [
      126.99902,
      37.207086
     ],
     [
      126.998908,
      37.207075
     ],
     [
      126.998797,
      37.207063
     ],
     [
      126.998685,
      37.207051
     ],
     [
      126.998573,
      37.20704
     ],
     [
      126.998462,
      37.207028
     ],
     [
      126.99835,
      37.207017
     ],
     [
      126.998238,
      37.207005
     ],
     [
      126.998126,
      37.206993
     ],
     [
      126.998015,
      37.206982
     ],
     [
      126.997903,
      37.20697
     ],
     [
      126.997791,
      37.206959
     ],
     [
      126.99768,
      37.206947
     ],
     [
      126.997568,
      37.206935
     ],
     [
      126.997456,
      37.206924
     ],
     [
      126.99741,
      37.206919
     ],
     [
      126.99735,
      37.206896
     ],
     [
      126.997249,
      37.206857
     ],
     [
      126.997147,
      37.206818
     ],
     [
      126.997046,
      37.206779
     ],
     [
      126.996944,
      37.20674
     ],
     [
      126.99386,
      37.21165
     ],
     [
      126.996944,
      37.20674
     ],
     [
      126.997046,
      37.206779
     ],
     [
      126.997147,
      37.206818
     ],
     [
      126.997249,
      37.206857
     ],
     [
      126.99735,
      37.206896
     ],
     [
      126.99741,
      37.206919
     ],
     [
      126.997456,
      37.206924
     ],
     [
      126.997568,
      37.206935
     ],
     [
      126.99768,
      37.206947
     ],
     [
      126.997791,
      37.206959
     ],
     [
      126.997903,
      37.20697
     ],
     [
      126.998015,
      37.206982
     ],
     [
      126.998126,
      37.206993
     ],
     [
      126.998238,
      37.207005
     ],
     [
      126.99835,
      37.207017
     ],
     [
      126.998462,
      37.207028
     ],
     [
      126.998573,
      37.20704
     ],
     [
      126.998685,
      37.207051
     ],
     [
      126.998797,
      37.207063
     ],
     [
      126.998908,
      37.207075
     ],
     [
      126.99902,
      37.207086
     ],
     [
      126.999132,
      37.207098
     ],
     [
      126.999244,
      37.207109
     ],
     [
      126.999245,
      37.20711
     ],
     [
      126.999292,
      37.20719
     ],
     [
      126.99934,
      37.207272
     ],
     [
      126.999388,
      37.207353
     ],
     [
      126.999436,
      37.207435
     ],
     [
      126.999484,
      37.207516
     ],
     [
      126.999532,
      37.207598
     ],
     [
      126.99958,
      37.207679
     ],
     [
      126.999628,
      37.207761
     ],
     [
      126.999676,
      37.207842
     ],
     [
      126.999724,
      37.207924
     ],
     [
      126.999772,
      37.208005
     ],
     [
      126.99982,
      37.208087
     ],
     [
      126.999868,
      37.208169
     ],
     [
      126.999916,
      37.20825
     ],
     [
      126.999964,
      37.208332
     ],
     [
      127.000012,
      37.208413
     ],
     [
      127.00006,
      37.208495
     ],
     [
      127.000108,
      37.208576
     ],
     [
      127.000156,
      37.208658
     ],
     [
      127.000204,
      37.208739
     ],
     [
      127.000252,
      37.208821
     ],
     [
      127.0003,
      37.208902
     ],
     [
      127.000347,
      37.208984
     ],
     [
      127.000395,
      37.209065
     ],
     [
      127.000443,
      37.209147
     ],
     [
      127.000491,
      37.209228
     ],
     [
      127.000539,
      37.20931
     ],
     [
      127.00058,
      37.209378
     ],
     [
      127.000593,
      37.209388
     ],
     [
      127.000678,
      37.209447
     ],
     [
      127.000762,
      37.209507
     ],
     [
      127.000847,
      37.209566
     ],
     [
      127.000932,
      37.209626
     ],
     [
      127.001016,
      37.209686
     ],
     [
      127.001101,
      37.209745
     ],
     [
      127.001185,
      37.209805
     ],
     [
      127.00127,
      37.209864
     ],
     [
      127.001354,
      37.209924
     ],
     [
      127.001439,
      37.209983
     ],
     [
      127.001523,
      37.210043
     ],
     [
      127.001608,
      37.210102
     ],
     [
      127.001693,
      37.210162
     ],
     [
      127.001777,
      37.210221
     ],
     [
      127.001862,
      37.210281
     ],
     [
      127.001946,
      37.210341
     ],
     [
      127.002031,
      37.2104
     ],
     [
      127.002115,
      37.21046
     ],
     [
      127.0022,
      37.210519
     ],
     [
      127.002284,
      37.210579
     ],
     [
      127.002369,
      37.210638
     ],
     [
      127.002453,
      37.210698
     ],
     [
      127.002538,
      37.210757
     ],
     [
      127.002623,
      37.210817
     ],
     [
      127.002707,
      37.210876
     ],
     [
      127.002772,
      37.210922
     ],
     [
      127.002798,
      37.210921
     ],
     [
      127.00291,
      37.210915
     ],
     [
      127.003023,
      37.210908
     ],
     [
      127.003135,
      37.210902
     ],
     [
      127.003248,
      37.210896
     ],
     [
      127.00336,
      37.21089
     ],
     [
      127.003472,
      37.210884
     ],
     [
      127.003585,
      37.210877
     ],
     [
      127.003697,
      37.210871
     ],
     [
      127.00381,
      37.210865
     ],
     [
      127.003922,
      37.210859
     ],
     [
      127.004034,
      37.210853
     ],
     [
      127.004147,
      37.210846
     ],
     [
      127.004155,
      37.210846
     ],
     [
      127.004259,
      37.210856
     ],
     [
      127.00437,
      37.210868
     ],
     [
      127.004482,
      37.210879
     ],
     [
      127.004594,
      37.21089
     ],
     [
      127.004706,
      37.210901
     ],
     [
      127.004818,
      37.210912
     ],
     [
      127.004929,
      37.210923
     ],
     [
      127.005041,
      37.210935
     ],
     [
      127.005153,
      37.210946
     ],
     [
      127.005265,
      37.210957
     ],
     [
      127.005299,
      37.21096
     ],
     [
      127.005377,
      37.210956
     ],
     [
      127.005489,
      37.210949
     ],
     [
      127.005602,
      37.210943
     ],
     [
      127.005714,
      37.210936
     ],
     [
      127.005826,
      37.21093
     ],
     [
      127.005939,
      37.210923
     ],
     [
      127.006051,
      37.210917
     ],
     [
      127.006163,
      37.21091
     ],
     [
      127.006276,
      37.210904
     ],
     [
      127.006388,
      37.210897
     ],
     [
      127.0065,
      37.210891
     ],
     [
      127.006613,
      37.210884
     ],
     [
      127.006725,
      37.210878
     ],
     [
      127.006838,
      37.210871
     ],
     [
      127.006944,
      37.210865
     ],
     [
      127.00704,
      37.210847
     ],
     [
      127.00715,
      37.210827
     ],
     [
      127.00726,
      37.210807
     ],
     [
      127.007369,
      37.210787
     ],
     [
      127.007479,
      37.210767
     ],
     [
      127.007589,
      37.210747
     ],
     [
      127.007699,
      37.210727
     ],
     [
      127.007809,
      37.210707
     ],
     [
      127.007919,
      37.210687
     ],
     [
      127.008028,
      37.210667
     ],
     [
      127.008138,
      37.210646
     ],
     [
      127.008248,
      37.210626
     ],
     [
      127.008358,
      37.210606
     ],
     [
      127.008468,
      37.210586
     ],
     [
      127.008577,
      37.210566
     ],
     [
      127.008687,
      37.210546
     ],
     [
      127.008797,
      37.210526
     ],
     [
      127.008907,
      37.210506
     ],
     [
      127.009017,
      37.210486
     ],
     [
      127.009127,
      37.210466
     ],
     [
      127.009236,
      37.210446
     ],
     [
      127.009346,
      37.210426
     ],
     [
      127.009446,
      37.210407
     ],
     [
      127.009502,
      37.210417
     ],
     [
      127.009612,
      37.210437
     ],
     [
      127.009722,
      37.210456
     ],
     [
      127.009832,
      37.210476
     ],
     [
      127.009942,
      37.210495
     ],
     [
      127.010052,
      37.210515
     ],
     [
      127.010162,
      37.210534
     ],
     [
      127.010272,
      37.210554
     ],
     [
      127.010382,
      37.210573
     ],
     [
      127.010492,
      37.210593
     ],
     [
      127.010602,
      37.210613
     ],
     [
      127.010712,
      37.210632
     ],
     [
      127.010822,
      37.210652
     ],
     [
      127.010932,
      37.210671
     ],
     [
      127.011042,
      37.210691
     ],
     [
      127.011152,
      37.21071
     ],
     [
      127.011262,
      37.21073
     ],
     [
      127.011372,
      37.210749
     ],
     [
      127.011482,
      37.210769
     ],
     [
      127.011592,
      37.210788
     ],
     [
      127.011702,
      37.210808
     ],
     [
      127.011806,
      37.210826
     ],
     [
      127.011811,
      37.210829
     ],
     [
      127.011901,
      37.210883
     ],
     [
      127.011991,
      37.210937
     ],
     [
      127.012081,
      37.210992
     ],
     [
      127.012171,
      37.211046
     ],
     [
      127.012261,
      37.2111
     ],
     [
      127.012351,
      37.211154
     ],
     [
      127.012441,
      37.211208
     ],
     [
      127.012531,
      37.211262
     ],
     [
      127.012621,
      37.211316
     ],
     [
      127.012711,
      37.211371
     ],
     [
      127.012801,
      37.211425
     ],
     [
      127.012891,
      37.211479
     ],
     [
      127.012981,
      37.211533
     ],
     [
      127.013071,
      37.211587
     ],
     [
      127.013161,
      37.211641
     ],
     [
      127.013251,
      37.211695
     ],
     [
      127.013342,
      37.21175
     ],
     [
      127.013432,
      37.211804
     ],
     [
      127.013522,
      37.211858
     ],
     [
      127.013612,
      37.211912
     ],
     [
      127.013702,
      37.211966
     ],
     [
      127.013792,
      37.21202
     ],
     [
      127.013882,
      37.212074
     ],
     [
      127.013972,
      37.212129
     ],
     [
      127.014062,
      37.212183
     ],
     [
      127.014152,
      37.212237
     ],
     [
      127.014242,
      37.212291
     ],
     [
      127.014332,
      37.212345
     ],
     [
      127.014422,
      37.212399
     ],
     [
      127.014512,
      37.212453
     ],
     [
      127.014602,
      37.212507
     ],
     [
      127.014692,
      37.212562
     ],
     [
      127.014782,
      37.212616
     ],
     [
      127.014872,
      37.21267
     ],
     [
      127.014963,
      37.212724
     ],
     [
      127.015053,
      37.212778
     ],
     [
      127.015072,
      37.21279
     ],
     [
      127.015104,
      37.212856
     ],
     [
      127.015144,
      37.21294
     ],
     [
      127.015185,
      37.213024
     ],
     [
      127.015226,
      37.213108
     ],
     [
      127.015266,
      37.213192
     ],
     [
      127.015307,
      37.213276
     ],
     [
      127.015348,
      37.21336
     ],
     [
      127.015358,
      37.213381
     ],
     [
      127.015416,
      37.21343
     ],
     [
      127.015494,
      37.213495
     ],
     [
      127.015571,
      37.213561
     ],
     [
      127.015649,
      37.213626
     ],
     [
      127.015726,
      37.213692
     ],
     [
      127.015803,
      37.213757
     ],
     [
      127.015881,
      37.213823
     ],
     [
      127.015958,
      37.213888
     ],
     [
      127.016036,
      37.213954
     ],
     [
      127.016113,
      37.214019
     ],
     [
      127.016191,
      37.214084
     ],
     [
      127.016192,
      37.214086
     ],
     [
      127.016251,
      37.214161
     ],
     [
      127.01631,
      37.214237
     ],
     [
      127.01637,
      37.214314
     ],
     [
      127.016429,
      37.21439
     ],
     [
      127.016489,
      37.214467
     ],
     [
      127.016548,
      37.214543
     ],
     [
      127.016608,
      37.21462
     ],
     [
      127.016668,
      37.214696
     ],
     [
      127.016727,
      37.214773
     ],
     [
      127.016787,
      37.214849
     ],
     [
      127.016846,
      37.214926
     ],
     [
      127.016906,
      37.215002
     ],
     [
      127.016965,
      37.215078
     ],
     [
      127.017025,
      37.215155
     ],
     [
      127.017085,
      37.215231
     ],
     [
      127.017144,
      37.215308
     ],
     [
      127.017204,
      37.215384
     ],
     [
      127.017263,
      37.215461
     ],
     [
      127.017323,
      37.215537
     ],
     [
      127.017382,
      37.215614
     ],
     [
      127.017442,
      37.21569
     ],
     [
      127.017501,
      37.215767
     ],
     [
      127.017561,
      37.215843
     ],
     [
      127.017621,
      37.21592
     ],
     [
      127.01768,
      37.215996
     ],
     [
      127.01774,
      37.216073
     ],
     [
      127.017766,
      37.216106
     ],
     [
      127.017818,
      37.216134
     ],
     [
      127.017912,
      37.216184
     ],
     [
      127.018006,
      37.216234
     ],
     [
      127.0181,
      37.216284
     ],
     [
      127.018193,
      37.216334
     ],
     [
      127.018287,
      37.216384
     ],
     [
      127.018381,
      37.216434
     ],
     [
      127.018475,
      37.216484
     ],
     [
      127.018568,
      37.216534
     ],
     [
      127.018662,
      37.216584
     ],
     [
      127.018674,
      37.21659
     ],
     [
      127.018691,
      37.216599
     ],
     [
      127.018785,
      37.216649
     ],
     [
      127.018879,
      37.216699
     ],
     [
      127.018972,
      37.216749
     ],
     [
      127.019066,
      37.216799
     ],
     [
      127.01916,
      37.216849
     ],
     [
      127.019254,
      37.216899
     ],
     [
      127.019347,
      37.216949
     ],
     [
      127.019441,
      37.216999
     ],
     [
      127.019535,
      37.217049
     ],
     [
      127.019629,
      37.217099
     ],
     [
      127.019722,
      37.217149
     ],
     [
      127.019816,
      37.217199
     ],
     [
      127.01991,
      37.217249
     ],
     [
      127.019912,
      37.21725
     ],
     [
      127.019933,
      37.217311
     ],
     [
      127.019964,
      37.217398
     ],
     [
      127.019995,
      37.217485
     ],
     [
      127.020026,
      37.217571
     ],
     [
      127.020057,
      37.217658
     ],
     [
      127.020088,
      37.217745
     ],
     [
      127.020119,
      37.217831
     ],
     [
      127.02015,
      37.217918
     ],
     [
      127.020181,
      37.218004
     ],
     [
      127.020212,
      37.218091
     ],
     [
      127.020243,
      37.218178
     ],
     [
      127.020273,
      37.218264
     ],
     [
      127.020304,
      37.218351
     ],
     [
      127.020305,
      37.218352
     ],
     [
      127.020303,
      37.218401
     ],
     [
      127.0203,
      37.218491
     ],
     [
      127.020297,
      37.218581
     ],
     [
      127.020294,
      37.218671
     ],
     [
      127.020291,
      37.218761
     ],
     [
      127.020288,
      37.218851
     ],
     [
      127.020285,
      37.218941
     ],
     [
      127.020282,
      37.219031
     ],
     [
      127.020279,
      37.219121
     ],
     [
      127.020276,
      37.219211
     ],
     [
      127.020273,
      37.219301
     ],
     [
      127.02027,
      37.219391
     ],
     [
      127.020267,
      37.219481
     ],
     [
      127.020264,
      37.219571
     ],
     [
      127.020261,
      37.219662
     ],
     [
      127.020258,
      37.219752
     ],
     [
      127.020255,
      37.219842
     ],
     [
      127.020252,
      37.219932
     ],
     [
      127.020249,
      37.220022
     ],
     [
      127.020247,
      37.220084
     ],
     [
      127.020247,
      37.220112
     ],
     [
      127.020246,
      37.220202
     ],
     [
      127.020245,
      37.220292
     ],
     [
      127.020245,
      37.220382
     ],
     [
      127.020244,
      37.220472
     ],
     [
      127.020243,
      37.220562
     ],
     [
      127.020242,
      37.220653
     ],
     [
      127.020241,
      37.220743
     ],
     [
      127.020241,
      37.220833
     ],
     [
      127.02024,
      37.220923
     ],
     [
      127.020239,
      37.221013
     ],
     [
      127.020238,
      37.221103
     ],
     [
      127.020237,
      37.221193
     ],
     [
      127.020237,
      37.221283
     ],
     [
      127.020236,
      37.221373
     ],
     [
      127.020235,
      37.221463
     ],
     [
      127.020234,
      37.221554
     ],
     [
      127.020233,
      37.221644
     ],
     [
      127.020233,
      37.221734
     ],
     [
      127.020232,
      37.221824
     ],
     [
      127.020231,
      37.221914
     ],
     [
      127.02023,
      37.222004
     ],
     [
      127.020229,
      37.222094
     ],
     [
      127.020229,
      37.222184
     ],
     [
      127.020228,
      37.222274
     ],
     [
      127.020227,
      37.222365
     ],
     [
      127.020226,
      37.222455
     ],
     [
      127.020225,
      37.222545
     ],
     [
      127.020225,
      37.222635
     ],
     [
      127.020224,
      37.222725
     ],
     [
      127.020223,
      37.222815
     ],
     [
      127.020222,
      37.222905
     ],
     [
      127.020221,
      37.222995
     ],
     [
      127.02022,
      37.223085
     ],
     [
      127.02022,
      37.223139
     ],
     [
      127.020199,
      37.223224
     ],
     [
      127.020178,
      37.223312
     ],
     [
      127.020156,
      37.223401
     ],
     [
      127.020134,
      37.223489
     ],
     [
      127.020112,
      37.223577
     ],
     [
      127.020091,
      37.223666
     ],
     [
      127.020069,
      37.223754
     ],
     [
      127.020047,
      37.223843
     ],
     [
      127.020026,
      37.223931
     ],
     [
      127.020004,
      37.22402
     ],
     [
      127.019982,
      37.224108
     ],
     [
      127.01996,
      37.224196
     ],
     [
      127.019939,
      37.224285
     ],
     [
      127.019917,
      37.224373
     ],
     [
      127.019895,
      37.224462
     ],
     [
      127.019874,
      37.22455
     ],
     [
      127.019852,
      37.224638
     ],
     [
      127.01983,
      37.224727
     ],
     [
      127.019808,
      37.224815
     ],
     [
      127.019787,
      37.224904
     ],
     [
      127.019765,
      37.224992
     ],
     [
      127.019743,
      37.225081
     ],
     [
      127.019722,
      37.225169
     ],
     [
      127.0197,
      37.225257
     ],
     [
      127.019678,
      37.225346
     ],
     [
      127.019656,
      37.225434
     ],
     [
      127.019635,
      37.225523
     ],
     [
      127.019613,
      37.225611
     ],
     [
      127.019591,
      37.225699
     ],
     [
      127.01957,
      37.225788
     ],
     [
      127.019564,
      37.225811
     ],
     [
      127.019561,
      37.225819
     ],
     [
      127.01953,
      37.225905
     ],
     [
      127.019499,
      37.225992
     ],
     [
      127.019468,
      37.226079
     ],
     [
      127.019437,
      37.226165
     ],
     [
      127.019406,
      37.226252
     ],
     [
      127.019375,
      37.226339
     ],
     [
      127.019344,
      37.226425
     ],
     [
      127.019313,
      37.226512
     ],
     [
      127.019282,
      37.226598
     ],
     [
      127.019251,
      37.226685
     ],
     [
      127.01922,
      37.226772
     ],
     [
      127.019189,
      37.226858
     ],
     [
      127.019158,
      37.226945
     ],
     [
      127.019127,
      37.227031
     ],
     [
      127.019096,
      37.227118
     ],
     [
      127.019065,
      37.227205
     ],
     [
      127.019034,
      37.227291
     ],
     [
      127.019003,
      37.227378
     ],
     [
      127.018972,
      37.227465
     ],
     [
      127.01894,
      37.227551
     ],
     [
      127.018909,
      37.227638
     ],
     [
      127.018878,
      37.227724
     ],
     [
      127.018847,
      37.227811
     ],
     [
      127.018816,
      37.227898
     ],
     [
      127.018785,
      37.227984
     ],
     [
      127.018754,
      37.228071
     ],
     [
      127.018723,
      37.228158
     ],
     [
      127.018692,
      37.228244
     ],
     [
      127.018661,
      37.228331
     ],
     [
      127.01863,
      37.228417
     ],
     [
      127.018599,
      37.228504
     ],
     [
      127.018568,
      37.228591
     ],
     [
      127.018537,
      37.228677
     ],
     [
      127.018506,
      37.228764
     ],
     [
      127.018475,
      37.228851
     ],
     [
      127.018444,
      37.228937
     ],
     [
      127.018413,
      37.229024
     ],
     [
      127.018382,
      37.22911
     ],
     [
      127.018351,
      37.229197
     ],
     [
      127.01832,
      37.229284
     ],
     [
      127.018289,
      37.22937
     ],
     [
      127.018258,
      37.229457
     ],
     [
      127.018227,
      37.229543
     ],
     [
      127.018196,
      37.22963
     ],
     [
      127.018195,
      37.229631
     ],
     [
      127.018196,
      37.22972
     ],
     [
      127.018196,
      37.22981
     ],
     [
      127.018197,
      37.2299
     ],
     [
      127.018197,
      37.22999
     ],
     [
      127.018198,
      37.230081
     ],
     [
      127.018198,
      37.230171
     ],
     [
      127.018198,
      37.230261
     ],
     [
      127.018199,
      37.230351
     ],
     [
      127.018199,
      37.230441
     ],
     [
      127.0182,
      37.230531
     ],
     [
      127.0182,
      37.230621
     ],
     [
      127.018201,
      37.230711
     ],
     [
      127.018201,
      37.230801
     ],
     [
      127.018202,
      37.230892
     ],
     [
      127.018202,
      37.230982
     ],
     [
      127.018202,
      37.231072
     ],
     [
      127.018203,
      37.231162
     ],
     [
      127.018203,
      37.231252
     ],
     [
      127.018204,
      37.231342
     ],
     [
      127.018204,
      37.231432
     ],
     [
      127.018205,
      37.231522
     ],
     [
      127.018205,
      37.231612
     ],
     [
      127.018205,
      37.231702
     ],
     [
      127.018206,
      37.231793
     ],
     [
      127.018206,
      37.231883
     ],
     [
      127.018207,
      37.231973
     ],
     [
      127.018207,
      37.232063
     ],
     [
      127.018208,
      37.232153
     ],
     [
      127.018208,
      37.232243
     ],
     [
      127.018208,
      37.232333
     ],
     [
      127.018209,
      37.232423
     ],
     [
      127.018209,
      37.232513
     ],
     [
      127.01821,
      37.232604
     ],
     [
      127.01821,
      37.232625
     ],
     [
      127.018206,
      37.232683
     ],
     [
      127.018201,
      37.232773
     ],
     [
      127.018195,
      37.232863
     ],
     [
      127.018189,
      37.232953
     ],
     [
      127.018184,
      37.233043
     ],
     [
      127.018178,
      37.233133
     ],
     [
      127.018173,
      37.233223
     ],
     [
      127.018167,
      37.233313
     ],
     [
      127.018161,
      37.233403
     ],
     [
      127.018156,
      37.233493
     ],
     [
      127.01815,
      37.233583
     ],
     [
      127.018145,
      37.233673
     ],
     [
      127.018139,
      37.233763
     ],
     [
      127.018133,
      37.233853
     ],
     [
      127.018128,
      37.233943
     ],
     [
      127.018122,
      37.234033
     ],
     [
      127.018117,
      37.234123
     ],
     [
      127.018111,
      37.234213
     ],
     [
      127.018105,
      37.234303
     ],
     [
      127.0181,
      37.234393
     ],
     [
      127.018094,
      37.234483
     ],
     [
      127.018089,
      37.234573
     ],
     [
      127.018083,
      37.234663
     ],
     [
      127.018078,
      37.23475
     ],
     [
      127.018075,
      37.234752
     ],
     [
      127.018013,
      37.234828
     ],
     [
      127.017951,
      37.234903
     ],
     [
      127.01789,
      37.234978
     ],
     [
      127.017828,
      37.235054
     ],
     [
      127.017766,
      37.235129
     ],
     [
      127.017704,
      37.235204
     ],
     [
      127.017642,
      37.235279
     ],
     [
      127.01758,
      37.235355
     ],
     [
      127.017518,
      37.23543
     ],
     [
      127.017456,
      37.235505
     ],
     [
      127.017394,
      37.235581
     ],
     [
      127.017332,
      37.235656
     ],
     [
      127.01727,
      37.235731
     ],
     [
      127.017208,
      37.235806
     ],
     [
      127.017147,
      37.235882
     ],
     [
      127.017085,
      37.235957
     ],
     [
      127.017023,
      37.236032
     ],
     [
      127.016961,
      37.236108
     ],
     [
      127.016899,
      37.236183
     ],
     [
      127.016837,
      37.236258
     ],
     [
      127.016775,
      37.236333
     ],
     [
      127.016713,
      37.236409
     ],
     [
      127.016651,
      37.236484
     ],
     [
      127.016589,
      37.236559
     ],
     [
      127.016589,
      37.236559
     ],
     [
      127.016552,
      37.236644
     ],
     [
      127.016515,
      37.236729
     ],
     [
      127.016478,
      37.236815
     ],
     [
      127.016441,
      37.2369
     ],
     [
      127.016404,
      37.236985
     ],
     [
      127.016367,
      37.23707
     ],
     [
      127.01633,
      37.237155
     ],
     [
      127.016293,
      37.23724
     ],
     [
      127.016256,
      37.237325
     ],
     [
      127.016219,
      37.23741
     ],
     [
      127.016182,
      37.237495
     ],
     [
      127.016145,
      37.237581
     ],
     [
      127.016113,
      37.237655
     ],
     [
      127.016111,
      37.237666
     ],
     [
      127.016094,
      37.237755
     ],
     [
      127.016078,
      37.237845
     ],
     [
      127.016062,
      37.237934
     ],
     [
      127.016045,
      37.238023
     ],
     [
      127.016029,
      37.238112
     ],
     [
      127.016013,
      37.238201
     ],
     [
      127.015996,
      37.23829
     ],
     [
      127.01598,
      37.238379
     ],
     [
      127.015963,
      37.238469
     ],
     [
      127.015947,
      37.238558
     ],
     [
      127.015931,
      37.238647
     ],
     [
      127.015914,
      37.238736
     ],
     [
      127.015898,
      37.238825
     ],
     [
      127.015882,
      37.238914
     ],
     [
      127.015865,
      37.239003
     ],
     [
      127.015849,
      37.239093
     ],
     [
      127.015832,
      37.239182
     ],
     [
      127.015816,
      37.239271
     ],
     [
      127.015816,
      37.239274
     ],
     [
      127.015746,
      37.239341
     ],
     [
      127.015673,
      37.23941
     ],
     [
      127.015601,
      37.239479
     ],
     [
      127.015529,
      37.239548
     ],
     [
      127.015457,
      37.239618
     ],
     [
      127.015385,
      37.239687
     ],
     [
      127.015313,
      37.239756
     ],
     [
      127.015241,
      37.239825
     ],
     [
      127.01522,
      37.239845
     ],
     [
      127.01521,
      37.239909
     ],
     [
      127.015195,
      37.239998
     ],
     [
      127.01518,
      37.240088
     ],
     [
      127.015165,
      37.240177
     ],
     [
      127.015151,
      37.240266
     ],
     [
      127.015136,
      37.240356
     ],
     [
      127.015121,
      37.240445
     ],
     [
      127.015106,
      37.240534
     ],
     [
      127.015092,
      37.240624
     ],
     [
      127.015077,
      37.240713
     ],
     [
      127.015062,
      37.240802
     ],
     [
      127.015047,
      37.240892
     ],
     [
      127.015033,
      37.240981
     ],
     [
      127.015018,
      37.24107
     ],
     [
      127.015012,
      37.241107
     ],
     [
      127.015037,
      37.241156
     ],
     [
      127.01508,
      37.241239
     ],
     [
      127.015123,
      37.241323
     ],
     [
      127.015166,
      37.241406
     ],
     [
      127.015209,
      37.241489
     ],
     [
      127.015252,
      37.241573
     ],
     [
      127.015295,
      37.241656
     ],
     [
      127.015338,
      37.241739
     ],
     [
      127.015381,
      37.241823
     ],
     [
      127.015424,
      37.241906
     ],
     [
      127.015467,
      37.241989
     ],
     [
      127.015509,
      37.242072
     ],
     [
      127.015552,
      37.242156
     ],
     [
      127.015595,
      37.242239
     ],
     [
      127.015638,
      37.242321
     ],
     [
      127.015637,
      37.242322
     ],
     [
      127.015605,
      37.242409
     ],
     [
      127.015573,
      37.242495
     ],
     [
      127.015541,
      37.242582
     ],
     [
      127.015509,
      37.242668
     ],
     [
      127.015476,
      37.242754
     ],
     [
      127.015444,
      37.242841
     ],
     [
      127.015412,
      37.242927
     ],
     [
      127.01538,
      37.243013
     ],
     [
      127.015348,
      37.2431
     ],
     [
      127.015316,
      37.243186
     ],
     [
      127.015284,
      37.243273
     ],
     [
      127.015252,
      37.243359
     ],
     [
      127.01522,
      37.243445
     ],
     [
      127.015188,
      37.243532
     ],
     [
      127.015155,
      37.243618
     ],
     [
      127.015123,
      37.243704
     ],
     [
      127.015091,
      37.243791
     ],
     [
      127.015059,
      37.243877
     ],
     [
      127.015027,
      37.243964
     ],
     [
      127.014995,
      37.24405
     ],
     [
      127.014963,
      37.244136
     ],
     [
      127.014931,
      37.244223
     ],
     [
      127.014899,
      37.244309
     ],
     [
      127.014867,
      37.244395
     ],
     [
      127.014834,
      37.244482
     ],
     [
      127.014802,
      37.244568
     ],
     [
      127.01477,
      37.244654
     ],
     [
      127.014738,
      37.244741
     ],
     [
      127.014706,
      37.244827
     ],
     [
      127.014674,
      37.244914
     ],
     [
      127.014642,
      37.245
     ],
     [
      127.01461,
      37.245086
     ],
     [
      127.014578,
      37.245173
     ],
     [
      127.014546,
      37.245259
     ],
     [
      127.014513,
      37.245345
     ],
     [
      127.014481,
      37.245432
     ],
     [
      127.014449,
      37.245518
     ],
     [
      127.014417,
      37.245605
     ],
     [
      127.014385,
      37.245691
     ],
     [
      127.014353,
      37.245777
     ],
     [
      127.014321,
      37.245864
     ],
     [
      127.014289,
      37.24595
     ],
     [
      127.014257,
      37.246036
     ],
     [
      127.014225,
      37.246123
     ],
     [
      127.014192,
      37.246209
     ],
     [
      127.01416,
      37.246296
     ],
     [
      127.014128,
      37.246382
     ],
     [
      127.014096,
      37.246468
     ],
     [
      127.014064,
      37.246555
     ],
     [
      127.014032,
      37.246641
     ],
     [
      127.014,
      37.246726
     ],
     [
      127.013999,
      37.246727
     ],
     [
      127.013941,
      37.246804
     ],
     [
      127.013882,
      37.246881
     ],
     [
      127.013823,
      37.246958
     ],
     [
      127.013764,
      37.247035
     ],
     [
      127.013705,
      37.247112
     ],
     [
      127.013647,
      37.247189
     ],
     [
      127.013588,
      37.247265
     ],
     [
      127.013529,
      37.247342
     ],
     [
      127.01347,
      37.247419
     ],
     [
      127.013412,
      37.247496
     ],
     [
      127.013353,
      37.247573
     ],
     [
      127.013294,
      37.24765
     ],
     [
      127.013235,
      37.247727
     ],
     [
      127.013177,
      37.247804
     ],
     [
      127.013118,
      37.247881
     ],
     [
      127.013113,
      37.247887
     ],
     [
      127.013094,
      37.247968
     ],
     [
      127.013072,
      37.248057
     ],
     [
      127.013051,
      37.248145
     ],
     [
      127.01303,
      37.248234
     ],
     [
      127.013009,
      37.248322
     ],
     [
      127.012987,
      37.248411
     ],
     [
      127.012966,
      37.248499
     ],
     [
      127.012945,
      37.248588
     ],
     [
      127.012924,
      37.248676
     ],
     [
      127.012902,
      37.248765
     ],
     [
      127.012881,
      37.248853
     ],
     [
      127.01286,
      37.248942
     ],
     [
      127.012839,
      37.24903
     ],
     [
      127.012818,
      37.249119
     ],
     [
      127.012796,
      37.249207
     ],
     [
      127.012775,
      37.249296
     ],
     [
      127.012754,
      37.249384
     ],
     [
      127.012733,
      37.249472
     ],
     [
      127.012711,
      37.249561
     ],
     [
      127.01269,
      37.249649
     ],
     [
      127.012669,
      37.249738
     ],
     [
      127.012648,
      37.249826
     ],
     [
      127.012626,
      37.249915
     ],
     [
      127.012605,
      37.250003
     ],
     [
      127.012584,
      37.250092
     ],
     [
      127.012563,
      37.25018
     ],
     [
      127.012542,
      37.250269
     ],
     [
      127.01252,
      37.250357
     ],
     [
      127.012499,
      37.250446
     ],
     [
      127.012478,
      37.250534
     ],
     [
      127.012457,
      37.250623
     ],
     [
      127.012435,
      37.250711
     ],
     [
      127.012414,
      37.2508
     ],
     [
      127.012393,
      37.250888
     ],
     [
      127.012372,
      37.250977
     ],
     [
      127.01235,
      37.251065
     ],
     [
      127.012329,
      37.251154
     ],
     [
      127.012308,
      37.251242
     ],
     [
      127.012287,
      37.251331
     ],
     [
      127.012266,
      37.251419
     ],
     [
      127.012244,
      37.251508
     ],
     [
      127.012223,
      37.251596
     ],
     [
      127.012202,
      37.251685
     ],
     [
      127.012181,
      37.251773
     ],
     [
      127.012159,
      37.251862
     ],
     [
      127.012138,
      37.25195
     ],
     [
      127.012117,
      37.252039
     ],
     [
      127.012096,
      37.252127
     ],
     [
      127.012074,
      37.252216
     ],
     [
      127.01207,
      37.252235
     ],
     [
      127.012033,
      37.252299
     ],
     [
      127.011985,
      37.25238
     ],
     [
      127.011937,
      37.252462
     ],
     [
      127.011889,
      37.252544
     ],
     [
      127.011841,
      37.252625
     ],
     [
      127.011793,
      37.252707
     ],
     [
      127.011746,
      37.252788
     ],
     [
      127.011698,
      37.25287
     ],
     [
      127.011658,
      37.252938
     ],
     [
      127.01165,
      37.252952
     ],
     [
      127.011605,
      37.253034
     ],
     [
      127.01156,
      37.253117
     ],
     [
      127.011516,
      37.2532
     ],
     [
      127.011471,
      37.253282
     ],
     [
      127.011426,
      37.253365
     ],
     [
      127.011381,
      37.253448
     ],
     [
      127.011336,
      37.25353
     ],
     [
      127.011291,
      37.253613
     ],
     [
      127.011246,
      37.253695
     ],
     [
      127.011201,
      37.253778
     ],
     [
      127.011183,
      37.253811
     ],
     [
      127.011182,
      37.253817
     ],
     [
      127.011175,
      37.253907
     ],
     [
      127.011168,
      37.253997
     ],
     [
      127.01116,
      37.254087
     ],
     [
      127.011153,
      37.254177
     ],
     [
      127.011145,
      37.254267
     ],
     [
      127.011138,
      37.254356
     ],
     [
      127.011131,
      37.254446
     ],
     [
      127.011123,
      37.254536
     ],
     [
      127.011116,
      37.254626
     ],
     [
      127.011108,
      37.254716
     ],
     [
      127.011101,
      37.254806
     ],
     [
      127.011094,
      37.254896
     ],
     [
      127.011086,
      37.254986
     ],
     [
      127.011081,
      37.255046
     ],
     [
      127.011087,
      37.255075
     ],
     [
      127.011106,
      37.255164
     ],
     [
      127.011124,
      37.255253
     ],
     [
      127.011142,
      37.255342
     ],
     [
      127.011161,
      37.255431
     ],
     [
      127.011179,
      37.25552
     ],
     [
      127.011198,
      37.255609
     ],
     [
      127.011216,
      37.255698
     ],
     [
      127.011234,
      37.255787
     ],
     [
      127.011253,
      37.255875
     ],
     [
      127.011271,
      37.255964
     ],
     [
      127.01129,
      37.256053
     ],
     [
      127.011308,
      37.256142
     ],
     [
      127.011326,
      37.256231
     ],
     [
      127.011345,
      37.25632
     ],
     [
      127.011363,
      37.256409
     ],
     [
      127.011382,
      37.256498
     ],
     [
      127.0114,
      37.256587
     ],
     [
      127.011418,
      37.256676
     ],
     [
      127.011437,
      37.256764
     ],
     [
      127.011455,
      37.256853
     ],
     [
      127.011474,
      37.256942
     ],
     [
      127.011492,
      37.257031
     ],
     [
      127.01151,
      37.25712
     ],
     [
      127.011529,
      37.257209
     ],
     [
      127.011547,
      37.257298
     ],
     [
      127.011566,
      37.257387
     ],
     [
      127.011584,
      37.257476
     ],
     [
      127.011602,
      37.257564
     ],
     [
      127.011621,
      37.257653
     ],
     [
      127.011631,
      37.257703
     ],
     [
      127.011659,
      37.257736
     ],
     [
      127.011721,
      37.257811
     ],
     [
      127.011784,
      37.257886
     ],
     [
      127.011847,
      37.257961
     ],
     [
      127.01191,
      37.258036
     ],
     [
      127.011972,
      37.25811
     ],
     [
      127.012035,
      37.258185
     ],
     [
      127.012098,
      37.25826
     ],
     [
      127.012161,
      37.258335
     ],
     [
      127.012223,
      37.25841
     ],
     [
      127.012286,
      37.258485
     ],
     [
      127.012349,
      37.258559
     ],
     [
      127.012412,
      37.258634
     ],
     [
      127.012474,
      37.258709
     ],
     [
      127.012537,
      37.258784
     ],
     [
      127.0126,
      37.258859
     ],
     [
      127.012663,
      37.258934
     ],
     [
      127.012725,
      37.259009
     ],
     [
      127.012788,
      37.259083
     ],
     [
      127.012851,
      37.259158
     ],
     [
      127.012914,
      37.259233
     ],
     [
      127.012977,
      37.259308
     ],
     [
      127.013039,
      37.259383
     ],
     [
      127.013102,
      37.259458
     ],
     [
      127.013165,
      37.259532
     ],
     [
      127.013228,
      37.259607
     ],
     [
      127.01329,
      37.259682
     ],
     [
      127.013353,
      37.259757
     ],
     [
      127.013416,
      37.259832
     ],
     [
      127.013472,
      37.259899
     ],
     [
      127.013472,
      37.259908
     ],
     [
      127.013472,
      37.259998
     ],
     [
      127.013472,
      37.260089
     ],
     [
      127.013472,
      37.260179
     ],
     [
      127.013472,
      37.260269
     ],
     [
      127.013472,
      37.260359
     ],
     [
      127.013472,
      37.260449
     ],
     [
      127.013472,
      37.260539
     ],
     [
      127.013472,
      37.260629
     ],
     [
      127.013472,
      37.260719
     ],
     [
      127.013472,
      37.260809
     ],
     [
      127.013472,
      37.260899
     ],
     [
      127.013472,
      37.26099
     ],
     [
      127.013472,
      37.26108
     ],
     [
      127.013472,
      37.26117
     ],
     [
      127.013472,
      37.26126
     ],
     [
      127.013472,
      37.26135
     ],
     [
      127.013472,
      37.26144
     ],
     [
      127.013472,
      37.26153
     ],
     [
      127.013472,
      37.26162
     ],
     [
      127.013472,
      37.261656
     ],
     [
      127.013504,
      37.261704
     ],
     [
      127.013556,
      37.261784
     ],
     [
      127.013608,
      37.261864
     ],
     [
      127.01366,
      37.261944
     ],
     [
      127.013712,
      37.262024
     ],
     [
      127.013764,
      37.262104
     ],
     [
      127.013816,
      37.262184
     ],
     [
      127.013868,
      37.262264
     ],
     [
      127.01392,
      37.262344
     ],
     [
      127.013972,
      37.262424
     ],
     [
      127.014024,
      37.262504
     ],
     [
      127.014076,
      37.262583
     ],
     [
      127.014128,
      37.262663
     ],
     [
      127.014181,
      37.262743
     ],
     [
      127.014233,
      37.262823
     ],
     [
      127.014285,
      37.262903
     ],
     [
      127.014337,
      37.262983
     ],
     [
      127.014389,
      37.263063
     ],
     [
      127.014441,
      37.263143
     ],
     [
      127.014493,
      37.263223
     ],
     [
      127.014545,
      37.263303
     ],
     [
      127.014597,
      37.263383
     ],
     [
      127.014649,
      37.263463
     ],
     [
      127.014701,
      37.263543
     ],
     [
      127.014753,
      37.263623
     ],
     [
      127.014805,
      37.263702
     ],
     [
      127.014857,
      37.263782
     ],
     [
      127.014909,
      37.263862
     ],
     [
      127.014961,
      37.263942
     ],
     [
      127.015013,
      37.264022
     ],
     [
      127.015065,
      37.264102
     ],
     [
      127.015117,
      37.264182
     ],
     [
      127.015169,
      37.264262
     ],
     [
      127.015221,
      37.264342
     ],
     [
      127.015273,
      37.264422
     ],
     [
      127.015325,
      37.264502
     ],
     [
      127.015377,
      37.264582
     ],
     [
      127.01543,
      37.264662
     ],
     [
      127.015482,
      37.264742
     ],
     [
      127.015534,
      37.264821
     ],
     [
      127.015586,
      37.264901
     ],
     [
      127.015638,
      37.264981
     ],
     [
      127.01569,
      37.265061
     ],
     [
      127.015742,
      37.265141
     ],
     [
      127.015794,
      37.265221
     ],
     [
      127.015846,
      37.265301
     ],
     [
      127.015898,
      37.265381
     ],
     [
      127.01595,
      37.265461
     ],
     [
      127.016002,
      37.265541
     ],
     [
      127.016054,
      37.265621
     ],
     [
      127.016106,
      37.265701
     ],
     [
      127.016158,
      37.265781
     ],
     [
      127.01621,
      37.265861
     ],
     [
      127.016262,
      37.26594
     ],
     [
      127.016303,
      37.266004
     ],
     [
      127.016313,
      37.266021
     ],
     [
      127.016359,
      37.266103
     ],
     [
      127.016405,
      37.266186
     ],
     [
      127.01645,
      37.266268
     ],
     [
      127.016496,
      37.26635
     ],
     [
      127.016542,
      37.266433
     ],
     [
      127.016588,
      37.266515
     ],
     [
      127.016634,
      37.266597
     ],
     [
      127.01668,
      37.266679
     ],
     [
      127.016725,
      37.266762
     ],
     [
      127.016771,
      37.266844
     ],
     [
      127.016817,
      37.266926
     ],
     [
      127.016863,
      37.267009
     ],
     [
      127.016909,
      37.267091
     ],
     [
      127.016955,
      37.267173
     ],
     [
      127.017,
      37.267256
     ],
     [
      127.017046,
      37.267338
     ],
     [
      127.017092,
      37.26742
     ],
     [
      127.017138,
      37.267503
     ],
     [
      127.017184,
      37.267585
     ],
     [
      127.017229,
      37.267667
     ],
     [
      127.017275,
      37.26775
     ],
     [
      127.017321,
      37.267832
     ],
     [
      127.017367,
      37.267914
     ],
     [
      127.017413,
      37.267997
     ],
     [
      127.017459,
      37.268079
     ],
     [
      127.017504,
      37.268161
     ],
     [
      127.01755,
      37.268244
     ],
     [
      127.017596,
      37.268326
     ],
     [
      127.017642,
      37.268408
     ],
     [
      127.017688,
      37.268491
     ],
     [
      127.017734,
      37.268573
     ],
     [
      127.017779,
      37.268655
     ],
     [
      127.017825,
      37.268738
     ],
     [
      127.017871,
      37.26882
     ],
     [
      127.017917,
      37.268902
     ],
     [
      127.017963,
      37.268985
     ],
     [
      127.018009,
      37.269067
     ],
     [
      127.018054,
      37.269149
     ],
     [
      127.0181,
      37.269232
     ],
     [
      127.018146,
      37.269314
     ],
     [
      127.018192,
      37.269396
     ],
     [
      127.018238,
      37.269479
     ],
     [
      127.018283,
      37.269561
     ],
     [
      127.018329,
      37.269643
     ],
     [
      127.018375,
      37.269726
     ],
     [
      127.018421,
      37.269808
     ],
     [
      127.018467,
      37.26989
     ],
     [
      127.018513,
      37.269972
     ],
     [
      127.018558,
      37.270055
     ],
     [
      127.018604,
      37.270137
     ],
     [
      127.018635,
      37.270191
     ],
     [
      127.018612,
      37.270217
     ],
     [
      127.018548,
      37.270291
     ],
     [
      127.018483,
      37.270365
     ],
     [
      127.018419,
      37.270439
     ],
     [
      127.018354,
      37.270512
     ],
     [
      127.018289,
      37.270586
     ],
     [
      127.018225,
      37.27066
     ],
     [
      127.01816,
      37.270734
     ],
     [
      127.018096,
      37.270808
     ],
     [
      127.018031,
      37.270882
     ],
     [
      127.017967,
      37.270956
     ],
     [
      127.017902,
      37.27103
     ],
     [
      127.017838,
      37.271103
     ],
     [
      127.017773,
      37.271177
     ],
     [
      127.017708,
      37.271251
     ],
     [
      127.017644,
      37.271325
     ],
     [
      127.017579,
      37.271399
     ],
     [
      127.017515,
      37.271473
     ],
     [
      127.017459,
      37.271537
     ],
     [
      127.017457,
      37.271549
     ],
     [
      127.017446,
      37.271638
     ],
     [
      127.017436,
      37.271728
     ],
     [
      127.017425,
      37.271818
     ],
     [
      127.017414,
      37.271907
     ],
     [
      127.017403,
      37.271997
     ],
     [
      127.017392,
      37.272087
     ],
     [
      127.017381,
      37.272177
     ],
     [
      127.017371,
      37.272266
     ],
     [
      127.01736,
      37.272356
     ],
     [
      127.017349,
      37.272446
     ],
     [
      127.017338,
      37.272535
     ],
     [
      127.017327,
      37.272625
     ],
     [
      127.017316,
      37.272715
     ],
     [
      127.017306,
      37.272804
     ],
     [
      127.017295,
      37.272894
     ],
     [
      127.017284,
      37.272984
     ],
     [
      127.017273,
      37.273073
     ],
     [
      127.017262,
      37.273163
     ],
     [
      127.017252,
      37.273253
     ],
     [
      127.017241,
      37.273342
     ],
     [
      127.01723,
      37.273432
     ],
     [
      127.017219,
      37.273522
     ],
     [
      127.017208,
      37.273612
     ],
     [
      127.017197,
      37.273701
     ],
     [
      127.017187,
      37.273791
     ],
     [
      127.017176,
      37.273881
     ],
     [
      127.017165,
      37.27397
     ],
     [
      127.017154,
      37.27406
     ],
     [
      127.017143,
      37.27415
     ],
     [
      127.017133,
      37.274239
     ],
     [
      127.017122,
      37.274329
     ],
     [
      127.017111,
      37.274419
     ],
     [
      127.0171,
      37.274508
     ],
     [
      127.017089,
      37.274598
     ],
     [
      127.017078,
      37.274688
     ],
     [
      127.017068,
      37.274777
     ],
     [
      127.017057,
      37.274867
     ],
     [
      127.017046,
      37.274957
     ],
     [
      127.017035,
      37.275047
     ],
     [
      127.017024,
      37.275136
     ],
     [
      127.017014,
      37.275226
     ],
     [
      127.017003,
      37.275316
     ],
     [
      127.016997,
      37.275363
     ],
     [
      127.016996,
      37.275422
     ],
     [
      127.016994,
      37.275512
     ],
     [
      127.016993,
      37.275602
     ],
     [
      127.016991,
      37.275692
     ],
     [
      127.01699,
      37.275783
     ],
     [
      127.016988,
      37.275873
     ],
     [
      127.016987,
      37.275963
     ],
     [
      127.016985,
      37.276053
     ],
     [
      127.016984,
      37.276143
     ],
     [
      127.016982,
      37.276233
     ],
     [
      127.01698,
      37.276323
     ],
     [
      127.016979,
      37.276413
     ],
     [
      127.016977,
      37.276503
     ],
     [
      127.016976,
      37.276593
     ],
     [
      127.016974,
      37.276683
     ],
     [
      127.016973,
      37.276774
     ],
     [
      127.016971,
      37.276845
     ],
     [
      127.016971,
      37.276888
     ],
     [
      127.016969,
      37.276978
     ],
     [
      127.016968,
      37.277068
     ],
     [
      127.016966,
      37.277158
     ],
     [
      127.016965,
      37.277248
     ],
     [
      127.016964,
      37.277258
     ],
     [
      127.016864,
      37.277265
     ],
     [
      127.016751,
      37.277273
     ],
     [
      127.016639,
      37.277282
     ],
     [
      127.016527,
      37.27729
     ],
     [
      127.016414,
      37.277298
     ],
     [
      127.016302,
      37.277307
     ],
     [
      127.01619,
      37.277315
     ],
     [
      127.016078,
      37.277323
     ],
     [
      127.015965,
      37.277332
     ],
     [
      127.015853,
      37.27734
     ],
     [
      127.015741,
      37.277348
     ],
     [
      127.015629,
      37.277357
     ],
     [
      127.015516,
      37.277365
     ],
     [
      127.015404,
      37.277373
     ],
     [
      127.015292,
      37.277382
     ],
     [
      127.01523,
      37.277386
     ],
     [
      127.01523,
      37.277427
     ],
     [
      127.01523,
      37.277517
     ],
     [
      127.01523,
      37.277607
     ],
     [
      127.01523,
      37.277697
     ],
     [
      127.01523,
      37.277787
     ],
     [
      127.01523,
      37.277836
     ],
     [
      127.01523,
      37.277877
     ],
     [
      127.01523,
      37.277967
     ],
     [
      127.01523,
      37.278057
     ],
     [
      127.01523,
      37.278147
     ],
     [
      127.01523,
      37.278238
     ],
     [
      127.01523,
      37.278328
     ],
     [
      127.01523,
      37.278418
     ],
     [
      127.01523,
      37.278508
     ],
     [
      127.01523,
      37.278598
     ],
     [
      127.01523,
      37.278688
     ],
     [
      127.01523,
      37.278778
     ],
     [
      127.01523,
      37.278868
     ],
     [
      127.01523,
      37.278958
     ],
     [
      127.01523,
      37.279049
     ],
     [
      127.01523,
      37.279139
     ],
     [
      127.01523,
      37.279185
     ],
     [
      127.015228,
      37.279229
     ],
     [
      127.015223,
      37.279319
     ],
     [
      127.015218,
      37.279409
     ],
     [
      127.015213,
      37.279499
     ],
     [
      127.015208,
      37.279589
     ],
     [
      127.015203,
      37.279679
     ],
     [
      127.015198,
      37.279769
     ],
     [
      127.015193,
      37.279859
     ],
     [
      127.015188,
      37.279949
     ],
     [
      127.015183,
      37.280039
     ],
     [
      127.015178,
      37.280129
     ],
     [
      127.015173,
      37.280219
     ],
     [
      127.015168,
      37.280309
     ],
     [
      127.015166,
      37.280341
     ],
     [
      127.015161,
      37.280399
     ],
     [
      127.015152,
      37.280489
     ],
     [
      127.015144,
      37.280579
     ],
     [
      127.015136,
      37.280668
     ],
     [
      127.015128,
      37.280758
     ],
     [
      127.01512,
      37.280848
     ],
     [
      127.015111,
      37.280938
     ],
     [
      127.015103,
      37.281028
     ],
     [
      127.015102,
      37.281048
     ],
     [
      127.015097,
      37.281118
     ],
     [
      127.015091,
      37.281208
     ],
     [
      127.015084,
      37.281298
     ],
     [
      127.015078,
      37.281388
     ],
     [
      127.015077,
      37.2814
     ],
     [
      127.015074,
      37.281457
     ],
     [
      127.015067,
      37.281547
     ],
     [
      127.015061,
      37.281637
     ],
     [
      127.015055,
      37.281727
     ],
     [
      127.015049,
      37.281817
     ],
     [
      127.015043,
      37.281907
     ],
     [
      127.01371,
      37.28184
     ]
    ]
   },
   "properties": {
    "kind": "leg",
    "id": "day4",
    "day": 4,
    "label": "화성행궁 → 현륭원 → 화성행궁 (참배 왕복)",
    "direction": "spur",
    "distanceKm": 22.03,
    "pointCount": 2161,
    "via": [
     "haenggung",
     "yungneung",
     "haenggung"
    ]
   }
  },
  {
   "type": "Feature",
   "geometry": {
    "type": "LineString",
    "coordinates": [
     [
      127.01371,
      37.28184
     ],
     [
      127.015043,
      37.281907
     ],
     [
      127.015037,
      37.281997
     ],
     [
      127.015031,
      37.282087
     ],
     [
      127.015025,
      37.282177
     ],
     [
      127.015018,
      37.282267
     ],
     [
      127.015012,
      37.282357
     ],
     [
      127.015006,
      37.282447
     ],
     [
      127.015,
      37.282537
     ],
     [
      127.014994,
      37.282627
     ],
     [
      127.014988,
      37.282717
     ],
     [
      127.014982,
      37.282807
     ],
     [
      127.014975,
      37.282897
     ],
     [
      127.014969,
      37.282987
     ],
     [
      127.014963,
      37.283077
     ],
     [
      127.014957,
      37.283167
     ],
     [
      127.014951,
      37.283257
     ],
     [
      127.014945,
      37.283347
     ],
     [
      127.014939,
      37.283437
     ],
     [
      127.014933,
      37.283527
     ],
     [
      127.014926,
      37.283617
     ],
     [
      127.01492,
      37.283707
     ],
     [
      127.014914,
      37.283797
     ],
     [
      127.014909,
      37.283874
     ],
     [
      127.014909,
      37.283887
     ],
     [
      127.014913,
      37.283977
     ],
     [
      127.014916,
      37.284067
     ],
     [
      127.01492,
      37.284157
     ],
     [
      127.014923,
      37.284247
     ],
     [
      127.014927,
      37.284337
     ],
     [
      127.01493,
      37.284427
     ],
     [
      127.014934,
      37.284517
     ],
     [
      127.014937,
      37.284607
     ],
     [
      127.01494,
      37.284697
     ],
     [
      127.014944,
      37.284787
     ],
     [
      127.014947,
      37.284877
     ],
     [
      127.014951,
      37.284967
     ],
     [
      127.014954,
      37.285057
     ],
     [
      127.014958,
      37.285147
     ],
     [
      127.014961,
      37.285237
     ],
     [
      127.014962,
      37.285261
     ],
     [
      127.014962,
      37.285268
     ],
     [
      127.014966,
      37.285358
     ],
     [
      127.014969,
      37.285448
     ],
     [
      127.014973,
      37.285538
     ],
     [
      127.014973,
      37.285544
     ],
     [
      127.014956,
      37.285627
     ],
     [
      127.014937,
      37.285716
     ],
     [
      127.014918,
      37.285805
     ],
     [
      127.0149,
      37.285893
     ],
     [
      127.014881,
      37.285982
     ],
     [
      127.014862,
      37.286071
     ],
     [
      127.014843,
      37.28616
     ],
     [
      127.014825,
      37.286249
     ],
     [
      127.014806,
      37.286338
     ],
     [
      127.014787,
      37.286427
     ],
     [
      127.014769,
      37.286515
     ],
     [
      127.01475,
      37.286604
     ],
     [
      127.014731,
      37.286693
     ],
     [
      127.014713,
      37.286782
     ],
     [
      127.014694,
      37.286871
     ],
     [
      127.014675,
      37.28696
     ],
     [
      127.014656,
      37.287049
     ],
     [
      127.014638,
      37.287137
     ],
     [
      127.014619,
      37.287226
     ],
     [
      127.0146,
      37.287315
     ],
     [
      127.014582,
      37.287404
     ],
     [
      127.014563,
      37.287493
     ],
     [
      127.014544,
      37.287582
     ],
     [
      127.014525,
      37.287671
     ],
     [
      127.014507,
      37.287759
     ],
     [
      127.014488,
      37.287848
     ],
     [
      127.014469,
      37.287937
     ],
     [
      127.014459,
      37.287985
     ],
     [
      127.01444,
      37.288024
     ],
     [
      127.014398,
      37.288107
     ],
     [
      127.014356,
      37.288191
     ],
     [
      127.014317,
      37.28827
     ],
     [
      127.014309,
      37.288286
     ],
     [
      127.014267,
      37.28837
     ],
     [
      127.014225,
      37.288454
     ],
     [
      127.014183,
      37.288537
     ],
     [
      127.014141,
      37.288621
     ],
     [
      127.014099,
      37.288705
     ],
     [
      127.014058,
      37.288788
     ],
     [
      127.014016,
      37.288872
     ],
     [
      127.013974,
      37.288956
     ],
     [
      127.013932,
      37.289039
     ],
     [
      127.01389,
      37.289123
     ],
     [
      127.013881,
      37.289142
     ],
     [
      127.013842,
      37.289204
     ],
     [
      127.013791,
      37.289285
     ],
     [
      127.013748,
      37.289354
     ],
     [
      127.013743,
      37.289363
     ],
     [
      127.013692,
      37.289443
     ],
     [
      127.013642,
      37.289524
     ],
     [
      127.013592,
      37.289605
     ],
     [
      127.013541,
      37.289685
     ],
     [
      127.013491,
      37.289766
     ],
     [
      127.01344,
      37.289847
     ],
     [
      127.01339,
      37.289927
     ],
     [
      127.01334,
      37.290008
     ],
     [
      127.013289,
      37.290088
     ],
     [
      127.013239,
      37.290169
     ],
     [
      127.013189,
      37.29025
     ],
     [
      127.013138,
      37.29033
     ],
     [
      127.013088,
      37.290411
     ],
     [
      127.013037,
      37.290491
     ],
     [
      127.012987,
      37.290572
     ],
     [
      127.012937,
      37.290653
     ],
     [
      127.012917,
      37.290683
     ],
     [
      127.01288,
      37.290731
     ],
     [
      127.01282,
      37.290807
     ],
     [
      127.01276,
      37.290883
     ],
     [
      127.0127,
      37.290959
     ],
     [
      127.01264,
      37.291036
     ],
     [
      127.01258,
      37.291112
     ],
     [
      127.01252,
      37.291188
     ],
     [
      127.01246,
      37.291265
     ],
     [
      127.0124,
      37.291341
     ],
     [
      127.01234,
      37.291417
     ],
     [
      127.01228,
      37.291493
     ],
     [
      127.01222,
      37.29157
     ],
     [
      127.01216,
      37.291646
     ],
     [
      127.0121,
      37.291722
     ],
     [
      127.01204,
      37.291799
     ],
     [
      127.01198,
      37.291875
     ],
     [
      127.01192,
      37.291951
     ],
     [
      127.01186,
      37.292027
     ],
     [
      127.0118,
      37.292104
     ],
     [
      127.01174,
      37.29218
     ],
     [
      127.01168,
      37.292256
     ],
     [
      127.01162,
      37.292332
     ],
     [
      127.01156,
      37.292409
     ],
     [
      127.0115,
      37.292485
     ],
     [
      127.01144,
      37.292561
     ],
     [
      127.01138,
      37.292638
     ],
     [
      127.01132,
      37.292714
     ],
     [
      127.01126,
      37.29279
     ],
     [
      127.0112,
      37.292866
     ],
     [
      127.01114,
      37.292943
     ],
     [
      127.01108,
      37.293019
     ],
     [
      127.01102,
      37.293095
     ],
     [
      127.01096,
      37.293172
     ],
     [
      127.0109,
      37.293248
     ],
     [
      127.010839,
      37.293324
     ],
     [
      127.010779,
      37.2934
     ],
     [
      127.010719,
      37.293477
     ],
     [
      127.010659,
      37.293553
     ],
     [
      127.010599,
      37.293629
     ],
     [
      127.010539,
      37.293706
     ],
     [
      127.010479,
      37.293782
     ],
     [
      127.010419,
      37.293858
     ],
     [
      127.010359,
      37.293934
     ],
     [
      127.010299,
      37.294011
     ],
     [
      127.010239,
      37.294087
     ],
     [
      127.010179,
      37.294163
     ],
     [
      127.010119,
      37.29424
     ],
     [
      127.010059,
      37.294316
     ],
     [
      127.009999,
      37.294392
     ],
     [
      127.009939,
      37.294468
     ],
     [
      127.009879,
      37.294545
     ],
     [
      127.009834,
      37.294602
     ],
     [
      127.009818,
      37.294658
     ],
     [
      127.009793,
      37.294746
     ],
     [
      127.009767,
      37.294834
     ],
     [
      127.009742,
      37.294922
     ],
     [
      127.009717,
      37.29501
     ],
     [
      127.009692,
      37.295098
     ],
     [
      127.009667,
      37.295185
     ],
     [
      127.009641,
      37.295273
     ],
     [
      127.009616,
      37.295361
     ],
     [
      127.009591,
      37.295449
     ],
     [
      127.009566,
      37.295537
     ],
     [
      127.009541,
      37.295625
     ],
     [
      127.009515,
      37.295712
     ],
     [
      127.00949,
      37.2958
     ],
     [
      127.009465,
      37.295888
     ],
     [
      127.00944,
      37.295976
     ],
     [
      127.009414,
      37.296064
     ],
     [
      127.009389,
      37.296151
     ],
     [
      127.009364,
      37.296239
     ],
     [
      127.009361,
      37.29625
     ],
     [
      127.009276,
      37.296291
     ],
     [
      127.009179,
      37.296337
     ],
     [
      127.009083,
      37.296383
     ],
     [
      127.008986,
      37.29643
     ],
     [
      127.008889,
      37.296476
     ],
     [
      127.008792,
      37.296522
     ],
     [
      127.008696,
      37.296569
     ],
     [
      127.008599,
      37.296615
     ],
     [
      127.008502,
      37.296662
     ],
     [
      127.008406,
      37.296708
     ],
     [
      127.008309,
      37.296754
     ],
     [
      127.008212,
      37.296801
     ],
     [
      127.008115,
      37.296847
     ],
     [
      127.008019,
      37.296893
     ],
     [
      127.007922,
      37.29694
     ],
     [
      127.007825,
      37.296986
     ],
     [
      127.007729,
      37.297032
     ],
     [
      127.007632,
      37.297079
     ],
     [
      127.007535,
      37.297125
     ],
     [
      127.007438,
      37.297172
     ],
     [
      127.007412,
      37.297184
     ],
     [
      127.007375,
      37.297243
     ],
     [
      127.007324,
      37.297323
     ],
     [
      127.007273,
      37.297403
     ],
     [
      127.007221,
      37.297483
     ],
     [
      127.00717,
      37.297564
     ],
     [
      127.007119,
      37.297644
     ],
     [
      127.007068,
      37.297724
     ],
     [
      127.007017,
      37.297805
     ],
     [
      127.006965,
      37.297885
     ],
     [
      127.006914,
      37.297965
     ],
     [
      127.006863,
      37.298046
     ],
     [
      127.006812,
      37.298126
     ],
     [
      127.006761,
      37.298206
     ],
     [
      127.006709,
      37.298286
     ],
     [
      127.006658,
      37.298367
     ],
     [
      127.006607,
      37.298447
     ],
     [
      127.006556,
      37.298527
     ],
     [
      127.006505,
      37.298608
     ],
     [
      127.006456,
      37.298685
     ],
     [
      127.006455,
      37.298688
     ],
     [
      127.006439,
      37.298777
     ],
     [
      127.006422,
      37.298866
     ],
     [
      127.006406,
      37.298956
     ],
     [
      127.00639,
      37.299045
     ],
     [
      127.006373,
      37.299134
     ],
     [
      127.006357,
      37.299223
     ],
     [
      127.006341,
      37.299312
     ],
     [
      127.006324,
      37.299401
     ],
     [
      127.006308,
      37.299491
     ],
     [
      127.006292,
      37.29958
     ],
     [
      127.006275,
      37.299669
     ],
     [
      127.006259,
      37.299758
     ],
     [
      127.006243,
      37.299847
     ],
     [
      127.006227,
      37.299936
     ],
     [
      127.00621,
      37.300026
     ],
     [
      127.006194,
      37.300115
     ],
     [
      127.006178,
      37.300204
     ],
     [
      127.006161,
      37.300293
     ],
     [
      127.006156,
      37.300321
     ],
     [
      127.006168,
      37.300382
     ],
     [
      127.006185,
      37.300471
     ],
     [
      127.006203,
      37.30056
     ],
     [
      127.00622,
      37.300649
     ],
     [
      127.006237,
      37.300738
     ],
     [
      127.006254,
      37.300827
     ],
     [
      127.006272,
      37.300916
     ],
     [
      127.006289,
      37.301005
     ],
     [
      127.006306,
      37.301094
     ],
     [
      127.006323,
      37.301183
     ],
     [
      127.006341,
      37.301272
     ],
     [
      127.006349,
      37.301317
     ],
     [
      127.006336,
      37.301361
     ],
     [
      127.006307,
      37.301448
     ],
     [
      127.006279,
      37.301535
     ],
     [
      127.006251,
      37.301622
     ],
     [
      127.006223,
      37.30171
     ],
     [
      127.006195,
      37.301797
     ],
     [
      127.006167,
      37.301884
     ],
     [
      127.006139,
      37.301972
     ],
     [
      127.006111,
      37.302059
     ],
     [
      127.006083,
      37.302146
     ],
     [
      127.006055,
      37.302233
     ],
     [
      127.006031,
      37.302308
     ],
     [
      127.006019,
      37.302317
     ],
     [
      127.005938,
      37.302379
     ],
     [
      127.005856,
      37.302441
     ],
     [
      127.005774,
      37.302504
     ],
     [
      127.005693,
      37.302566
     ],
     [
      127.005611,
      37.302628
     ],
     [
      127.00553,
      37.30269
     ],
     [
      127.005448,
      37.302753
     ],
     [
      127.005366,
      37.302815
     ],
     [
      127.005285,
      37.302877
     ],
     [
      127.005251,
      37.302903
     ],
     [
      127.005257,
      37.302955
     ],
     [
      127.005269,
      37.303045
     ],
     [
      127.00528,
      37.303135
     ],
     [
      127.005291,
      37.303224
     ],
     [
      127.005302,
      37.303314
     ],
     [
      127.005313,
      37.303404
     ],
     [
      127.005324,
      37.303493
     ],
     [
      127.005335,
      37.303583
     ],
     [
      127.005346,
      37.303673
     ],
     [
      127.005357,
      37.303762
     ],
     [
      127.005368,
      37.303852
     ],
     [
      127.005379,
      37.303942
     ],
     [
      127.00539,
      37.304031
     ],
     [
      127.005401,
      37.304121
     ],
     [
      127.005412,
      37.304211
     ],
     [
      127.005424,
      37.3043
     ],
     [
      127.005435,
      37.30439
     ],
     [
      127.005446,
      37.30448
     ],
     [
      127.005457,
      37.304569
     ],
     [
      127.005468,
      37.304659
     ],
     [
      127.005479,
      37.304749
     ],
     [
      127.00549,
      37.304838
     ],
     [
      127.005499,
      37.304913
     ],
     [
      127.005489,
      37.304926
     ],
     [
      127.005427,
      37.305001
     ],
     [
      127.005365,
      37.305076
     ],
     [
      127.005304,
      37.305152
     ],
     [
      127.005242,
      37.305227
     ],
     [
      127.00518,
      37.305303
     ],
     [
      127.005118,
      37.305378
     ],
     [
      127.005057,
      37.305454
     ],
     [
      127.004995,
      37.305529
     ],
     [
      127.004933,
      37.305604
     ],
     [
      127.004871,
      37.30568
     ],
     [
      127.00481,
      37.305755
     ],
     [
      127.004748,
      37.305831
     ],
     [
      127.004686,
      37.305906
     ],
     [
      127.004625,
      37.305981
     ],
     [
      127.004563,
      37.306057
     ],
     [
      127.004501,
      37.306132
     ],
     [
      127.004439,
      37.306208
     ],
     [
      127.004378,
      37.306283
     ],
     [
      127.004316,
      37.306359
     ],
     [
      127.004294,
      37.306385
     ],
     [
      127.004209,
      37.306413
     ],
     [
      127.004104,
      37.306446
     ],
     [
      127.004,
      37.30648
     ],
     [
      127.003895,
      37.306514
     ],
     [
      127.003791,
      37.306548
     ],
     [
      127.003686,
      37.306581
     ],
     [
      127.003582,
      37.306615
     ],
     [
      127.003477,
      37.306649
     ],
     [
      127.003372,
      37.306683
     ],
     [
      127.003268,
      37.306716
     ],
     [
      127.003163,
      37.30675
     ],
     [
      127.003059,
      37.306784
     ],
     [
      127.002954,
      37.306818
     ],
     [
      127.00285,
      37.306852
     ],
     [
      127.002745,
      37.306885
     ],
     [
      127.00264,
      37.306919
     ],
     [
      127.002629,
      37.306923
     ],
     [
      127.002532,
      37.306945
     ],
     [
      127.002424,
      37.306969
     ],
     [
      127.002315,
      37.306994
     ],
     [
      127.002207,
      37.307018
     ],
     [
      127.002098,
      37.307043
     ],
     [
      127.00199,
      37.307068
     ],
     [
      127.001881,
      37.307092
     ],
     [
      127.001773,
      37.307117
     ],
     [
      127.001664,
      37.307141
     ],
     [
      127.001556,
      37.307166
     ],
     [
      127.001447,
      37.30719
     ],
     [
      127.001338,
      37.307215
     ],
     [
      127.00123,
      37.307239
     ],
     [
      127.001121,
      37.307264
     ],
     [
      127.001013,
      37.307289
     ],
     [
      127.000904,
      37.307313
     ],
     [
      127.000796,
      37.307338
     ],
     [
      127.000687,
      37.307362
     ],
     [
      127.000579,
      37.307387
     ],
     [
      127.000502,
      37.307404
     ],
     [
      127.000473,
      37.307417
     ],
     [
      127.000375,
      37.307461
     ],
     [
      127.000277,
      37.307506
     ],
     [
      127.000178,
      37.30755
     ],
     [
      127.00008,
      37.307594
     ],
     [
      126.999982,
      37.307638
     ],
     [
      126.999884,
      37.307683
     ],
     [
      126.999785,
      37.307727
     ],
     [
      126.999687,
      37.307771
     ],
     [
      126.999589,
      37.307815
     ],
     [
      126.99949,
      37.307859
     ],
     [
      126.999392,
      37.307904
     ],
     [
      126.999294,
      37.307948
     ],
     [
      126.999196,
      37.307992
     ],
     [
      126.999097,
      37.308036
     ],
     [
      126.998999,
      37.308081
     ],
     [
      126.998901,
      37.308125
     ],
     [
      126.998803,
      37.308169
     ],
     [
      126.998704,
      37.308213
     ],
     [
      126.998606,
      37.308258
     ],
     [
      126.998508,
      37.308302
     ],
     [
      126.998409,
      37.308346
     ],
     [
      126.998311,
      37.30839
     ],
     [
      126.998213,
      37.308434
     ],
     [
      126.998115,
      37.308479
     ],
     [
      126.998016,
      37.308523
     ],
     [
      126.997986,
      37.308537
     ],
     [
      126.997908,
      37.308536
     ],
     [
      126.997795,
      37.308535
     ],
     [
      126.997682,
      37.308533
     ],
     [
      126.99757,
      37.308532
     ],
     [
      126.997457,
      37.308531
     ],
     [
      126.997344,
      37.30853
     ],
     [
      126.997231,
      37.308529
     ],
     [
      126.997118,
      37.308527
     ],
     [
      126.997006,
      37.308526
     ],
     [
      126.996893,
      37.308525
     ],
     [
      126.99678,
      37.308524
     ],
     [
      126.996667,
      37.308522
     ],
     [
      126.996555,
      37.308521
     ],
     [
      126.996442,
      37.30852
     ],
     [
      126.996329,
      37.308519
     ],
     [
      126.996216,
      37.308518
     ],
     [
      126.996103,
      37.308516
     ],
     [
      126.995991,
      37.308515
     ],
     [
      126.995878,
      37.308514
     ],
     [
      126.995765,
      37.308513
     ],
     [
      126.995652,
      37.308512
     ],
     [
      126.995539,
      37.30851
     ],
     [
      126.995427,
      37.308509
     ],
     [
      126.995328,
      37.308508
     ],
     [
      126.995369,
      37.308551
     ],
     [
      126.995438,
      37.308622
     ],
     [
      126.995507,
      37.308694
     ],
     [
      126.995576,
      37.308765
     ],
     [
      126.995645,
      37.308836
     ],
     [
      126.995714,
      37.308908
     ],
     [
      126.995783,
      37.308979
     ],
     [
      126.995851,
      37.30905
     ],
     [
      126.99592,
      37.309122
     ],
     [
      126.995989,
      37.309193
     ],
     [
      126.996058,
      37.309265
     ],
     [
      126.996127,
      37.309336
     ],
     [
      126.996196,
      37.309407
     ],
     [
      126.996265,
      37.309479
     ],
     [
      126.996196,
      37.309407
     ],
     [
      126.996127,
      37.309336
     ],
     [
      126.996058,
      37.309265
     ],
     [
      126.995989,
      37.309193
     ],
     [
      126.99592,
      37.309122
     ],
     [
      126.995851,
      37.30905
     ],
     [
      126.995783,
      37.308979
     ],
     [
      126.995714,
      37.308908
     ],
     [
      126.995645,
      37.308836
     ],
     [
      126.995576,
      37.308765
     ],
     [
      126.995507,
      37.308694
     ],
     [
      126.995438,
      37.308622
     ],
     [
      126.995369,
      37.308551
     ],
     [
      126.995328,
      37.308508
     ],
     [
      126.995302,
      37.308579
     ],
     [
      126.99527,
      37.308666
     ],
     [
      126.995239,
      37.308752
     ],
     [
      126.995207,
      37.308839
     ],
     [
      126.995175,
      37.308925
     ],
     [
      126.995144,
      37.309012
     ],
     [
      126.995112,
      37.309098
     ],
     [
      126.995081,
      37.309185
     ],
     [
      126.995049,
      37.309271
     ],
     [
      126.995017,
      37.309358
     ],
     [
      126.994986,
      37.309444
     ],
     [
      126.994954,
      37.309531
     ],
     [
      126.994923,
      37.309617
     ],
     [
      126.994891,
      37.309704
     ],
     [
      126.994859,
      37.30979
     ],
     [
      126.994828,
      37.309877
     ],
     [
      126.994796,
      37.309963
     ],
     [
      126.994765,
      37.31005
     ],
     [
      126.994733,
      37.310136
     ],
     [
      126.994702,
      37.310223
     ],
     [
      126.99467,
      37.310309
     ],
     [
      126.994638,
      37.310396
     ],
     [
      126.994607,
      37.310482
     ],
     [
      126.994583,
      37.310546
     ],
     [
      126.994569,
      37.310567
     ],
     [
      126.994516,
      37.310646
     ],
     [
      126.994462,
      37.310726
     ],
     [
      126.994409,
      37.310805
     ],
     [
      126.994355,
      37.310884
     ],
     [
      126.994302,
      37.310964
     ],
     [
      126.994248,
      37.311043
     ],
     [
      126.994194,
      37.311122
     ],
     [
      126.994141,
      37.311201
     ],
     [
      126.994087,
      37.311281
     ],
     [
      126.994034,
      37.31136
     ],
     [
      126.99398,
      37.311439
     ],
     [
      126.993926,
      37.311519
     ],
     [
      126.993873,
      37.311598
     ],
     [
      126.993819,
      37.311677
     ],
     [
      126.993766,
      37.311756
     ],
     [
      126.993712,
      37.311836
     ],
     [
      126.993659,
      37.311915
     ],
     [
      126.993605,
      37.311994
     ],
     [
      126.993551,
      37.312074
     ],
     [
      126.993498,
      37.312153
     ],
     [
      126.993444,
      37.312232
     ],
     [
      126.993391,
      37.312311
     ],
     [
      126.993378,
      37.31233
     ],
     [
      126.993314,
      37.312376
     ],
     [
      126.99323,
      37.312436
     ],
     [
      126.993146,
      37.312497
     ],
     [
      126.993062,
      37.312557
     ],
     [
      126.992978,
      37.312617
     ],
     [
      126.992895,
      37.312677
     ],
     [
      126.992811,
      37.312738
     ],
     [
      126.992727,
      37.312798
     ],
     [
      126.992643,
      37.312858
     ],
     [
      126.992559,
      37.312919
     ],
     [
      126.992475,
      37.312979
     ],
     [
      126.992391,
      37.313039
     ],
     [
      126.992308,
      37.313099
     ],
     [
      126.992224,
      37.31316
     ],
     [
      126.99214,
      37.31322
     ],
     [
      126.992056,
      37.31328
     ],
     [
      126.991972,
      37.31334
     ],
     [
      126.99196,
      37.313349
     ],
     [
      126.991923,
      37.31342
     ],
     [
      126.99188,
      37.313504
     ],
     [
      126.991836,
      37.313587
     ],
     [
      126.991793,
      37.31367
     ],
     [
      126.991749,
      37.313753
     ],
     [
      126.991706,
      37.313836
     ],
     [
      126.991663,
      37.313919
     ],
     [
      126.991619,
      37.314003
     ],
     [
      126.991606,
      37.314028
     ],
     [
      126.991555,
      37.314076
     ],
     [
      126.991482,
      37.314144
     ],
     [
      126.991409,
      37.314213
     ],
     [
      126.991336,
      37.314282
     ],
     [
      126.991263,
      37.31435
     ],
     [
      126.99119,
      37.314419
     ],
     [
      126.991117,
      37.314488
     ],
     [
      126.991044,
      37.314556
     ],
     [
      126.991003,
      37.314594
     ],
     [
      126.990979,
      37.31463
     ],
     [
      126.990925,
      37.314708
     ],
     [
      126.99087,
      37.314787
     ],
     [
      126.990816,
      37.314866
     ],
     [
      126.990762,
      37.314945
     ],
     [
      126.990707,
      37.315024
     ],
     [
      126.990653,
      37.315103
     ],
     [
      126.990598,
      37.315182
     ],
     [
      126.990544,
      37.315261
     ],
     [
      126.99049,
      37.31534
     ],
     [
      126.990435,
      37.315419
     ],
     [
      126.990381,
      37.315498
     ],
     [
      126.990327,
      37.315577
     ],
     [
      126.990272,
      37.315656
     ],
     [
      126.990218,
      37.315735
     ],
     [
      126.990163,
      37.315814
     ],
     [
      126.990109,
      37.315893
     ],
     [
      126.990055,
      37.315972
     ],
     [
      126.99,
      37.316051
     ],
     [
      126.989946,
      37.316129
     ],
     [
      126.989892,
      37.316208
     ],
     [
      126.989837,
      37.316287
     ],
     [
      126.989833,
      37.316293
     ],
     [
      126.989762,
      37.316354
     ],
     [
      126.989685,
      37.31642
     ],
     [
      126.989608,
      37.316486
     ],
     [
      126.989531,
      37.316552
     ],
     [
      126.989454,
      37.316617
     ],
     [
      126.989377,
      37.316683
     ],
     [
      126.9893,
      37.316749
     ],
     [
      126.989223,
      37.316815
     ],
     [
      126.989146,
      37.316881
     ],
     [
      126.989069,
      37.316947
     ],
     [
      126.988992,
      37.317012
     ],
     [
      126.988915,
      37.317078
     ],
     [
      126.988837,
      37.317144
     ],
     [
      126.98876,
      37.31721
     ],
     [
      126.988683,
      37.317276
     ],
     [
      126.988606,
      37.317342
     ],
     [
      126.988529,
      37.317407
     ],
     [
      126.988452,
      37.317473
     ],
     [
      126.988375,
      37.317539
     ],
     [
      126.988298,
      37.317605
     ],
     [
      126.988221,
      37.317671
     ],
     [
      126.988144,
      37.317737
     ],
     [
      126.988067,
      37.317802
     ],
     [
      126.988009,
      37.317852
     ],
     [
      126.98801,
      37.317859
     ],
     [
      126.988033,
      37.317947
     ],
     [
      126.988055,
      37.318036
     ],
     [
      126.988077,
      37.318124
     ],
     [
      126.988099,
      37.318212
     ],
     [
      126.988121,
      37.318301
     ],
     [
      126.988122,
      37.318306
     ],
     [
      126.988131,
      37.31839
     ],
     [
      126.98814,
      37.31848
     ],
     [
      126.988149,
      37.31857
     ],
     [
      126.988158,
      37.31866
     ],
     [
      126.988167,
      37.31875
     ],
     [
      126.988176,
      37.318839
     ],
     [
      126.988184,
      37.318929
     ],
     [
      126.988193,
      37.319019
     ],
     [
      126.988202,
      37.319109
     ],
     [
      126.988211,
      37.319199
     ],
     [
      126.98822,
      37.319289
     ],
     [
      126.988229,
      37.319378
     ],
     [
      126.988238,
      37.319468
     ],
     [
      126.988247,
      37.319558
     ],
     [
      126.988251,
      37.31959
     ],
     [
      126.988291,
      37.319638
     ],
     [
      126.988353,
      37.319713
     ],
     [
      126.988416,
      37.319788
     ],
     [
      126.988478,
      37.319863
     ],
     [
      126.988541,
      37.319938
     ],
     [
      126.988603,
      37.320013
     ],
     [
      126.988666,
      37.320088
     ],
     [
      126.988728,
      37.320163
     ],
     [
      126.988791,
      37.320238
     ],
     [
      126.988853,
      37.320313
     ],
     [
      126.988893,
      37.320361
     ],
     [
      126.988899,
      37.320394
     ],
     [
      126.988914,
      37.320483
     ],
     [
      126.98893,
      37.320572
     ],
     [
      126.988945,
      37.320661
     ],
     [
      126.988961,
      37.320751
     ],
     [
      126.988976,
      37.32084
     ],
     [
      126.988992,
      37.320929
     ],
     [
      126.989007,
      37.321018
     ],
     [
      126.989023,
      37.321108
     ],
     [
      126.989038,
      37.321197
     ],
     [
      126.989054,
      37.321286
     ],
     [
      126.989069,
      37.321375
     ],
     [
      126.989085,
      37.321465
     ],
     [
      126.9891,
      37.321554
     ],
     [
      126.989116,
      37.321643
     ],
     [
      126.989131,
      37.321732
     ],
     [
      126.989147,
      37.321822
     ],
     [
      126.98915,
      37.321839
     ],
     [
      126.989158,
      37.321911
     ],
     [
      126.989168,
      37.322001
     ],
     [
      126.989178,
      37.322091
     ],
     [
      126.989188,
      37.32218
     ],
     [
      126.989198,
      37.32227
     ],
     [
      126.989208,
      37.32236
     ],
     [
      126.989218,
      37.32245
     ],
     [
      126.989228,
      37.322539
     ],
     [
      126.989238,
      37.322629
     ],
     [
      126.989248,
      37.322719
     ],
     [
      126.989258,
      37.322809
     ],
     [
      126.989268,
      37.322898
     ],
     [
      126.989278,
      37.322988
     ],
     [
      126.989288,
      37.323078
     ],
     [
      126.989298,
      37.323168
     ],
     [
      126.989308,
      37.323257
     ],
     [
      126.989318,
      37.323347
     ],
     [
      126.989328,
      37.323437
     ],
     [
      126.989337,
      37.323527
     ],
     [
      126.989343,
      37.323573
     ],
     [
      126.989309,
      37.323607
     ],
     [
      126.989238,
      37.323678
     ],
     [
      126.989168,
      37.323748
     ],
     [
      126.989097,
      37.323818
     ],
     [
      126.989027,
      37.323889
     ],
     [
      126.988957,
      37.323959
     ],
     [
      126.988886,
      37.32403
     ],
     [
      126.988816,
      37.3241
     ],
     [
      126.988745,
      37.32417
     ],
     [
      126.9887,
      37.324215
     ],
     [
      126.988681,
      37.324244
     ],
     [
      126.988626,
      37.324323
     ],
     [
      126.988571,
      37.324402
     ],
     [
      126.988517,
      37.32448
     ],
     [
      126.988462,
      37.324559
     ],
     [
      126.988408,
      37.324638
     ],
     [
      126.988353,
      37.324717
     ],
     [
      126.988298,
      37.324796
     ],
     [
      126.988244,
      37.324875
     ],
     [
      126.988189,
      37.324954
     ],
     [
      126.988135,
      37.325032
     ],
     [
      126.98808,
      37.325111
     ],
     [
      126.988026,
      37.32519
     ],
     [
      126.987971,
      37.325269
     ],
     [
      126.987916,
      37.325348
     ],
     [
      126.987862,
      37.325427
     ],
     [
      126.987807,
      37.325506
     ],
     [
      126.987753,
      37.325584
     ],
     [
      126.987698,
      37.325663
     ],
     [
      126.987643,
      37.325742
     ],
     [
      126.987589,
      37.325821
     ],
     [
      126.987544,
      37.325886
     ],
     [
      126.987537,
      37.325901
     ],
     [
      126.987497,
      37.325985
     ],
     [
      126.987456,
      37.326069
     ],
     [
      126.987416,
      37.326153
     ],
     [
      126.987376,
      37.326237
     ],
     [
      126.987335,
      37.326322
     ],
     [
      126.987295,
      37.326406
     ],
     [
      126.987255,
      37.32649
     ],
     [
      126.987215,
      37.326574
     ],
     [
      126.987174,
      37.326658
     ],
     [
      126.987134,
      37.326742
     ],
     [
      126.987094,
      37.326827
     ],
     [
      126.987054,
      37.326911
     ],
     [
      126.987013,
      37.326995
     ],
     [
      126.986973,
      37.327079
     ],
     [
      126.986933,
      37.327163
     ],
     [
      126.986893,
      37.327248
     ],
     [
      126.986852,
      37.327332
     ],
     [
      126.986837,
      37.327363
     ],
     [
      126.986772,
      37.327385
     ],
     [
      126.986669,
      37.327421
     ],
     [
      126.986565,
      37.327457
     ],
     [
      126.986462,
      37.327492
     ],
     [
      126.986358,
      37.327528
     ],
     [
      126.986254,
      37.327564
     ],
     [
      126.986151,
      37.327599
     ],
     [
      126.986047,
      37.327635
     ],
     [
      126.985943,
      37.32767
     ],
     [
      126.98584,
      37.327706
     ],
     [
      126.985736,
      37.327742
     ],
     [
      126.985632,
      37.327777
     ],
     [
      126.985529,
      37.327813
     ],
     [
      126.985425,
      37.327849
     ],
     [
      126.985322,
      37.327884
     ],
     [
      126.985218,
      37.32792
     ],
     [
      126.985114,
      37.327955
     ],
     [
      126.985011,
      37.327991
     ],
     [
      126.984907,
      37.328027
     ],
     [
      126.984803,
      37.328062
     ],
     [
      126.984782,
      37.32807
     ],
     [
      126.984758,
      37.328139
     ],
     [
      126.984728,
      37.328225
     ],
     [
      126.984698,
      37.328312
     ],
     [
      126.984668,
      37.328399
     ],
     [
      126.984638,
      37.328486
     ],
     [
      126.984608,
      37.328573
     ],
     [
      126.984578,
      37.32866
     ],
     [
      126.984548,
      37.328747
     ],
     [
      126.984518,
      37.328834
     ],
     [
      126.984488,
      37.32892
     ],
     [
      126.984459,
      37.329007
     ],
     [
      126.984429,
      37.329094
     ],
     [
      126.984399,
      37.329181
     ],
     [
      126.984369,
      37.329268
     ],
     [
      126.984339,
      37.329355
     ],
     [
      126.984309,
      37.329442
     ],
     [
      126.984279,
      37.329528
     ],
     [
      126.984249,
      37.329615
     ],
     [
      126.984219,
      37.329702
     ],
     [
      126.984189,
      37.329789
     ],
     [
      126.984159,
      37.329876
     ],
     [
      126.984139,
      37.329933
     ],
     [
      126.98412,
      37.32996
     ],
     [
      126.984065,
      37.330038
     ],
     [
      126.984009,
      37.330117
     ],
     [
      126.983954,
      37.330195
     ],
     [
      126.983899,
      37.330274
     ],
     [
      126.983843,
      37.330352
     ],
     [
      126.983788,
      37.330431
     ],
     [
      126.983732,
      37.330509
     ],
     [
      126.983677,
      37.330588
     ],
     [
      126.983622,
      37.330666
     ],
     [
      126.983566,
      37.330745
     ],
     [
      126.983511,
      37.330823
     ],
     [
      126.983455,
      37.330902
     ],
     [
      126.9834,
      37.33098
     ],
     [
      126.983369,
      37.331025
     ],
     [
      126.983347,
      37.33106
     ],
     [
      126.983296,
      37.33114
     ],
     [
      126.983246,
      37.331221
     ],
     [
      126.983196,
      37.331302
     ],
     [
      126.983145,
      37.331382
     ],
     [
      126.983095,
      37.331463
     ],
     [
      126.983044,
      37.331543
     ],
     [
      126.982994,
      37.331624
     ],
     [
      126.982944,
      37.331705
     ],
     [
      126.982893,
      37.331785
     ],
     [
      126.982843,
      37.331866
     ],
     [
      126.982792,
      37.331947
     ],
     [
      126.982742,
      37.332027
     ],
     [
      126.982726,
      37.332052
     ],
     [
      126.98267,
      37.332095
     ],
     [
      126.982589,
      37.332158
     ],
     [
      126.982508,
      37.33222
     ],
     [
      126.982427,
      37.332283
     ],
     [
      126.982345,
      37.332345
     ],
     [
      126.982264,
      37.332408
     ],
     [
      126.982183,
      37.33247
     ],
     [
      126.982102,
      37.332533
     ],
     [
      126.98202,
      37.332595
     ],
     [
      126.981939,
      37.332658
     ],
     [
      126.981891,
      37.332695
     ],
     [
      126.981876,
      37.33273
     ],
     [
      126.981838,
      37.332815
     ],
     [
      126.9818,
      37.3329
     ],
     [
      126.981762,
      37.332984
     ],
     [
      126.981725,
      37.333069
     ],
     [
      126.981687,
      37.333154
     ],
     [
      126.981649,
      37.333239
     ],
     [
      126.981612,
      37.333324
     ],
     [
      126.981574,
      37.333409
     ],
     [
      126.981536,
      37.333494
     ],
     [
      126.981498,
      37.333579
     ],
     [
      126.981461,
      37.333664
     ],
     [
      126.981423,
      37.333749
     ],
     [
      126.981385,
      37.333834
     ],
     [
      126.981377,
      37.333851
     ],
     [
      126.981349,
      37.333919
     ],
     [
      126.981314,
      37.334005
     ],
     [
      126.981279,
      37.33409
     ],
     [
      126.981244,
      37.334176
     ],
     [
      126.981209,
      37.334262
     ],
     [
      126.981174,
      37.334347
     ],
     [
      126.981139,
      37.334433
     ],
     [
      126.981104,
      37.334519
     ],
     [
      126.981069,
      37.334604
     ],
     [
      126.981034,
      37.33469
     ],
     [
      126.980999,
      37.334776
     ],
     [
      126.980964,
      37.334861
     ],
     [
      126.980929,
      37.334947
     ],
     [
      126.980894,
      37.335033
     ],
     [
      126.980859,
      37.335118
     ],
     [
      126.980824,
      37.335204
     ],
     [
      126.980799,
      37.335264
     ],
     [
      126.980775,
      37.335345
     ],
     [
      126.980749,
      37.335432
     ],
     [
      126.980723,
      37.33552
     ],
     [
      126.980697,
      37.335607
     ],
     [
      126.980671,
      37.335695
     ],
     [
      126.980645,
      37.335783
     ],
     [
      126.980618,
      37.33587
     ],
     [
      126.980592,
      37.335958
     ],
     [
      126.980566,
      37.336046
     ],
     [
      126.98054,
      37.336133
     ],
     [
      126.980514,
      37.336221
     ],
     [
      126.980488,
      37.336309
     ],
     [
      126.980468,
      37.336375
     ],
     [
      126.980462,
      37.336396
     ],
     [
      126.980435,
      37.336484
     ],
     [
      126.980409,
      37.336572
     ],
     [
      126.980396,
      37.336617
     ],
     [
      126.98038,
      37.336659
     ],
     [
      126.980346,
      37.336745
     ],
     [
      126.980312,
      37.336831
     ],
     [
      126.980279,
      37.336917
     ],
     [
      126.980245,
      37.337003
     ],
     [
      126.980211,
      37.337089
     ],
     [
      126.980178,
      37.337175
     ],
     [
      126.980144,
      37.337261
     ],
     [
      126.98011,
      37.337347
     ],
     [
      126.980077,
      37.337433
     ],
     [
      126.980043,
      37.337519
     ],
     [
      126.980009,
      37.337605
     ],
     [
      126.979976,
      37.337691
     ],
     [
      126.979942,
      37.337777
     ],
     [
      126.97991,
      37.337858
     ],
     [
      126.979909,
      37.337863
     ],
     [
      126.979883,
      37.33795
     ],
     [
      126.979858,
      37.338038
     ],
     [
      126.979832,
      37.338126
     ],
     [
      126.979807,
      37.338214
     ],
     [
      126.979781,
      37.338302
     ],
     [
      126.979756,
      37.338389
     ],
     [
      126.97973,
      37.338477
     ],
     [
      126.979705,
      37.338565
     ],
     [
      126.97968,
      37.338653
     ],
     [
      126.979654,
      37.33874
     ],
     [
      126.979629,
      37.338828
     ],
     [
      126.979603,
      37.338916
     ],
     [
      126.979578,
      37.339004
     ],
     [
      126.979552,
      37.339092
     ],
     [
      126.979527,
      37.339179
     ],
     [
      126.979501,
      37.339267
     ],
     [
      126.979476,
      37.339355
     ],
     [
      126.97945,
      37.339443
     ],
     [
      126.979425,
      37.33953
     ],
     [
      126.979399,
      37.339618
     ],
     [
      126.979374,
      37.339706
     ],
     [
      126.979348,
      37.339794
     ],
     [
      126.979332,
      37.33985
     ],
     [
      126.979313,
      37.339879
     ],
     [
      126.979262,
      37.339959
     ],
     [
      126.979211,
      37.340039
     ],
     [
      126.97916,
      37.34012
     ],
     [
      126.979109,
      37.3402
     ],
     [
      126.979058,
      37.34028
     ],
     [
      126.979007,
      37.340361
     ],
     [
      126.978956,
      37.340441
     ],
     [
      126.978905,
      37.340521
     ],
     [
      126.978853,
      37.340602
     ],
     [
      126.978802,
      37.340682
     ],
     [
      126.978751,
      37.340762
     ],
     [
      126.9787,
      37.340843
     ],
     [
      126.978649,
      37.340923
     ],
     [
      126.978598,
      37.341003
     ],
     [
      126.978547,
      37.341084
     ],
     [
      126.978496,
      37.341164
     ],
     [
      126.978444,
      37.341244
     ],
     [
      126.978433,
      37.341263
     ],
     [
      126.978388,
      37.341322
     ],
     [
      126.97833,
      37.3414
     ],
     [
      126.978272,
      37.341477
     ],
     [
      126.978214,
      37.341554
     ],
     [
      126.978156,
      37.341632
     ],
     [
      126.978098,
      37.341709
     ],
     [
      126.97804,
      37.341786
     ],
     [
      126.977982,
      37.341864
     ],
     [
      126.977924,
      37.341941
     ],
     [
      126.977866,
      37.342018
     ],
     [
      126.977808,
      37.342095
     ],
     [
      126.97775,
      37.342173
     ],
     [
      126.977692,
      37.34225
     ],
     [
      126.977634,
      37.342327
     ],
     [
      126.977576,
      37.342405
     ],
     [
      126.977518,
      37.342482
     ],
     [
      126.97746,
      37.342559
     ],
     [
      126.977402,
      37.342637
     ],
     [
      126.977345,
      37.342714
     ],
     [
      126.977287,
      37.342791
     ],
     [
      126.977276,
      37.342805
     ],
     [
      126.977226,
      37.342867
     ],
     [
      126.977164,
      37.342943
     ],
     [
      126.977103,
      37.343018
     ],
     [
      126.977041,
      37.343094
     ],
     [
      126.97698,
      37.343169
     ],
     [
      126.976919,
      37.343245
     ],
     [
      126.976857,
      37.343321
     ],
     [
      126.976796,
      37.343396
     ],
     [
      126.976734,
      37.343472
     ],
     [
      126.976673,
      37.343547
     ],
     [
      126.976612,
      37.343623
     ],
     [
      126.97655,
      37.343699
     ],
     [
      126.976489,
      37.343774
     ],
     [
      126.976441,
      37.343832
     ],
     [
      126.976429,
      37.34385
     ],
     [
      126.976374,
      37.343929
     ],
     [
      126.976319,
      37.344008
     ],
     [
      126.976264,
      37.344087
     ],
     [
      126.97621,
      37.344166
     ],
     [
      126.976155,
      37.344244
     ],
     [
      126.9761,
      37.344323
     ],
     [
      126.976045,
      37.344402
     ],
     [
      126.97599,
      37.344481
     ],
     [
      126.975936,
      37.344559
     ],
     [
      126.975881,
      37.344638
     ],
     [
      126.975826,
      37.344717
     ],
     [
      126.975771,
      37.344796
     ],
     [
      126.975716,
      37.344874
     ],
     [
      126.975662,
      37.344953
     ],
     [
      126.975607,
      37.345032
     ],
     [
      126.975552,
      37.345111
     ],
     [
      126.975497,
      37.34519
     ],
     [
      126.975442,
      37.345268
     ],
     [
      126.975414,
      37.34531
     ],
     [
      126.975398,
      37.345351
     ],
     [
      126.975366,
      37.345437
     ],
     [
      126.975334,
      37.345524
     ],
     [
      126.975302,
      37.34561
     ],
     [
      126.97527,
      37.345696
     ],
     [
      126.975238,
      37.345783
     ],
     [
      126.975206,
      37.345869
     ],
     [
      126.975174,
      37.345956
     ],
     [
      126.975142,
      37.346042
     ],
     [
      126.97511,
      37.346128
     ],
     [
      126.975078,
      37.346215
     ],
     [
      126.975046,
      37.346301
     ],
     [
      126.975014,
      37.346388
     ],
     [
      126.974982,
      37.346474
     ],
     [
      126.97495,
      37.34656
     ],
     [
      126.974918,
      37.346647
     ],
     [
      126.974886,
      37.346733
     ],
     [
      126.974854,
      37.34682
     ],
     [
      126.974822,
      37.346906
     ],
     [
      126.97479,
      37.346992
     ],
     [
      126.974771,
      37.347044
     ],
     [
      126.974762,
      37.347079
     ],
     [
      126.974738,
      37.347167
     ],
     [
      126.974714,
      37.347256
     ],
     [
      126.97469,
      37.347344
     ],
     [
      126.974666,
      37.347432
     ],
     [
      126.974642,
      37.34752
     ],
     [
      126.974618,
      37.347608
     ],
     [
      126.974594,
      37.347696
     ],
     [
      126.97457,
      37.347784
     ],
     [
      126.974546,
      37.347872
     ],
     [
      126.974522,
      37.34796
     ],
     [
      126.974497,
      37.348048
     ],
     [
      126.974473,
      37.348136
     ],
     [
      126.974449,
      37.348224
     ],
     [
      126.974425,
      37.348312
     ],
     [
      126.974401,
      37.3484
     ],
     [
      126.974386,
      37.348458
     ],
     [
      126.974382,
      37.348445
     ],
     [
      126.974354,
      37.348358
     ],
     [
      126.974326,
      37.34827
     ],
     [
      126.974299,
      37.348183
     ],
     [
      126.974271,
      37.348096
     ],
     [
      126.974243,
      37.348008
     ],
     [
      126.974216,
      37.347921
     ],
     [
      126.974188,
      37.347834
     ],
     [
      126.974169,
      37.347775
     ],
     [
      126.974159,
      37.347742
     ],
     [
      126.974131,
      37.347655
     ],
     [
      126.974104,
      37.347567
     ],
     [
      126.974076,
      37.34748
     ],
     [
      126.974048,
      37.347393
     ],
     [
      126.974021,
      37.347305
     ],
     [
      126.973993,
      37.347218
     ],
     [
      126.973965,
      37.347131
     ],
     [
      126.973938,
      37.347043
     ],
     [
      126.97391,
      37.346956
     ],
     [
      126.973908,
      37.34695
     ],
     [
      126.973845,
      37.346883
     ],
     [
      126.973776,
      37.346811
     ],
     [
      126.973708,
      37.346739
     ],
     [
      126.97364,
      37.346668
     ],
     [
      126.973572,
      37.346596
     ],
     [
      126.973504,
      37.346524
     ],
     [
      126.973435,
      37.346452
     ],
     [
      126.973367,
      37.34638
     ],
     [
      126.973299,
      37.346309
     ],
     [
      126.973231,
      37.346237
     ],
     [
      126.973163,
      37.346165
     ],
     [
      126.973128,
      37.346129
     ],
     [
      126.973095,
      37.346093
     ],
     [
      126.973027,
      37.346021
     ],
     [
      126.972959,
      37.345949
     ],
     [
      126.972891,
      37.345877
     ],
     [
      126.972823,
      37.345805
     ],
     [
      126.972755,
      37.345733
     ],
     [
      126.972688,
      37.345661
     ],
     [
      126.97262,
      37.345589
     ],
     [
      126.972552,
      37.345517
     ],
     [
      126.972484,
      37.345445
     ],
     [
      126.972416,
      37.345373
     ],
     [
      126.972348,
      37.345301
     ],
     [
      126.97228,
      37.345229
     ],
     [
      126.972212,
      37.345157
     ],
     [
      126.972145,
      37.345085
     ],
     [
      126.972077,
      37.345013
     ],
     [
      126.972009,
      37.344941
     ],
     [
      126.971941,
      37.344869
     ],
     [
      126.971873,
      37.344797
     ],
     [
      126.971805,
      37.344725
     ],
     [
      126.971737,
      37.344653
     ],
     [
      126.97167,
      37.344581
     ],
     [
      126.971602,
      37.344509
     ],
     [
      126.971534,
      37.344437
     ],
     [
      126.971466,
      37.344365
     ],
     [
      126.971398,
      37.344293
     ],
     [
      126.97133,
      37.344221
     ],
     [
      126.971262,
      37.344149
     ],
     [
      126.971194,
      37.344077
     ],
     [
      126.971127,
      37.344005
     ],
     [
      126.97039,
      37.34441
     ],
     [
      126.971127,
      37.344005
     ],
     [
      126.971194,
      37.344077
     ],
     [
      126.971262,
      37.344149
     ],
     [
      126.97133,
      37.344221
     ],
     [
      126.971398,
      37.344293
     ],
     [
      126.971466,
      37.344365
     ],
     [
      126.971534,
      37.344437
     ],
     [
      126.971602,
      37.344509
     ],
     [
      126.97167,
      37.344581
     ],
     [
      126.971737,
      37.344653
     ],
     [
      126.971805,
      37.344725
     ],
     [
      126.971873,
      37.344797
     ],
     [
      126.971941,
      37.344869
     ],
     [
      126.972009,
      37.344941
     ],
     [
      126.972077,
      37.345013
     ],
     [
      126.972145,
      37.345085
     ],
     [
      126.972212,
      37.345157
     ],
     [
      126.97228,
      37.345229
     ],
     [
      126.972348,
      37.345301
     ],
     [
      126.972416,
      37.345373
     ],
     [
      126.972484,
      37.345445
     ],
     [
      126.972552,
      37.345517
     ],
     [
      126.97262,
      37.345589
     ],
     [
      126.972688,
      37.345661
     ],
     [
      126.972755,
      37.345733
     ],
     [
      126.972823,
      37.345805
     ],
     [
      126.972891,
      37.345877
     ],
     [
      126.972959,
      37.345949
     ],
     [
      126.973027,
      37.346021
     ],
     [
      126.973095,
      37.346093
     ],
     [
      126.973128,
      37.346129
     ],
     [
      126.973163,
      37.346165
     ],
     [
      126.973231,
      37.346237
     ],
     [
      126.973299,
      37.346309
     ],
     [
      126.973367,
      37.34638
     ],
     [
      126.973435,
      37.346452
     ],
     [
      126.973504,
      37.346524
     ],
     [
      126.973572,
      37.346596
     ],
     [
      126.97364,
      37.346668
     ],
     [
      126.973708,
      37.346739
     ],
     [
      126.973776,
      37.346811
     ],
     [
      126.973845,
      37.346883
     ],
     [
      126.973908,
      37.34695
     ],
     [
      126.97391,
      37.346956
     ],
     [
      126.973938,
      37.347043
     ],
     [
      126.973965,
      37.347131
     ],
     [
      126.973993,
      37.347218
     ],
     [
      126.974021,
      37.347305
     ],
     [
      126.974048,
      37.347393
     ],
     [
      126.974076,
      37.34748
     ],
     [
      126.974104,
      37.347567
     ],
     [
      126.974131,
      37.347655
     ],
     [
      126.974159,
      37.347742
     ],
     [
      126.974169,
      37.347775
     ],
     [
      126.974188,
      37.347834
     ],
     [
      126.974216,
      37.347921
     ],
     [
      126.974243,
      37.348008
     ],
     [
      126.974271,
      37.348096
     ],
     [
      126.974299,
      37.348183
     ],
     [
      126.974326,
      37.34827
     ],
     [
      126.974354,
      37.348358
     ],
     [
      126.974382,
      37.348445
     ],
     [
      126.974386,
      37.348458
     ],
     [
      126.974387,
      37.348487
     ],
     [
      126.97439,
      37.348577
     ],
     [
      126.974393,
      37.348667
     ],
     [
      126.974396,
      37.348757
     ],
     [
      126.974399,
      37.348847
     ],
     [
      126.974402,
      37.348937
     ],
     [
      126.974405,
      37.349027
     ],
     [
      126.974409,
      37.349118
     ],
     [
      126.974412,
      37.349208
     ],
     [
      126.974415,
      37.349298
     ],
     [
      126.974418,
      37.349388
     ],
     [
      126.974421,
      37.349478
     ],
     [
      126.974424,
      37.349568
     ],
     [
      126.974427,
      37.349658
     ],
     [
      126.97443,
      37.349748
     ],
     [
      126.974433,
      37.349838
     ],
     [
      126.974436,
      37.349928
     ],
     [
      126.97444,
      37.350018
     ],
     [
      126.97444,
      37.350032
     ],
     [
      126.974442,
      37.350077
     ],
     [
      126.974445,
      37.350167
     ],
     [
      126.974448,
      37.350257
     ],
     [
      126.97445,
      37.35032
     ],
     [
      126.974438,
      37.350346
     ],
     [
      126.974398,
      37.35043
     ],
     [
      126.974358,
      37.350514
     ],
     [
      126.974318,
      37.350598
     ],
     [
      126.974278,
      37.350683
     ],
     [
      126.974238,
      37.350767
     ],
     [
      126.974197,
      37.350851
     ],
     [
      126.974157,
      37.350935
     ],
     [
      126.974117,
      37.351019
     ],
     [
      126.974077,
      37.351104
     ],
     [
      126.974037,
      37.351188
     ],
     [
      126.973997,
      37.351272
     ],
     [
      126.973957,
      37.351356
     ],
     [
      126.973917,
      37.351441
     ],
     [
      126.973877,
      37.351525
     ],
     [
      126.973836,
      37.351609
     ],
     [
      126.973808,
      37.351669
     ],
     [
      126.973788,
      37.35169
     ],
     [
      126.973719,
      37.351761
     ],
     [
      126.97365,
      37.351832
     ],
     [
      126.97358,
      37.351903
     ],
     [
      126.973511,
      37.351974
     ],
     [
      126.973442,
      37.352045
     ],
     [
      126.973373,
      37.352116
     ],
     [
      126.973303,
      37.352188
     ],
     [
      126.973234,
      37.352259
     ],
     [
      126.973165,
      37.35233
     ],
     [
      126.973096,
      37.352401
     ],
     [
      126.973027,
      37.352472
     ],
     [
      126.972957,
      37.352543
     ],
     [
      126.972888,
      37.352615
     ],
     [
      126.972819,
      37.352686
     ],
     [
      126.97275,
      37.352757
     ],
     [
      126.97268,
      37.352828
     ],
     [
      126.972611,
      37.352899
     ],
     [
      126.972542,
      37.35297
     ],
     [
      126.972473,
      37.353042
     ],
     [
      126.972403,
      37.353113
     ],
     [
      126.972334,
      37.353184
     ],
     [
      126.972265,
      37.353255
     ],
     [
      126.972196,
      37.353326
     ],
     [
      126.972126,
      37.353397
     ],
     [
      126.972057,
      37.353469
     ],
     [
      126.971988,
      37.35354
     ],
     [
      126.971919,
      37.353611
     ],
     [
      126.97185,
      37.353682
     ],
     [
      126.97178,
      37.353753
     ],
     [
      126.971711,
      37.353824
     ],
     [
      126.971642,
      37.353895
     ],
     [
      126.971573,
      37.353967
     ],
     [
      126.971503,
      37.354038
     ],
     [
      126.971495,
      37.354046
     ],
     [
      126.971423,
      37.354101
     ],
     [
      126.97134,
      37.354162
     ],
     [
      126.971258,
      37.354224
     ],
     [
      126.971176,
      37.354286
     ],
     [
      126.971094,
      37.354347
     ],
     [
      126.971011,
      37.354409
     ],
     [
      126.970929,
      37.354471
     ],
     [
      126.970847,
      37.354532
     ],
     [
      126.970765,
      37.354594
     ],
     [
      126.970682,
      37.354656
     ],
     [
      126.9706,
      37.354718
     ],
     [
      126.970518,
      37.354779
     ],
     [
      126.970436,
      37.354841
     ],
     [
      126.970353,
      37.354903
     ],
     [
      126.970271,
      37.354964
     ],
     [
      126.970219,
      37.355003
     ],
     [
      126.970166,
      37.355043
     ],
     [
      126.970083,
      37.355105
     ],
     [
      126.970001,
      37.355167
     ],
     [
      126.969919,
      37.355229
     ],
     [
      126.969836,
      37.35529
     ],
     [
      126.969754,
      37.355352
     ],
     [
      126.969672,
      37.355414
     ],
     [
      126.96959,
      37.355475
     ],
     [
      126.969507,
      37.355537
     ],
     [
      126.969425,
      37.355599
     ],
     [
      126.969343,
      37.35566
     ],
     [
      126.969261,
      37.355722
     ],
     [
      126.969178,
      37.355784
     ],
     [
      126.969096,
      37.355846
     ],
     [
      126.969014,
      37.355907
     ],
     [
      126.968932,
      37.355969
     ],
     [
      126.968849,
      37.356031
     ],
     [
      126.968767,
      37.356092
     ],
     [
      126.968685,
      37.356154
     ],
     [
      126.968603,
      37.356216
     ],
     [
      126.96852,
      37.356277
     ],
     [
      126.968438,
      37.356339
     ],
     [
      126.968412,
      37.356359
     ],
     [
      126.968359,
      37.356403
     ],
     [
      126.968281,
      37.356469
     ],
     [
      126.968204,
      37.356534
     ],
     [
      126.968126,
      37.356599
     ],
     [
      126.968048,
      37.356665
     ],
     [
      126.967971,
      37.35673
     ],
     [
      126.967893,
      37.356796
     ],
     [
      126.967815,
      37.356861
     ],
     [
      126.967738,
      37.356926
     ],
     [
      126.96766,
      37.356992
     ],
     [
      126.967582,
      37.357057
     ],
     [
      126.967505,
      37.357123
     ],
     [
      126.967427,
      37.357188
     ],
     [
      126.967349,
      37.357253
     ],
     [
      126.967272,
      37.357319
     ],
     [
      126.967194,
      37.357384
     ],
     [
      126.967116,
      37.35745
     ],
     [
      126.967039,
      37.357515
     ],
     [
      126.966961,
      37.35758
     ],
     [
      126.966884,
      37.357646
     ],
     [
      126.966806,
      37.357711
     ],
     [
      126.966728,
      37.357777
     ],
     [
      126.966651,
      37.357842
     ],
     [
      126.966573,
      37.357907
     ],
     [
      126.966495,
      37.357973
     ],
     [
      126.966418,
      37.358038
     ],
     [
      126.96634,
      37.358104
     ],
     [
      126.966262,
      37.358169
     ],
     [
      126.966185,
      37.358234
     ],
     [
      126.966107,
      37.3583
     ],
     [
      126.966029,
      37.358365
     ],
     [
      126.965971,
      37.358414
     ],
     [
      126.965951,
      37.35843
     ],
     [
      126.965869,
      37.358492
     ],
     [
      126.965787,
      37.358553
     ],
     [
      126.965705,
      37.358615
     ],
     [
      126.965623,
      37.358677
     ],
     [
      126.965541,
      37.358739
     ],
     [
      126.965459,
      37.358801
     ],
     [
      126.965377,
      37.358863
     ],
     [
      126.965295,
      37.358925
     ],
     [
      126.965213,
      37.358987
     ],
     [
      126.965131,
      37.359049
     ],
     [
      126.965049,
      37.359111
     ],
     [
      126.964967,
      37.359173
     ],
     [
      126.964885,
      37.359235
     ],
     [
      126.964803,
      37.359297
     ],
     [
      126.964721,
      37.359358
     ],
     [
      126.964639,
      37.35942
     ],
     [
      126.964557,
      37.359482
     ],
     [
      126.964475,
      37.359544
     ],
     [
      126.964393,
      37.359606
     ],
     [
      126.964311,
      37.359668
     ],
     [
      126.964229,
      37.35973
     ],
     [
      126.964147,
      37.359792
     ],
     [
      126.964065,
      37.359854
     ],
     [
      126.963983,
      37.359916
     ],
     [
      126.963901,
      37.359978
     ],
     [
      126.963819,
      37.36004
     ],
     [
      126.963737,
      37.360101
     ],
     [
      126.963655,
      37.360163
     ],
     [
      126.963573,
      37.360225
     ],
     [
      126.963491,
      37.360287
     ],
     [
      126.963409,
      37.360349
     ],
     [
      126.963327,
      37.360411
     ],
     [
      126.963245,
      37.360473
     ],
     [
      126.963163,
      37.360535
     ],
     [
      126.963081,
      37.360597
     ],
     [
      126.962999,
      37.360659
     ],
     [
      126.962917,
      37.360721
     ],
     [
      126.962835,
      37.360783
     ],
     [
      126.962823,
      37.360791
     ],
     [
      126.962757,
      37.360848
     ],
     [
      126.962679,
      37.360914
     ],
     [
      126.962602,
      37.360979
     ],
     [
      126.962525,
      37.361045
     ],
     [
      126.962448,
      37.361111
     ],
     [
      126.962371,
      37.361176
     ],
     [
      126.962293,
      37.361242
     ],
     [
      126.962216,
      37.361308
     ],
     [
      126.962139,
      37.361374
     ],
     [
      126.962062,
      37.361439
     ],
     [
      126.961985,
      37.361505
     ],
     [
      126.961907,
      37.361571
     ],
     [
      126.96183,
      37.361636
     ],
     [
      126.961753,
      37.361702
     ],
     [
      126.961676,
      37.361768
     ],
     [
      126.961598,
      37.361834
     ],
     [
      126.961529,
      37.361893
     ],
     [
      126.961455,
      37.361955
     ],
     [
      126.961378,
      37.362021
     ],
     [
      126.961301,
      37.362087
     ],
     [
      126.961224,
      37.362153
     ],
     [
      126.961146,
      37.362218
     ],
     [
      126.961069,
      37.362284
     ],
     [
      126.960992,
      37.36235
     ],
     [
      126.960915,
      37.362416
     ],
     [
      126.960837,
      37.362481
     ],
     [
      126.96076,
      37.362547
     ],
     [
      126.960683,
      37.362613
     ],
     [
      126.960606,
      37.362678
     ],
     [
      126.960529,
      37.362744
     ],
     [
      126.960451,
      37.36281
     ],
     [
      126.960374,
      37.362876
     ],
     [
      126.960297,
      37.362941
     ],
     [
      126.96022,
      37.363007
     ],
     [
      126.960142,
      37.363073
     ],
     [
      126.960065,
      37.363138
     ],
     [
      126.959988,
      37.363204
     ],
     [
      126.959911,
      37.36327
     ],
     [
      126.959834,
      37.363336
     ],
     [
      126.959804,
      37.363361
     ],
     [
      126.959758,
      37.363402
     ],
     [
      126.959683,
      37.36347
     ],
     [
      126.959608,
      37.363537
     ],
     [
      126.959533,
      37.363605
     ],
     [
      126.959459,
      37.363672
     ],
     [
      126.959384,
      37.36374
     ],
     [
      126.959309,
      37.363807
     ],
     [
      126.959234,
      37.363875
     ],
     [
      126.95916,
      37.363942
     ],
     [
      126.959085,
      37.36401
     ],
     [
      126.95901,
      37.364077
     ],
     [
      126.958935,
      37.364145
     ],
     [
      126.95886,
      37.364212
     ],
     [
      126.958786,
      37.36428
     ],
     [
      126.958711,
      37.364347
     ],
     [
      126.958636,
      37.364415
     ],
     [
      126.958561,
      37.364482
     ],
     [
      126.958486,
      37.36455
     ],
     [
      126.958412,
      37.364617
     ],
     [
      126.958337,
      37.364685
     ],
     [
      126.958262,
      37.364752
     ],
     [
      126.958187,
      37.36482
     ],
     [
      126.958113,
      37.364887
     ],
     [
      126.958038,
      37.364955
     ],
     [
      126.957963,
      37.365022
     ],
     [
      126.957888,
      37.36509
     ],
     [
      126.957813,
      37.365157
     ],
     [
      126.957739,
      37.365225
     ],
     [
      126.957664,
      37.365292
     ],
     [
      126.957589,
      37.36536
     ],
     [
      126.957514,
      37.365427
     ],
     [
      126.957439,
      37.365495
     ],
     [
      126.957365,
      37.365562
     ],
     [
      126.95729,
      37.36563
     ],
     [
      126.957215,
      37.365697
     ],
     [
      126.95717,
      37.365738
     ],
     [
      126.957145,
      37.365768
     ],
     [
      126.957082,
      37.365842
     ],
     [
      126.957019,
      37.365917
     ],
     [
      126.956956,
      37.365992
     ],
     [
      126.956894,
      37.366067
     ],
     [
      126.956831,
      37.366142
     ],
     [
      126.956768,
      37.366217
     ],
     [
      126.956705,
      37.366291
     ],
     [
      126.956642,
      37.366366
     ],
     [
      126.956579,
      37.366441
     ],
     [
      126.956516,
      37.366516
     ],
     [
      126.956454,
      37.366591
     ],
     [
      126.956391,
      37.366666
     ],
     [
      126.956328,
      37.366741
     ],
     [
      126.956265,
      37.366815
     ],
     [
      126.956202,
      37.36689
     ],
     [
      126.956139,
      37.366965
     ],
     [
      126.956134,
      37.366971
     ],
     [
      126.956115,
      37.366994
     ],
     [
      126.956052,
      37.367069
     ],
     [
      126.955989,
      37.367143
     ],
     [
      126.955927,
      37.367218
     ],
     [
      126.955864,
      37.367293
     ],
     [
      126.955821,
      37.367344
     ],
     [
      126.955793,
      37.367363
     ],
     [
      126.955708,
      37.367421
     ],
     [
      126.955622,
      37.36748
     ],
     [
      126.955536,
      37.367539
     ],
     [
      126.955451,
      37.367597
     ],
     [
      126.955365,
      37.367656
     ],
     [
      126.955279,
      37.367715
     ],
     [
      126.955193,
      37.367773
     ],
     [
      126.955108,
      37.367832
     ],
     [
      126.955022,
      37.36789
     ],
     [
      126.954936,
      37.367949
     ],
     [
      126.954851,
      37.368008
     ],
     [
      126.954765,
      37.368066
     ],
     [
      126.954679,
      37.368125
     ],
     [
      126.954593,
      37.368184
     ],
     [
      126.954508,
      37.368242
     ],
     [
      126.954422,
      37.368301
     ],
     [
      126.954336,
      37.36836
     ],
     [
      126.954251,
      37.368418
     ],
     [
      126.954165,
      37.368477
     ],
     [
      126.954079,
      37.368536
     ],
     [
      126.953993,
      37.368594
     ],
     [
      126.953908,
      37.368653
     ],
     [
      126.953822,
      37.368711
     ],
     [
      126.953736,
      37.36877
     ],
     [
      126.953651,
      37.368829
     ],
     [
      126.953565,
      37.368887
     ],
     [
      126.953479,
      37.368946
     ],
     [
      126.953394,
      37.369005
     ],
     [
      126.95338,
      37.369014
     ],
     [
      126.953304,
      37.36906
     ],
     [
      126.953214,
      37.369114
     ],
     [
      126.953124,
      37.369169
     ],
     [
      126.953035,
      37.369223
     ],
     [
      126.952945,
      37.369278
     ],
     [
      126.952855,
      37.369332
     ],
     [
      126.952765,
      37.369387
     ],
     [
      126.952675,
      37.369441
     ],
     [
      126.952585,
      37.369496
     ],
     [
      126.952495,
      37.36955
     ],
     [
      126.952405,
      37.369605
     ],
     [
      126.952315,
      37.369659
     ],
     [
      126.952225,
      37.369714
     ],
     [
      126.952135,
      37.369768
     ],
     [
      126.952046,
      37.369823
     ],
     [
      126.951956,
      37.369877
     ],
     [
      126.951866,
      37.369932
     ],
     [
      126.951776,
      37.369986
     ],
     [
      126.951686,
      37.370041
     ],
     [
      126.951596,
      37.370095
     ],
     [
      126.951506,
      37.37015
     ],
     [
      126.951416,
      37.370204
     ],
     [
      126.951326,
      37.370259
     ],
     [
      126.951261,
      37.370298
     ],
     [
      126.951239,
      37.370316
     ],
     [
      126.951161,
      37.37038
     ],
     [
      126.951082,
      37.370445
     ],
     [
      126.951003,
      37.37051
     ],
     [
      126.950924,
      37.370574
     ],
     [
      126.950846,
      37.370639
     ],
     [
      126.950767,
      37.370703
     ],
     [
      126.950688,
      37.370768
     ],
     [
      126.950609,
      37.370832
     ],
     [
      126.950531,
      37.370897
     ],
     [
      126.950452,
      37.370961
     ],
     [
      126.950373,
      37.371026
     ],
     [
      126.950294,
      37.371091
     ],
     [
      126.950216,
      37.371155
     ],
     [
      126.950137,
      37.37122
     ],
     [
      126.950058,
      37.371284
     ],
     [
      126.949979,
      37.371349
     ],
     [
      126.949957,
      37.371367
     ],
     [
      126.949901,
      37.371413
     ],
     [
      126.949822,
      37.371478
     ],
     [
      126.949752,
      37.371535
     ],
     [
      126.949742,
      37.371542
     ],
     [
      126.949654,
      37.371598
     ],
     [
      126.949567,
      37.371655
     ],
     [
      126.949479,
      37.371712
     ],
     [
      126.949391,
      37.371769
     ],
     [
      126.949304,
      37.371825
     ],
     [
      126.949216,
      37.371882
     ],
     [
      126.949128,
      37.371939
     ],
     [
      126.949041,
      37.371996
     ],
     [
      126.948953,
      37.372052
     ],
     [
      126.948865,
      37.372109
     ],
     [
      126.948778,
      37.372166
     ],
     [
      126.94869,
      37.372223
     ],
     [
      126.948602,
      37.372279
     ],
     [
      126.948514,
      37.372336
     ],
     [
      126.948427,
      37.372393
     ],
     [
      126.948339,
      37.37245
     ],
     [
      126.948251,
      37.372506
     ],
     [
      126.948164,
      37.372563
     ],
     [
      126.948076,
      37.37262
     ],
     [
      126.947988,
      37.372677
     ],
     [
      126.947901,
      37.372733
     ],
     [
      126.947813,
      37.37279
     ],
     [
      126.947725,
      37.372847
     ],
     [
      126.947637,
      37.372904
     ],
     [
      126.94755,
      37.37296
     ],
     [
      126.947462,
      37.373017
     ],
     [
      126.947374,
      37.373074
     ],
     [
      126.947287,
      37.373131
     ],
     [
      126.947199,
      37.373187
     ],
     [
      126.947111,
      37.373244
     ],
     [
      126.947024,
      37.373301
     ],
     [
      126.946936,
      37.373358
     ],
     [
      126.946848,
      37.373414
     ],
     [
      126.946761,
      37.373471
     ],
     [
      126.9467,
      37.37351
     ],
     [
      126.946674,
      37.373529
     ],
     [
      126.946591,
      37.37359
     ],
     [
      126.946508,
      37.373651
     ],
     [
      126.946425,
      37.373712
     ],
     [
      126.946341,
      37.373773
     ],
     [
      126.946258,
      37.373833
     ],
     [
      126.946175,
      37.373894
     ],
     [
      126.946092,
      37.373955
     ],
     [
      126.946008,
      37.374016
     ],
     [
      126.945925,
      37.374077
     ],
     [
      126.945842,
      37.374138
     ],
     [
      126.945759,
      37.374199
     ],
     [
      126.945676,
      37.37426
     ],
     [
      126.945592,
      37.374321
     ],
     [
      126.945509,
      37.374381
     ],
     [
      126.945426,
      37.374442
     ],
     [
      126.945343,
      37.374503
     ],
     [
      126.94526,
      37.374564
     ],
     [
      126.945176,
      37.374625
     ],
     [
      126.945093,
      37.374686
     ],
     [
      126.94501,
      37.374747
     ],
     [
      126.944927,
      37.374808
     ],
     [
      126.944843,
      37.374869
     ],
     [
      126.94476,
      37.37493
     ],
     [
      126.944677,
      37.37499
     ],
     [
      126.944594,
      37.375051
     ],
     [
      126.944511,
      37.375112
     ],
     [
      126.944427,
      37.375173
     ],
     [
      126.944344,
      37.375234
     ],
     [
      126.944261,
      37.375295
     ],
     [
      126.944178,
      37.375356
     ],
     [
      126.944094,
      37.375417
     ],
     [
      126.944066,
      37.375437
     ],
     [
      126.944016,
      37.375481
     ],
     [
      126.943939,
      37.375547
     ],
     [
      126.943863,
      37.375614
     ],
     [
      126.943787,
      37.37568
     ],
     [
      126.94371,
      37.375747
     ],
     [
      126.943634,
      37.375813
     ],
     [
      126.943557,
      37.375879
     ],
     [
      126.943481,
      37.375946
     ],
     [
      126.943405,
      37.376012
     ],
     [
      126.943328,
      37.376078
     ],
     [
      126.943252,
      37.376145
     ],
     [
      126.943175,
      37.376211
     ],
     [
      126.943099,
      37.376277
     ],
     [
      126.943023,
      37.376344
     ],
     [
      126.942946,
      37.37641
     ],
     [
      126.94287,
      37.376476
     ],
     [
      126.942793,
      37.376543
     ],
     [
      126.942717,
      37.376609
     ],
     [
      126.942641,
      37.376675
     ],
     [
      126.942564,
      37.376742
     ],
     [
      126.942488,
      37.376808
     ],
     [
      126.942411,
      37.376874
     ],
     [
      126.942335,
      37.376941
     ],
     [
      126.942259,
      37.377007
     ],
     [
      126.942182,
      37.377073
     ],
     [
      126.942106,
      37.37714
     ],
     [
      126.942029,
      37.377206
     ],
     [
      126.941953,
      37.377272
     ],
     [
      126.941877,
      37.377339
     ],
     [
      126.9418,
      37.377405
     ],
     [
      126.941786,
      37.377417
     ],
     [
      126.941733,
      37.377463
     ],
     [
      126.941657,
      37.37753
     ],
     [
      126.941625,
      37.377557
     ],
     [
      126.941575,
      37.377592
     ],
     [
      126.94149,
      37.377651
     ],
     [
      126.941405,
      37.37771
     ],
     [
      126.941319,
      37.377769
     ],
     [
      126.941234,
      37.377828
     ],
     [
      126.941149,
      37.377887
     ],
     [
      126.941064,
      37.377946
     ],
     [
      126.940978,
      37.378005
     ],
     [
      126.940893,
      37.378064
     ],
     [
      126.940808,
      37.378123
     ],
     [
      126.940722,
      37.378182
     ],
     [
      126.940637,
      37.378241
     ],
     [
      126.940552,
      37.3783
     ],
     [
      126.940467,
      37.378359
     ],
     [
      126.940381,
      37.378418
     ],
     [
      126.940296,
      37.378477
     ],
     [
      126.940211,
      37.378536
     ],
     [
      126.940125,
      37.378595
     ],
     [
      126.94004,
      37.378655
     ],
     [
      126.939955,
      37.378714
     ],
     [
      126.939955,
      37.378714
     ],
     [
      126.939867,
      37.37877
     ],
     [
      126.939778,
      37.378826
     ],
     [
      126.93969,
      37.378882
     ],
     [
      126.939602,
      37.378938
     ],
     [
      126.939514,
      37.378994
     ],
     [
      126.939425,
      37.379051
     ],
     [
      126.939337,
      37.379107
     ],
     [
      126.939249,
      37.379163
     ],
     [
      126.93916,
      37.379219
     ],
     [
      126.939072,
      37.379275
     ],
     [
      126.938984,
      37.379332
     ],
     [
      126.938896,
      37.379388
     ],
     [
      126.938807,
      37.379444
     ],
     [
      126.938719,
      37.3795
     ],
     [
      126.938631,
      37.379556
     ],
     [
      126.938542,
      37.379612
     ],
     [
      126.938542,
      37.379613
     ],
     [
      126.938508,
      37.379698
     ],
     [
      126.938473,
      37.379784
     ],
     [
      126.938439,
      37.37987
     ],
     [
      126.938405,
      37.379955
     ],
     [
      126.93837,
      37.380041
     ],
     [
      126.938336,
      37.380127
     ],
     [
      126.938302,
      37.380213
     ],
     [
      126.938267,
      37.380299
     ],
     [
      126.938233,
      37.380385
     ],
     [
      126.938199,
      37.38047
     ],
     [
      126.938164,
      37.380556
     ],
     [
      126.93813,
      37.380642
     ],
     [
      126.938096,
      37.380728
     ],
     [
      126.938061,
      37.380814
     ],
     [
      126.938027,
      37.3809
     ],
     [
      126.937993,
      37.380986
     ],
     [
      126.937958,
      37.381071
     ],
     [
      126.937924,
      37.381157
     ],
     [
      126.93789,
      37.381243
     ],
     [
      126.937855,
      37.381329
     ],
     [
      126.937821,
      37.381415
     ],
     [
      126.937787,
      37.381501
     ],
     [
      126.937771,
      37.38154
     ],
     [
      126.937745,
      37.381584
     ],
     [
      126.937696,
      37.381665
     ],
     [
      126.937647,
      37.381746
     ],
     [
      126.937598,
      37.381828
     ],
     [
      126.937549,
      37.381909
     ],
     [
      126.937501,
      37.38199
     ],
     [
      126.937452,
      37.382071
     ],
     [
      126.937403,
      37.382153
     ],
     [
      126.937354,
      37.382234
     ],
     [
      126.937306,
      37.382315
     ],
     [
      126.937257,
      37.382397
     ],
     [
      126.937208,
      37.382478
     ],
     [
      126.937193,
      37.382504
     ],
     [
      126.937131,
      37.382541
     ],
     [
      126.937042,
      37.382596
     ],
     [
      126.936952,
      37.38265
     ],
     [
      126.936862,
      37.382705
     ],
     [
      126.936772,
      37.38276
     ],
     [
      126.936683,
      37.382814
     ],
     [
      126.936593,
      37.382869
     ],
     [
      126.936503,
      37.382923
     ],
     [
      126.936413,
      37.382978
     ],
     [
      126.936323,
      37.383033
     ],
     [
      126.936234,
      37.383087
     ],
     [
      126.936144,
      37.383142
     ],
     [
      126.936054,
      37.383197
     ],
     [
      126.935964,
      37.383251
     ],
     [
      126.935875,
      37.383306
     ],
     [
      126.935785,
      37.383361
     ],
     [
      126.935715,
      37.383403
     ],
     [
      126.935709,
      37.383423
     ],
     [
      126.93568,
      37.38351
     ],
     [
      126.935652,
      37.383597
     ],
     [
      126.935623,
      37.383684
     ],
     [
      126.935595,
      37.383771
     ],
     [
      126.935566,
      37.383859
     ],
     [
      126.935538,
      37.383946
     ],
     [
      126.935509,
      37.384033
     ],
     [
      126.935481,
      37.38412
     ],
     [
      126.935452,
      37.384207
     ],
     [
      126.935424,
      37.384294
     ],
     [
      126.935395,
      37.384382
     ],
     [
      126.935366,
      37.384469
     ],
     [
      126.935338,
      37.384556
     ],
     [
      126.935309,
      37.384643
     ],
     [
      126.935281,
      37.38473
     ],
     [
      126.935252,
      37.384817
     ],
     [
      126.935224,
      37.384905
     ],
     [
      126.935195,
      37.384992
     ],
     [
      126.935167,
      37.385079
     ],
     [
      126.935138,
      37.385166
     ],
     [
      126.93511,
      37.385253
     ],
     [
      126.935081,
      37.385341
     ],
     [
      126.935053,
      37.385428
     ],
     [
      126.935024,
      37.385515
     ],
     [
      126.934996,
      37.385602
     ],
     [
      126.934967,
      37.385689
     ],
     [
      126.934938,
      37.385776
     ],
     [
      126.93491,
      37.385864
     ],
     [
      126.934881,
      37.385951
     ],
     [
      126.934853,
      37.386038
     ],
     [
      126.934824,
      37.386125
     ],
     [
      126.934796,
      37.386212
     ],
     [
      126.934767,
      37.3863
     ],
     [
      126.934739,
      37.386387
     ],
     [
      126.93471,
      37.386474
     ],
     [
      126.934682,
      37.386561
     ],
     [
      126.934653,
      37.386648
     ],
     [
      126.934625,
      37.386735
     ],
     [
      126.934596,
      37.386823
     ],
     [
      126.934568,
      37.38691
     ],
     [
      126.934559,
      37.386936
     ],
     [
      126.934533,
      37.386996
     ],
     [
      126.934496,
      37.387081
     ],
     [
      126.934459,
      37.387166
     ],
     [
      126.934422,
      37.387251
     ],
     [
      126.934385,
      37.387336
     ],
     [
      126.934348,
      37.387421
     ],
     [
      126.934311,
      37.387506
     ],
     [
      126.934274,
      37.387591
     ],
     [
      126.934237,
      37.387677
     ],
     [
      126.9342,
      37.387762
     ],
     [
      126.934163,
      37.387847
     ],
     [
      126.934126,
      37.387932
     ],
     [
      126.934089,
      37.388017
     ],
     [
      126.934052,
      37.388102
     ],
     [
      126.934015,
      37.388187
     ],
     [
      126.933978,
      37.388272
     ],
     [
      126.933941,
      37.388358
     ],
     [
      126.933904,
      37.388443
     ],
     [
      126.933867,
      37.388528
     ],
     [
      126.93383,
      37.388613
     ],
     [
      126.933793,
      37.388698
     ],
     [
      126.933756,
      37.388783
     ],
     [
      126.933719,
      37.388868
     ],
     [
      126.933682,
      37.388953
     ],
     [
      126.933645,
      37.389039
     ],
     [
      126.933608,
      37.389124
     ],
     [
      126.933571,
      37.389209
     ],
     [
      126.933534,
      37.389294
     ],
     [
      126.933497,
      37.389379
     ],
     [
      126.93346,
      37.389464
     ],
     [
      126.933423,
      37.389549
     ],
     [
      126.933386,
      37.389634
     ],
     [
      126.933349,
      37.38972
     ],
     [
      126.933312,
      37.389805
     ],
     [
      126.933275,
      37.38989
     ],
     [
      126.933274,
      37.389891
     ],
     [
      126.933213,
      37.389965
     ],
     [
      126.933151,
      37.390041
     ],
     [
      126.93309,
      37.390116
     ],
     [
      126.933028,
      37.390191
     ],
     [
      126.932966,
      37.390267
     ],
     [
      126.932904,
      37.390342
     ],
     [
      126.932842,
      37.390418
     ],
     [
      126.93278,
      37.390493
     ],
     [
      126.932718,
      37.390568
     ],
     [
      126.932657,
      37.390644
     ],
     [
      126.932595,
      37.390719
     ],
     [
      126.932533,
      37.390795
     ],
     [
      126.932471,
      37.39087
     ],
     [
      126.932455,
      37.390889
     ],
     [
      126.932445,
      37.390901
     ],
     [
      126.932384,
      37.390977
     ],
     [
      126.932322,
      37.391052
     ],
     [
      126.93226,
      37.391127
     ],
     [
      126.932198,
      37.391203
     ],
     [
      126.932136,
      37.391278
     ],
     [
      126.932074,
      37.391353
     ],
     [
      126.932012,
      37.391429
     ],
     [
      126.931951,
      37.391504
     ],
     [
      126.931889,
      37.39158
     ],
     [
      126.931827,
      37.391655
     ],
     [
      126.931765,
      37.39173
     ],
     [
      126.931703,
      37.391806
     ],
     [
      126.931641,
      37.391881
     ],
     [
      126.931579,
      37.391957
     ],
     [
      126.931518,
      37.392032
     ],
     [
      126.931456,
      37.392107
     ],
     [
      126.931394,
      37.392183
     ],
     [
      126.931332,
      37.392258
     ],
     [
      126.93127,
      37.392333
     ],
     [
      126.931219,
      37.392396
     ],
     [
      126.931208,
      37.392409
     ],
     [
      126.931147,
      37.392485
     ],
     [
      126.931086,
      37.392561
     ],
     [
      126.931025,
      37.392636
     ],
     [
      126.930964,
      37.392712
     ],
     [
      126.930903,
      37.392788
     ],
     [
      126.930842,
      37.392864
     ],
     [
      126.930781,
      37.39294
     ],
     [
      126.93072,
      37.393015
     ],
     [
      126.930659,
      37.393091
     ],
     [
      126.930598,
      37.393167
     ],
     [
      126.930537,
      37.393243
     ],
     [
      126.930476,
      37.393319
     ],
     [
      126.930415,
      37.393395
     ],
     [
      126.930354,
      37.39347
     ],
     [
      126.930293,
      37.393546
     ],
     [
      126.930232,
      37.393622
     ],
     [
      126.930171,
      37.393698
     ],
     [
      126.93011,
      37.393774
     ],
     [
      126.930049,
      37.393849
     ],
     [
      126.929988,
      37.393925
     ],
     [
      126.929927,
      37.394001
     ],
     [
      126.929866,
      37.394077
     ],
     [
      126.929805,
      37.394153
     ],
     [
      126.929744,
      37.394229
     ],
     [
      126.929683,
      37.394304
     ],
     [
      126.929622,
      37.39438
     ],
     [
      126.929561,
      37.394456
     ],
     [
      126.9295,
      37.394532
     ],
     [
      126.929439,
      37.394608
     ],
     [
      126.929378,
      37.394683
     ],
     [
      126.929317,
      37.394759
     ],
     [
      126.929256,
      37.394835
     ],
     [
      126.929195,
      37.394911
     ],
     [
      126.929134,
      37.394987
     ],
     [
      126.929099,
      37.39503
     ],
     [
      126.929062,
      37.395055
     ],
     [
      126.928975,
      37.395113
     ],
     [
      126.928888,
      37.39517
     ],
     [
      126.928802,
      37.395228
     ],
     [
      126.928715,
      37.395286
     ],
     [
      126.928628,
      37.395344
     ],
     [
      126.928542,
      37.395401
     ],
     [
      126.928455,
      37.395459
     ],
     [
      126.928368,
      37.395517
     ],
     [
      126.928282,
      37.395575
     ],
     [
      126.928195,
      37.395632
     ],
     [
      126.928109,
      37.39569
     ],
     [
      126.928022,
      37.395748
     ],
     [
      126.927935,
      37.395806
     ],
     [
      126.927849,
      37.395864
     ],
     [
      126.927762,
      37.395921
     ],
     [
      126.927675,
      37.395979
     ],
     [
      126.927589,
      37.396037
     ],
     [
      126.927502,
      37.396095
     ],
     [
      126.927415,
      37.396152
     ],
     [
      126.927329,
      37.39621
     ],
     [
      126.927242,
      37.396268
     ],
     [
      126.927155,
      37.396326
     ],
     [
      126.927069,
      37.396384
     ],
     [
      126.926982,
      37.396441
     ],
     [
      126.926895,
      37.396499
     ],
     [
      126.926809,
      37.396557
     ],
     [
      126.926722,
      37.396615
     ],
     [
      126.926635,
      37.396672
     ],
     [
      126.926594,
      37.3967
     ],
     [
      126.926555,
      37.396735
     ],
     [
      126.926479,
      37.396802
     ],
     [
      126.926404,
      37.396869
     ],
     [
      126.926329,
      37.396937
     ],
     [
      126.926254,
      37.397004
     ],
     [
      126.926178,
      37.397071
     ],
     [
      126.926103,
      37.397138
     ],
     [
      126.926028,
      37.397205
     ],
     [
      126.925953,
      37.397273
     ],
     [
      126.925877,
      37.39734
     ],
     [
      126.925802,
      37.397407
     ],
     [
      126.925727,
      37.397474
     ],
     [
      126.925652,
      37.397541
     ],
     [
      126.925576,
      37.397609
     ],
     [
      126.925501,
      37.397676
     ],
     [
      126.925426,
      37.397743
     ],
     [
      126.925351,
      37.39781
     ],
     [
      126.925275,
      37.397877
     ],
     [
      126.9252,
      37.397944
     ],
     [
      126.925125,
      37.398012
     ],
     [
      126.92505,
      37.398079
     ],
     [
      126.924974,
      37.398146
     ],
     [
      126.924899,
      37.398213
     ],
     [
      126.924824,
      37.39828
     ],
     [
      126.924795,
      37.398306
     ],
     [
      126.924757,
      37.398353
     ],
     [
      126.924695,
      37.398428
     ],
     [
      126.924634,
      37.398504
     ],
     [
      126.924572,
      37.398579
     ],
     [
      126.924511,
      37.398655
     ],
     [
      126.924449,
      37.39873
     ],
     [
      126.924388,
      37.398806
     ],
     [
      126.924326,
      37.398882
     ],
     [
      126.924265,
      37.398957
     ],
     [
      126.924203,
      37.399033
     ],
     [
      126.924141,
      37.399108
     ],
     [
      126.924085,
      37.399177
     ],
     [
      126.924026,
      37.39925
     ],
     [
      126.923964,
      37.399326
     ],
     [
      126.923903,
      37.399401
     ],
     [
      126.923841,
      37.399477
     ],
     [
      126.92378,
      37.399552
     ],
     [
      126.923718,
      37.399628
     ],
     [
      126.923657,
      37.399703
     ],
     [
      126.923595,
      37.399779
     ],
     [
      126.923533,
      37.399855
     ],
     [
      126.923472,
      37.39993
     ],
     [
      126.92341,
      37.400006
     ],
     [
      126.923382,
      37.400041
     ],
     [
      126.923344,
      37.400078
     ],
     [
      126.923274,
      37.400149
     ],
     [
      126.923203,
      37.400219
     ],
     [
      126.923133,
      37.40029
     ],
     [
      126.923062,
      37.40036
     ],
     [
      126.922992,
      37.400431
     ],
     [
      126.922921,
      37.400501
     ],
     [
      126.922851,
      37.400571
     ],
     [
      126.92278,
      37.400642
     ],
     [
      126.922759,
      37.400663
     ],
     [
      126.922699,
      37.400723
     ],
     [
      126.922629,
      37.400794
     ],
     [
      126.922558,
      37.400864
     ],
     [
      126.922488,
      37.400934
     ],
     [
      126.922418,
      37.401005
     ],
     [
      126.922347,
      37.401075
     ],
     [
      126.922277,
      37.401146
     ],
     [
      126.922206,
      37.401216
     ],
     [
      126.922136,
      37.401287
     ],
     [
      126.922065,
      37.401357
     ],
     [
      126.921995,
      37.401427
     ],
     [
      126.921925,
      37.401498
     ],
     [
      126.921854,
      37.401568
     ],
     [
      126.921784,
      37.401639
     ],
     [
      126.921713,
      37.401709
     ],
     [
      126.921643,
      37.40178
     ],
     [
      126.921572,
      37.40185
     ],
     [
      126.921502,
      37.40192
     ],
     [
      126.921431,
      37.401991
     ],
     [
      126.921361,
      37.402061
     ],
     [
      126.921291,
      37.402132
     ],
     [
      126.92122,
      37.402202
     ],
     [
      126.92115,
      37.402273
     ],
     [
      126.921079,
      37.402343
     ],
     [
      126.921009,
      37.402414
     ],
     [
      126.920938,
      37.402484
     ],
     [
      126.920868,
      37.402554
     ],
     [
      126.920798,
      37.402625
     ],
     [
      126.920727,
      37.402695
     ],
     [
      126.920657,
      37.402766
     ],
     [
      126.92062,
      37.402803
     ],
     [
      126.920592,
      37.402827
     ],
     [
      126.920537,
      37.402876
     ],
     [
      126.920462,
      37.402944
     ],
     [
      126.920387,
      37.403011
     ],
     [
      126.920312,
      37.403078
     ],
     [
      126.920237,
      37.403145
     ],
     [
      126.920162,
      37.403213
     ],
     [
      126.920087,
      37.40328
     ],
     [
      126.920012,
      37.403347
     ],
     [
      126.919936,
      37.403415
     ],
     [
      126.919861,
      37.403482
     ],
     [
      126.919786,
      37.403549
     ],
     [
      126.919711,
      37.403616
     ],
     [
      126.919636,
      37.403684
     ],
     [
      126.919561,
      37.403751
     ],
     [
      126.919486,
      37.403818
     ],
     [
      126.91941,
      37.403886
     ],
     [
      126.919335,
      37.403953
     ],
     [
      126.91926,
      37.40402
     ],
     [
      126.919185,
      37.404087
     ],
     [
      126.91911,
      37.404155
     ],
     [
      126.919035,
      37.404222
     ],
     [
      126.91896,
      37.404289
     ],
     [
      126.918885,
      37.404356
     ],
     [
      126.918809,
      37.404424
     ],
     [
      126.918734,
      37.404491
     ],
     [
      126.918659,
      37.404558
     ],
     [
      126.918584,
      37.404626
     ],
     [
      126.918509,
      37.404693
     ],
     [
      126.918434,
      37.40476
     ],
     [
      126.918359,
      37.404827
     ],
     [
      126.918284,
      37.404895
     ],
     [
      126.918208,
      37.404962
     ],
     [
      126.918133,
      37.405029
     ],
     [
      126.918058,
      37.405097
     ],
     [
      126.917983,
      37.405164
     ],
     [
      126.917908,
      37.405231
     ],
     [
      126.917833,
      37.405298
     ],
     [
      126.917758,
      37.405366
     ],
     [
      126.917682,
      37.405433
     ],
     [
      126.917607,
      37.4055
     ],
     [
      126.917532,
      37.405567
     ],
     [
      126.917478,
      37.405616
     ],
     [
      126.917461,
      37.405637
     ],
     [
      126.917399,
      37.405712
     ],
     [
      126.917337,
      37.405788
     ],
     [
      126.917275,
      37.405863
     ],
     [
      126.917213,
      37.405938
     ],
     [
      126.917151,
      37.406014
     ],
     [
      126.917089,
      37.406089
     ],
     [
      126.917027,
      37.406164
     ],
     [
      126.916965,
      37.40624
     ],
     [
      126.91772,
      37.40661
     ],
     [
      126.916965,
      37.40624
     ],
     [
      126.916903,
      37.406315
     ],
     [
      126.916842,
      37.406391
     ],
     [
      126.91678,
      37.406466
     ],
     [
      126.916718,
      37.406541
     ],
     [
      126.916656,
      37.406617
     ],
     [
      126.916594,
      37.406692
     ],
     [
      126.916532,
      37.406767
     ],
     [
      126.91647,
      37.406843
     ],
     [
      126.916408,
      37.406918
     ],
     [
      126.916346,
      37.406993
     ],
     [
      126.916284,
      37.407069
     ],
     [
      126.916222,
      37.407144
     ],
     [
      126.91616,
      37.407219
     ],
     [
      126.916099,
      37.407295
     ],
     [
      126.916037,
      37.40737
     ],
     [
      126.915975,
      37.407446
     ],
     [
      126.915913,
      37.407521
     ],
     [
      126.915851,
      37.407596
     ],
     [
      126.915789,
      37.407672
     ],
     [
      126.915727,
      37.407747
     ],
     [
      126.915665,
      37.407822
     ],
     [
      126.915603,
      37.407898
     ],
     [
      126.915541,
      37.407973
     ],
     [
      126.915479,
      37.408048
     ],
     [
      126.915417,
      37.408124
     ],
     [
      126.915355,
      37.408199
     ],
     [
      126.915294,
      37.408274
     ],
     [
      126.915232,
      37.40835
     ],
     [
      126.91517,
      37.408425
     ],
     [
      126.915108,
      37.408501
     ],
     [
      126.915046,
      37.408576
     ],
     [
      126.91502,
      37.408608
     ],
     [
      126.914987,
      37.408653
     ],
     [
      126.914931,
      37.408731
     ],
     [
      126.914874,
      37.408809
     ],
     [
      126.914817,
      37.408887
     ],
     [
      126.914761,
      37.408965
     ],
     [
      126.914704,
      37.409043
     ],
     [
      126.914648,
      37.409121
     ],
     [
      126.914591,
      37.409199
     ],
     [
      126.914535,
      37.409277
     ],
     [
      126.914478,
      37.409355
     ],
     [
      126.914422,
      37.409433
     ],
     [
      126.914365,
      37.409511
     ],
     [
      126.914309,
      37.409589
     ],
     [
      126.914252,
      37.409667
     ],
     [
      126.914196,
      37.409745
     ],
     [
      126.914139,
      37.409823
     ],
     [
      126.914083,
      37.409901
     ],
     [
      126.914026,
      37.409979
     ],
     [
      126.913969,
      37.410057
     ],
     [
      126.913913,
      37.410135
     ],
     [
      126.913856,
      37.410213
     ],
     [
      126.9138,
      37.410291
     ],
     [
      126.913743,
      37.410369
     ],
     [
      126.913687,
      37.410447
     ],
     [
      126.91363,
      37.410525
     ],
     [
      126.913574,
      37.410603
     ],
     [
      126.913517,
      37.410681
     ],
     [
      126.913461,
      37.410759
     ],
     [
      126.913439,
      37.410789
     ],
     [
      126.913413,
      37.41084
     ],
     [
      126.91337,
      37.410924
     ],
     [
      126.913327,
      37.411007
     ],
     [
      126.913284,
      37.41109
     ],
     [
      126.913241,
      37.411174
     ],
     [
      126.913198,
      37.411257
     ],
     [
      126.913155,
      37.41134
     ],
     [
      126.913113,
      37.411424
     ],
     [
      126.91307,
      37.411507
     ],
     [
      126.913027,
      37.41159
     ],
     [
      126.912984,
      37.411674
     ],
     [
      126.912941,
      37.411757
     ],
     [
      126.912898,
      37.411841
     ],
     [
      126.912855,
      37.411924
     ],
     [
      126.912812,
      37.412007
     ],
     [
      126.912806,
      37.412019
     ],
     [
      126.912805,
      37.41202
     ],
     [
      126.912737,
      37.412092
     ],
     [
      126.912669,
      37.412164
     ],
     [
      126.912601,
      37.412236
     ],
     [
      126.912534,
      37.412308
     ],
     [
      126.912466,
      37.41238
     ],
     [
      126.912398,
      37.412452
     ],
     [
      126.91233,
      37.412524
     ],
     [
      126.912262,
      37.412596
     ],
     [
      126.912194,
      37.412668
     ],
     [
      126.912126,
      37.41274
     ],
     [
      126.912058,
      37.412812
     ],
     [
      126.91199,
      37.412884
     ],
     [
      126.911922,
      37.412956
     ],
     [
      126.911854,
      37.413028
     ],
     [
      126.911786,
      37.4131
     ],
     [
      126.911718,
      37.413172
     ],
     [
      126.91165,
      37.413244
     ],
     [
      126.911582,
      37.413316
     ],
     [
      126.911514,
      37.413388
     ],
     [
      126.911446,
      37.41346
     ],
     [
      126.911378,
      37.413532
     ],
     [
      126.91131,
      37.413604
     ],
     [
      126.911242,
      37.413676
     ],
     [
      126.911175,
      37.413748
     ],
     [
      126.911107,
      37.41382
     ],
     [
      126.911039,
      37.413892
     ],
     [
      126.910971,
      37.413964
     ],
     [
      126.910903,
      37.414036
     ],
     [
      126.910835,
      37.414108
     ],
     [
      126.910767,
      37.41418
     ],
     [
      126.910699,
      37.414252
     ],
     [
      126.910659,
      37.414294
     ],
     [
      126.910644,
      37.414311
     ],
     [
      126.910583,
      37.414387
     ],
     [
      126.910521,
      37.414462
     ],
     [
      126.910459,
      37.414538
     ],
     [
      126.910397,
      37.414613
     ],
     [
      126.910335,
      37.414689
     ],
     [
      126.910274,
      37.414764
     ],
     [
      126.910212,
      37.414839
     ],
     [
      126.91015,
      37.414915
     ],
     [
      126.910088,
      37.41499
     ],
     [
      126.910026,
      37.415066
     ],
     [
      126.909965,
      37.415141
     ],
     [
      126.909903,
      37.415217
     ],
     [
      126.909841,
      37.415292
     ],
     [
      126.909779,
      37.415367
     ],
     [
      126.909717,
      37.415443
     ],
     [
      126.909656,
      37.415518
     ],
     [
      126.909594,
      37.415594
     ],
     [
      126.909532,
      37.415669
     ],
     [
      126.90947,
      37.415745
     ],
     [
      126.909409,
      37.41582
     ],
     [
      126.909347,
      37.415895
     ],
     [
      126.909285,
      37.415971
     ],
     [
      126.909224,
      37.416045
     ],
     [
      126.909223,
      37.416046
     ],
     [
      126.909155,
      37.416118
     ],
     [
      126.909087,
      37.41619
     ],
     [
      126.909019,
      37.416262
     ],
     [
      126.908952,
      37.416334
     ],
     [
      126.908884,
      37.416406
     ],
     [
      126.908816,
      37.416478
     ],
     [
      126.908748,
      37.41655
     ],
     [
      126.90868,
      37.416622
     ],
     [
      126.908612,
      37.416694
     ],
     [
      126.908544,
      37.416766
     ],
     [
      126.908476,
      37.416838
     ],
     [
      126.908409,
      37.41691
     ],
     [
      126.908341,
      37.416983
     ],
     [
      126.908273,
      37.417055
     ],
     [
      126.908205,
      37.417127
     ],
     [
      126.908171,
      37.417163
     ],
     [
      126.908152,
      37.417205
     ],
     [
      126.908113,
      37.41729
     ],
     [
      126.908074,
      37.417374
     ],
     [
      126.908036,
      37.417459
     ],
     [
      126.907997,
      37.417544
     ],
     [
      126.907959,
      37.417628
     ],
     [
      126.90792,
      37.417713
     ],
     [
      126.907881,
      37.417798
     ],
     [
      126.907843,
      37.417882
     ],
     [
      126.907804,
      37.417967
     ],
     [
      126.907766,
      37.418052
     ],
     [
      126.907727,
      37.418136
     ],
     [
      126.907689,
      37.418221
     ],
     [
      126.90765,
      37.418306
     ],
     [
      126.907611,
      37.41839
     ],
     [
      126.907573,
      37.418475
     ],
     [
      126.907534,
      37.41856
     ],
     [
      126.907496,
      37.418644
     ],
     [
      126.907457,
      37.418729
     ],
     [
      126.907418,
      37.418814
     ],
     [
      126.90738,
      37.418898
     ],
     [
      126.907341,
      37.418983
     ],
     [
      126.907303,
      37.419068
     ],
     [
      126.907291,
      37.419093
     ],
     [
      126.907249,
      37.419147
     ],
     [
      126.90719,
      37.419223
     ],
     [
      126.907131,
      37.4193
     ],
     [
      126.907071,
      37.419377
     ],
     [
      126.907012,
      37.419453
     ],
     [
      126.906952,
      37.41953
     ],
     [
      126.906893,
      37.419607
     ],
     [
      126.906833,
      37.419683
     ],
     [
      126.906774,
      37.41976
     ],
     [
      126.906715,
      37.419837
     ],
     [
      126.906655,
      37.419913
     ],
     [
      126.906596,
      37.41999
     ],
     [
      126.906536,
      37.420066
     ],
     [
      126.906477,
      37.420143
     ],
     [
      126.906418,
      37.42022
     ],
     [
      126.906358,
      37.420296
     ],
     [
      126.906299,
      37.420373
     ],
     [
      126.906273,
      37.420407
     ],
     [
      126.906237,
      37.420448
     ],
     [
      126.906173,
      37.420523
     ],
     [
      126.906109,
      37.420597
     ],
     [
      126.906045,
      37.420671
     ],
     [
      126.905982,
      37.420746
     ],
     [
      126.905918,
      37.42082
     ],
     [
      126.905854,
      37.420894
     ],
     [
      126.90579,
      37.420969
     ],
     [
      126.905726,
      37.421043
     ],
     [
      126.905662,
      37.421117
     ],
     [
      126.905599,
      37.421192
     ],
     [
      126.905535,
      37.421266
     ],
     [
      126.905471,
      37.42134
     ],
     [
      126.905407,
      37.421415
     ],
     [
      126.905343,
      37.421489
     ],
     [
      126.905279,
      37.421563
     ],
     [
      126.905216,
      37.421638
     ],
     [
      126.905152,
      37.421712
     ],
     [
      126.905088,
      37.421786
     ],
     [
      126.905024,
      37.421861
     ],
     [
      126.90496,
      37.421935
     ],
     [
      126.904896,
      37.42201
     ],
     [
      126.904833,
      37.422084
     ],
     [
      126.904832,
      37.422084
     ],
     [
      126.904795,
      37.422169
     ],
     [
      126.904757,
      37.422254
     ],
     [
      126.90472,
      37.422339
     ],
     [
      126.904682,
      37.422424
     ],
     [
      126.904645,
      37.422509
     ],
     [
      126.904607,
      37.422594
     ],
     [
      126.90457,
      37.422679
     ],
     [
      126.904532,
      37.422764
     ],
     [
      126.904495,
      37.422849
     ],
     [
      126.904457,
      37.422934
     ],
     [
      126.90442,
      37.423019
     ],
     [
      126.904382,
      37.423104
     ],
     [
      126.904345,
      37.423189
     ],
     [
      126.904307,
      37.423274
     ],
     [
      126.90427,
      37.423359
     ],
     [
      126.904232,
      37.423444
     ],
     [
      126.904195,
      37.423529
     ],
     [
      126.904157,
      37.423614
     ],
     [
      126.904129,
      37.423678
     ],
     [
      126.904115,
      37.423697
     ],
     [
      126.904059,
      37.423775
     ],
     [
      126.904002,
      37.423853
     ],
     [
      126.903946,
      37.423931
     ],
     [
      126.90389,
      37.424009
     ],
     [
      126.903833,
      37.424087
     ],
     [
      126.903777,
      37.424165
     ],
     [
      126.90372,
      37.424243
     ],
     [
      126.903664,
      37.424321
     ],
     [
      126.903607,
      37.4244
     ],
     [
      126.903551,
      37.424478
     ],
     [
      126.903495,
      37.424556
     ],
     [
      126.903438,
      37.424634
     ],
     [
      126.903382,
      37.424712
     ],
     [
      126.903325,
      37.42479
     ],
     [
      126.90332,
      37.424797
     ],
     [
      126.903352,
      37.424875
     ],
     [
      126.903386,
      37.424961
     ],
     [
      126.903421,
      37.425047
     ],
     [
      126.903455,
      37.425132
     ],
     [
      126.90349,
      37.425218
     ],
     [
      126.903524,
      37.425304
     ],
     [
      126.903559,
      37.42539
     ],
     [
      126.903593,
      37.425476
     ],
     [
      126.903628,
      37.425561
     ],
     [
      126.903635,
      37.42558
     ],
     [
      126.903685,
      37.425638
     ],
     [
      126.903748,
      37.425713
     ],
     [
      126.903812,
      37.425788
     ],
     [
      126.903875,
      37.425862
     ],
     [
      126.903938,
      37.425937
     ],
     [
      126.904002,
      37.426011
     ],
     [
      126.904065,
      37.426086
     ],
     [
      126.904129,
      37.42616
     ],
     [
      126.904192,
      37.426235
     ],
     [
      126.904231,
      37.42628
     ],
     [
      126.904217,
      37.426314
     ],
     [
      126.904181,
      37.426399
     ],
     [
      126.904145,
      37.426485
     ],
     [
      126.904109,
      37.42657
     ],
     [
      126.904073,
      37.426656
     ],
     [
      126.904037,
      37.426741
     ],
     [
      126.904001,
      37.426826
     ],
     [
      126.903966,
      37.426912
     ],
     [
      126.903949,
      37.426951
     ],
     [
      126.903949,
      37.427
     ],
     [
      126.903949,
      37.42709
     ],
     [
      126.903949,
      37.42718
     ],
     [
      126.903949,
      37.42727
     ],
     [
      126.903949,
      37.42736
     ],
     [
      126.903949,
      37.42745
     ],
     [
      126.903948,
      37.42754
     ],
     [
      126.903948,
      37.427595
     ],
     [
      126.903953,
      37.42763
     ],
     [
      126.903963,
      37.42772
     ],
     [
      126.903974,
      37.42781
     ],
     [
      126.903985,
      37.4279
     ],
     [
      126.903996,
      37.427989
     ],
     [
      126.904006,
      37.428079
     ],
     [
      126.904017,
      37.428169
     ],
     [
      126.904028,
      37.428258
     ],
     [
      126.904039,
      37.428348
     ],
     [
      126.90405,
      37.428438
     ],
     [
      126.904052,
      37.428462
     ],
     [
      126.904047,
      37.428527
     ],
     [
      126.904039,
      37.428617
     ],
     [
      126.904031,
      37.428707
     ],
     [
      126.904023,
      37.428797
     ],
     [
      126.904016,
      37.428887
     ],
     [
      126.904008,
      37.428977
     ],
     [
      126.904,
      37.429067
     ],
     [
      126.903992,
      37.429157
     ],
     [
      126.903984,
      37.429247
     ],
     [
      126.903977,
      37.429336
     ],
     [
      126.903969,
      37.429426
     ],
     [
      126.903961,
      37.429516
     ],
     [
      126.903953,
      37.429606
     ],
     [
      126.903946,
      37.429693
     ],
     [
      126.903945,
      37.429696
     ],
     [
      126.903912,
      37.429782
     ],
     [
      126.903879,
      37.429868
     ],
     [
      126.903847,
      37.429955
     ],
     [
      126.903814,
      37.430041
     ],
     [
      126.903782,
      37.430127
     ],
     [
      126.903749,
      37.430214
     ],
     [
      126.903716,
      37.4303
     ],
     [
      126.903684,
      37.430386
     ],
     [
      126.903651,
      37.430472
     ],
     [
      126.903619,
      37.430559
     ],
     [
      126.903586,
      37.430645
     ],
     [
      126.903554,
      37.430731
     ],
     [
      126.903521,
      37.430817
     ],
     [
      126.903488,
      37.430904
     ],
     [
      126.903456,
      37.43099
     ],
     [
      126.903423,
      37.431076
     ],
     [
      126.903391,
      37.431163
     ],
     [
      126.903358,
      37.431249
     ],
     [
      126.903326,
      37.431335
     ],
     [
      126.903293,
      37.431421
     ],
     [
      126.90326,
      37.431508
     ],
     [
      126.903228,
      37.431594
     ],
     [
      126.903195,
      37.43168
     ],
     [
      126.903163,
      37.431766
     ],
     [
      126.90313,
      37.431853
     ],
     [
      126.903098,
      37.431939
     ],
     [
      126.903065,
      37.432025
     ],
     [
      126.903032,
      37.432112
     ],
     [
      126.903,
      37.432198
     ],
     [
      126.902967,
      37.432284
     ],
     [
      126.902935,
      37.43237
     ],
     [
      126.902902,
      37.432457
     ],
     [
      126.90289,
      37.43249
     ],
     [
      126.90288,
      37.432545
     ],
     [
      126.902864,
      37.432634
     ],
     [
      126.902847,
      37.432723
     ],
     [
      126.902831,
      37.432812
     ],
     [
      126.902815,
      37.432901
     ],
     [
      126.902799,
      37.432991
     ],
     [
      126.902783,
      37.43308
     ],
     [
      126.902767,
      37.433169
     ],
     [
      126.902751,
      37.433258
     ],
     [
      126.902735,
      37.433347
     ],
     [
      126.902719,
      37.433437
     ],
     [
      126.902703,
      37.433526
     ],
     [
      126.902687,
      37.433615
     ],
     [
      126.90267,
      37.433704
     ],
     [
      126.902654,
      37.433793
     ],
     [
      126.902638,
      37.433883
     ],
     [
      126.902622,
      37.433972
     ],
     [
      126.902606,
      37.434061
     ],
     [
      126.90259,
      37.43415
     ],
     [
      126.902574,
      37.434239
     ],
     [
      126.902558,
      37.434328
     ],
     [
      126.902542,
      37.434418
     ],
     [
      126.902526,
      37.434507
     ],
     [
      126.902509,
      37.434596
     ],
     [
      126.902493,
      37.434685
     ],
     [
      126.902477,
      37.434774
     ],
     [
      126.902461,
      37.434864
     ],
     [
      126.902445,
      37.434953
     ],
     [
      126.902429,
      37.435042
     ],
     [
      126.902413,
      37.435131
     ],
     [
      126.902397,
      37.43522
     ],
     [
      126.902381,
      37.435309
     ],
     [
      126.902365,
      37.435399
     ],
     [
      126.90236,
      37.435427
     ],
     [
      126.902354,
      37.435488
     ],
     [
      126.902345,
      37.435578
     ],
     [
      126.902337,
      37.435668
     ],
     [
      126.902328,
      37.435758
     ],
     [
      126.90232,
      37.435848
     ],
     [
      126.902311,
      37.435937
     ],
     [
      126.902303,
      37.436027
     ],
     [
      126.902294,
      37.436117
     ],
     [
      126.902286,
      37.436207
     ],
     [
      126.902277,
      37.436297
     ],
     [
      126.902269,
      37.436387
     ],
     [
      126.90226,
      37.436477
     ],
     [
      126.902252,
      37.436566
     ],
     [
      126.902243,
      37.436656
     ],
     [
      126.902235,
      37.436746
     ],
     [
      126.902226,
      37.436836
     ],
     [
      126.902218,
      37.436926
     ],
     [
      126.902209,
      37.437016
     ],
     [
      126.902201,
      37.437105
     ],
     [
      126.902192,
      37.437195
     ],
     [
      126.902184,
      37.437285
     ],
     [
      126.902175,
      37.437375
     ],
     [
      126.902167,
      37.437465
     ],
     [
      126.902158,
      37.437555
     ],
     [
      126.90215,
      37.437645
     ],
     [
      126.902141,
      37.437734
     ],
     [
      126.902133,
      37.437824
     ],
     [
      126.902124,
      37.437914
     ],
     [
      126.902116,
      37.438004
     ],
     [
      126.902107,
      37.438094
     ],
     [
      126.902099,
      37.438184
     ],
     [
      126.90209,
      37.438273
     ],
     [
      126.902082,
      37.438363
     ],
     [
      126.902073,
      37.438453
     ],
     [
      126.902065,
      37.438543
     ],
     [
      126.902056,
      37.438633
     ],
     [
      126.902048,
      37.438723
     ],
     [
      126.902039,
      37.438811
     ],
     [
      126.90204,
      37.438813
     ],
     [
      126.902055,
      37.438902
     ],
     [
      126.902071,
      37.438991
     ],
     [
      126.902086,
      37.43908
     ],
     [
      126.902102,
      37.43917
     ],
     [
      126.902117,
      37.439259
     ],
     [
      126.902133,
      37.439348
     ],
     [
      126.902148,
      37.439437
     ],
     [
      126.902164,
      37.439527
     ],
     [
      126.902179,
      37.439616
     ],
     [
      126.902195,
      37.439705
     ],
     [
      126.90221,
      37.439794
     ],
     [
      126.902226,
      37.439884
     ],
     [
      126.902241,
      37.439973
     ],
     [
      126.902248,
      37.440015
     ],
     [
      126.902261,
      37.440061
     ],
     [
      126.902285,
      37.440149
     ],
     [
      126.902309,
      37.440238
     ],
     [
      126.902333,
      37.440326
     ],
     [
      126.902357,
      37.440414
     ],
     [
      126.902381,
      37.440502
     ],
     [
      126.902405,
      37.44059
     ],
     [
      126.902429,
      37.440678
     ],
     [
      126.902453,
      37.440766
     ],
     [
      126.902477,
      37.440854
     ],
     [
      126.902501,
      37.440942
     ],
     [
      126.902525,
      37.44103
     ],
     [
      126.902549,
      37.441118
     ],
     [
      126.902573,
      37.441206
     ],
     [
      126.902577,
      37.441221
     ],
     [
      126.902582,
      37.441281
     ],
     [
      126.90259,
      37.441371
     ],
     [
      126.902598,
      37.441461
     ],
     [
      126.902602,
      37.441506
     ],
     [
      126.902609,
      37.441591
     ],
     [
      126.902617,
      37.441681
     ],
     [
      126.902625,
      37.441771
     ],
     [
      126.902633,
      37.44186
     ],
     [
      126.902641,
      37.44195
     ],
     [
      126.902649,
      37.44204
     ],
     [
      126.902657,
      37.44213
     ],
     [
      126.902665,
      37.44222
     ],
     [
      126.902672,
      37.44231
     ],
     [
      126.90268,
      37.4424
     ],
     [
      126.902688,
      37.44249
     ],
     [
      126.902696,
      37.44258
     ],
     [
      126.902704,
      37.442669
     ],
     [
      126.902712,
      37.442759
     ],
     [
      126.90272,
      37.442849
     ],
     [
      126.902728,
      37.442939
     ],
     [
      126.902735,
      37.443029
     ],
     [
      126.902743,
      37.443119
     ],
     [
      126.902751,
      37.443209
     ],
     [
      126.902759,
      37.443299
     ],
     [
      126.902767,
      37.443388
     ],
     [
      126.902775,
      37.443478
     ],
     [
      126.902783,
      37.443568
     ],
     [
      126.902791,
      37.443658
     ],
     [
      126.902799,
      37.443748
     ],
     [
      126.902805,
      37.44382
     ],
     [
      126.902803,
      37.443839
     ],
     [
      126.902795,
      37.443929
     ],
     [
      126.902787,
      37.444019
     ],
     [
      126.902779,
      37.444109
     ],
     [
      126.902771,
      37.444198
     ],
     [
      126.902763,
      37.444288
     ],
     [
      126.902755,
      37.444378
     ],
     [
      126.902747,
      37.444468
     ],
     [
      126.902739,
      37.444558
     ],
     [
      126.902731,
      37.444648
     ],
     [
      126.902723,
      37.444738
     ],
     [
      126.902714,
      37.444828
     ],
     [
      126.902706,
      37.444917
     ],
     [
      126.902698,
      37.445007
     ],
     [
      126.90269,
      37.445097
     ],
     [
      126.902682,
      37.445187
     ],
     [
      126.902674,
      37.445277
     ],
     [
      126.902666,
      37.445367
     ],
     [
      126.902658,
      37.445457
     ],
     [
      126.90265,
      37.445547
     ],
     [
      126.902642,
      37.445636
     ],
     [
      126.902634,
      37.445726
     ],
     [
      126.902627,
      37.445806
     ],
     [
      126.902629,
      37.445816
     ],
     [
      126.902647,
      37.445905
     ],
     [
      126.902665,
      37.445994
     ],
     [
      126.902683,
      37.446083
     ],
     [
      126.902701,
      37.446172
     ],
     [
      126.902719,
      37.446261
     ],
     [
      126.902737,
      37.44635
     ],
     [
      126.902755,
      37.446439
     ],
     [
      126.902773,
      37.446528
     ],
     [
      126.902791,
      37.446617
     ],
     [
      126.902809,
      37.446706
     ],
     [
      126.902827,
      37.446795
     ],
     [
      126.902836,
      37.446841
     ],
     [
      126.902815,
      37.446881
     ],
     [
      126.90277,
      37.446963
     ],
     [
      126.902725,
      37.447046
     ],
     [
      126.90268,
      37.447129
     ],
     [
      126.902635,
      37.447211
     ],
     [
      126.902616,
      37.447246
     ],
     [
      126.902618,
      37.447327
     ],
     [
      126.90262,
      37.447417
     ],
     [
      126.902622,
      37.447507
     ],
     [
      126.902625,
      37.447597
     ],
     [
      126.902627,
      37.447687
     ],
     [
      126.90263,
      37.447777
     ],
     [
      126.902632,
      37.447867
     ],
     [
      126.902634,
      37.447957
     ],
     [
      126.902637,
      37.448048
     ],
     [
      126.902639,
      37.448138
     ],
     [
      126.902641,
      37.448228
     ],
     [
      126.902644,
      37.448318
     ],
     [
      126.902646,
      37.448408
     ],
     [
      126.902647,
      37.448455
     ],
     [
      126.902648,
      37.448498
     ],
     [
      126.902649,
      37.448588
     ],
     [
      126.902651,
      37.448678
     ],
     [
      126.902652,
      37.448768
     ],
     [
      126.902654,
      37.448858
     ],
     [
      126.902655,
      37.448948
     ],
     [
      126.902657,
      37.449039
     ],
     [
      126.902659,
      37.449129
     ],
     [
      126.90266,
      37.449219
     ],
     [
      126.902662,
      37.449309
     ],
     [
      126.902663,
      37.449399
     ],
     [
      126.902664,
      37.449451
     ],
     [
      126.902698,
      37.449477
     ],
     [
      126.902779,
      37.44954
     ],
     [
      126.902861,
      37.449603
     ],
     [
      126.902942,
      37.449665
     ],
     [
      126.903023,
      37.449728
     ],
     [
      126.903105,
      37.44979
     ],
     [
      126.903186,
      37.449853
     ],
     [
      126.903267,
      37.449916
     ],
     [
      126.903348,
      37.449978
     ],
     [
      126.90343,
      37.450041
     ],
     [
      126.903511,
      37.450103
     ],
     [
      126.903592,
      37.450166
     ],
     [
      126.903674,
      37.450228
     ],
     [
      126.903755,
      37.450291
     ],
     [
      126.903836,
      37.450354
     ],
     [
      126.90792,
      37.44965
     ]
    ]
   },
   "properties": {
    "kind": "leg",
    "id": "day7",
    "day": 7,
    "label": "화성행궁 → 시흥행궁 (환궁길)",
    "direction": "inbound",
    "distanceKm": 24.89,
    "pointCount": 2542,
    "via": [
     "haenggung",
     "@jijidae",
     "sageuncham",
     "@manan",
     "siheung"
    ]
   }
  },
  {
   "type": "Feature",
   "geometry": {
    "type": "LineString",
    "coordinates": [
     [
      126.90792,
      37.44965
     ],
     [
      126.903836,
      37.450354
     ],
     [
      126.903872,
      37.450381
     ],
     [
      126.903852,
      37.450429
     ],
     [
      126.903817,
      37.450515
     ],
     [
      126.903781,
      37.4506
     ],
     [
      126.903746,
      37.450686
     ],
     [
      126.90371,
      37.450771
     ],
     [
      126.903675,
      37.450857
     ],
     [
      126.90364,
      37.450942
     ],
     [
      126.903604,
      37.451028
     ],
     [
      126.903569,
      37.451114
     ],
     [
      126.903533,
      37.451199
     ],
     [
      126.903498,
      37.451285
     ],
     [
      126.903463,
      37.45137
     ],
     [
      126.903427,
      37.451456
     ],
     [
      126.903392,
      37.451541
     ],
     [
      126.903356,
      37.451627
     ],
     [
      126.903321,
      37.451713
     ],
     [
      126.903286,
      37.451798
     ],
     [
      126.90325,
      37.451884
     ],
     [
      126.903215,
      37.451969
     ],
     [
      126.90318,
      37.452055
     ],
     [
      126.903144,
      37.45214
     ],
     [
      126.903109,
      37.452226
     ],
     [
      126.903073,
      37.452312
     ],
     [
      126.903048,
      37.452374
     ],
     [
      126.903028,
      37.452393
     ],
     [
      126.902955,
      37.452462
     ],
     [
      126.902882,
      37.452531
     ],
     [
      126.90281,
      37.4526
     ],
     [
      126.902737,
      37.452669
     ],
     [
      126.902664,
      37.452738
     ],
     [
      126.902591,
      37.452806
     ],
     [
      126.902519,
      37.452875
     ],
     [
      126.902446,
      37.452944
     ],
     [
      126.902373,
      37.453013
     ],
     [
      126.902301,
      37.453082
     ],
     [
      126.902228,
      37.453151
     ],
     [
      126.902155,
      37.45322
     ],
     [
      126.902118,
      37.453256
     ],
     [
      126.902066,
      37.45327
     ],
     [
      126.901959,
      37.453299
     ],
     [
      126.901852,
      37.453328
     ],
     [
      126.901745,
      37.453356
     ],
     [
      126.901638,
      37.453385
     ],
     [
      126.90153,
      37.453414
     ],
     [
      126.901423,
      37.453443
     ],
     [
      126.901316,
      37.453472
     ],
     [
      126.901209,
      37.453501
     ],
     [
      126.901102,
      37.453529
     ],
     [
      126.900995,
      37.453558
     ],
     [
      126.900888,
      37.453587
     ],
     [
      126.900781,
      37.453616
     ],
     [
      126.900674,
      37.453645
     ],
     [
      126.900603,
      37.453664
     ],
     [
      126.900565,
      37.453664
     ],
     [
      126.900452,
      37.453663
     ],
     [
      126.900339,
      37.453662
     ],
     [
      126.900226,
      37.453661
     ],
     [
      126.900113,
      37.453661
     ],
     [
      126.9,
      37.45366
     ],
     [
      126.899887,
      37.453659
     ],
     [
      126.899774,
      37.453659
     ],
     [
      126.899661,
      37.453658
     ],
     [
      126.899548,
      37.453657
     ],
     [
      126.899455,
      37.453657
     ],
     [
      126.899446,
      37.453679
     ],
     [
      126.899409,
      37.453764
     ],
     [
      126.899384,
      37.453823
     ],
     [
      126.899374,
      37.45385
     ],
     [
      126.89934,
      37.453936
     ],
     [
      126.899307,
      37.454022
     ],
     [
      126.899274,
      37.454108
     ],
     [
      126.899241,
      37.454194
     ],
     [
      126.899208,
      37.45428
     ],
     [
      126.899175,
      37.454367
     ],
     [
      126.899174,
      37.454369
     ],
     [
      126.899158,
      37.45441
     ],
     [
      126.899125,
      37.454496
     ],
     [
      126.899092,
      37.454582
     ],
     [
      126.899059,
      37.454668
     ],
     [
      126.899025,
      37.454754
     ],
     [
      126.898992,
      37.454841
     ],
     [
      126.898959,
      37.454927
     ],
     [
      126.898926,
      37.455013
     ],
     [
      126.898919,
      37.455031
     ],
     [
      126.898908,
      37.45506
     ],
     [
      126.898875,
      37.455146
     ],
     [
      126.898842,
      37.455232
     ],
     [
      126.898808,
      37.455318
     ],
     [
      126.898775,
      37.455405
     ],
     [
      126.898742,
      37.455491
     ],
     [
      126.898709,
      37.455577
     ],
     [
      126.898676,
      37.455663
     ],
     [
      126.898643,
      37.455749
     ],
     [
      126.89864,
      37.455756
     ],
     [
      126.898639,
      37.455762
     ],
     [
      126.898617,
      37.45585
     ],
     [
      126.898595,
      37.455939
     ],
     [
      126.898573,
      37.456027
     ],
     [
      126.898552,
      37.456115
     ],
     [
      126.89853,
      37.456204
     ],
     [
      126.898508,
      37.456292
     ],
     [
      126.898486,
      37.456381
     ],
     [
      126.898465,
      37.456469
     ],
     [
      126.898443,
      37.456557
     ],
     [
      126.898421,
      37.456646
     ],
     [
      126.898399,
      37.456734
     ],
     [
      126.898378,
      37.456823
     ],
     [
      126.898356,
      37.456911
     ],
     [
      126.898334,
      37.457
     ],
     [
      126.898312,
      37.457088
     ],
     [
      126.898296,
      37.457155
     ],
     [
      126.898295,
      37.457184
     ],
     [
      126.898293,
      37.457274
     ],
     [
      126.898291,
      37.457364
     ],
     [
      126.898288,
      37.457454
     ],
     [
      126.898286,
      37.457544
     ],
     [
      126.898284,
      37.457634
     ],
     [
      126.898282,
      37.457724
     ],
     [
      126.89828,
      37.457814
     ],
     [
      126.898278,
      37.457887
     ],
     [
      126.898269,
      37.457903
     ],
     [
      126.898223,
      37.457985
     ],
     [
      126.898177,
      37.458068
     ],
     [
      126.898131,
      37.45815
     ],
     [
      126.898086,
      37.458232
     ],
     [
      126.89804,
      37.458315
     ],
     [
      126.897994,
      37.458397
     ],
     [
      126.897948,
      37.45848
     ],
     [
      126.897902,
      37.458562
     ],
     [
      126.897857,
      37.458644
     ],
     [
      126.89785,
      37.458656
     ],
     [
      126.897832,
      37.458732
     ],
     [
      126.89781,
      37.45882
     ],
     [
      126.897789,
      37.458909
     ],
     [
      126.897768,
      37.458997
     ],
     [
      126.897746,
      37.459086
     ],
     [
      126.897725,
      37.459174
     ],
     [
      126.897704,
      37.459263
     ],
     [
      126.897682,
      37.459351
     ],
     [
      126.897661,
      37.45944
     ],
     [
      126.89764,
      37.459528
     ],
     [
      126.897618,
      37.459617
     ],
     [
      126.897597,
      37.459705
     ],
     [
      126.897576,
      37.459794
     ],
     [
      126.897554,
      37.459882
     ],
     [
      126.897533,
      37.459971
     ],
     [
      126.897512,
      37.460059
     ],
     [
      126.89749,
      37.460148
     ],
     [
      126.897469,
      37.460236
     ],
     [
      126.897466,
      37.460249
     ],
     [
      126.897425,
      37.460319
     ],
     [
      126.897377,
      37.4604
     ],
     [
      126.897329,
      37.460482
     ],
     [
      126.897281,
      37.460563
     ],
     [
      126.897233,
      37.460645
     ],
     [
      126.897185,
      37.460726
     ],
     [
      126.897136,
      37.460808
     ],
     [
      126.897088,
      37.460889
     ],
     [
      126.89704,
      37.460971
     ],
     [
      126.896992,
      37.461052
     ],
     [
      126.896944,
      37.461134
     ],
     [
      126.896896,
      37.461216
     ],
     [
      126.896848,
      37.461297
     ],
     [
      126.8968,
      37.461379
     ],
     [
      126.896752,
      37.46146
     ],
     [
      126.896703,
      37.461542
     ],
     [
      126.896655,
      37.461623
     ],
     [
      126.896607,
      37.461705
     ],
     [
      126.896559,
      37.461786
     ],
     [
      126.896511,
      37.461868
     ],
     [
      126.896463,
      37.461949
     ],
     [
      126.896415,
      37.462031
     ],
     [
      126.896367,
      37.462112
     ],
     [
      126.896319,
      37.462194
     ],
     [
      126.896271,
      37.462275
     ],
     [
      126.896222,
      37.462357
     ],
     [
      126.896174,
      37.462439
     ],
     [
      126.896126,
      37.46252
     ],
     [
      126.896078,
      37.462602
     ],
     [
      126.89603,
      37.462683
     ],
     [
      126.895982,
      37.462765
     ],
     [
      126.895935,
      37.462844
     ],
     [
      126.895936,
      37.462846
     ],
     [
      126.895973,
      37.462932
     ],
     [
      126.896009,
      37.463017
     ],
     [
      126.896046,
      37.463102
     ],
     [
      126.896082,
      37.463187
     ],
     [
      126.896119,
      37.463273
     ],
     [
      126.896155,
      37.463358
     ],
     [
      126.896192,
      37.463443
     ],
     [
      126.896228,
      37.463529
     ],
     [
      126.896264,
      37.463614
     ],
     [
      126.896301,
      37.463699
     ],
     [
      126.896337,
      37.463784
     ],
     [
      126.896374,
      37.46387
     ],
     [
      126.89641,
      37.463955
     ],
     [
      126.896447,
      37.46404
     ],
     [
      126.896483,
      37.464125
     ],
     [
      126.89652,
      37.464211
     ],
     [
      126.896556,
      37.464296
     ],
     [
      126.896593,
      37.464381
     ],
     [
      126.896629,
      37.464467
     ],
     [
      126.896666,
      37.464552
     ],
     [
      126.896702,
      37.464637
     ],
     [
      126.896739,
      37.464722
     ],
     [
      126.896775,
      37.464808
     ],
     [
      126.896786,
      37.464832
     ],
     [
      126.896787,
      37.464896
     ],
     [
      126.896788,
      37.464986
     ],
     [
      126.89679,
      37.465077
     ],
     [
      126.896791,
      37.465167
     ],
     [
      126.896793,
      37.465257
     ],
     [
      126.896794,
      37.465347
     ],
     [
      126.896796,
      37.465437
     ],
     [
      126.896797,
      37.465527
     ],
     [
      126.896799,
      37.465617
     ],
     [
      126.8968,
      37.465707
     ],
     [
      126.896802,
      37.465797
     ],
     [
      126.896803,
      37.465887
     ],
     [
      126.896805,
      37.465977
     ],
     [
      126.896806,
      37.466068
     ],
     [
      126.896807,
      37.466085
     ],
     [
      126.89679,
      37.466157
     ],
     [
      126.89677,
      37.466245
     ],
     [
      126.89675,
      37.466334
     ],
     [
      126.89673,
      37.466422
     ],
     [
      126.89671,
      37.466511
     ],
     [
      126.89669,
      37.4666
     ],
     [
      126.89667,
      37.466688
     ],
     [
      126.896649,
      37.466777
     ],
     [
      126.896629,
      37.466866
     ],
     [
      126.896609,
      37.466954
     ],
     [
      126.896589,
      37.467043
     ],
     [
      126.896569,
      37.467132
     ],
     [
      126.896549,
      37.46722
     ],
     [
      126.896529,
      37.467309
     ],
     [
      126.896508,
      37.467398
     ],
     [
      126.896488,
      37.467486
     ],
     [
      126.896468,
      37.467575
     ],
     [
      126.896448,
      37.467664
     ],
     [
      126.896428,
      37.467752
     ],
     [
      126.896408,
      37.467841
     ],
     [
      126.8964,
      37.467876
     ],
     [
      126.896409,
      37.46793
     ],
     [
      126.896424,
      37.468019
     ],
     [
      126.896439,
      37.468109
     ],
     [
      126.896454,
      37.468198
     ],
     [
      126.896468,
      37.468287
     ],
     [
      126.896483,
      37.468377
     ],
     [
      126.896498,
      37.468466
     ],
     [
      126.896513,
      37.468555
     ],
     [
      126.896528,
      37.468645
     ],
     [
      126.896543,
      37.468734
     ],
     [
      126.896558,
      37.468823
     ],
     [
      126.896573,
      37.468913
     ],
     [
      126.896587,
      37.469002
     ],
     [
      126.896602,
      37.469091
     ],
     [
      126.896617,
      37.469181
     ],
     [
      126.896632,
      37.46927
     ],
     [
      126.896647,
      37.469359
     ],
     [
      126.896662,
      37.469448
     ],
     [
      126.896677,
      37.469538
     ],
     [
      126.896692,
      37.469627
     ],
     [
      126.896706,
      37.469716
     ],
     [
      126.896721,
      37.469806
     ],
     [
      126.896736,
      37.469895
     ],
     [
      126.896751,
      37.469984
     ],
     [
      126.896766,
      37.470074
     ],
     [
      126.896781,
      37.470163
     ],
     [
      126.896796,
      37.470252
     ],
     [
      126.896811,
      37.470342
     ],
     [
      126.896826,
      37.470431
     ],
     [
      126.89684,
      37.47052
     ],
     [
      126.896855,
      37.47061
     ],
     [
      126.89687,
      37.470699
     ],
     [
      126.896885,
      37.470788
     ],
     [
      126.8969,
      37.470878
     ],
     [
      126.896915,
      37.470967
     ],
     [
      126.89693,
      37.471056
     ],
     [
      126.896945,
      37.471146
     ],
     [
      126.896959,
      37.471235
     ],
     [
      126.896974,
      37.471324
     ],
     [
      126.896989,
      37.471413
     ],
     [
      126.897004,
      37.471503
     ],
     [
      126.897019,
      37.471592
     ],
     [
      126.897034,
      37.471681
     ],
     [
      126.897047,
      37.471762
     ],
     [
      126.897056,
      37.471825
     ],
     [
      126.897068,
      37.471915
     ],
     [
      126.89708,
      37.472004
     ],
     [
      126.897093,
      37.472094
     ],
     [
      126.897105,
      37.472183
     ],
     [
      126.897117,
      37.472273
     ],
     [
      126.897129,
      37.472362
     ],
     [
      126.897142,
      37.472452
     ],
     [
      126.897154,
      37.472542
     ],
     [
      126.897156,
      37.472553
     ],
     [
      126.897155,
      37.472557
     ],
     [
      126.897167,
      37.472646
     ],
     [
      126.897179,
      37.472736
     ],
     [
      126.897191,
      37.472826
     ],
     [
      126.897204,
      37.472915
     ],
     [
      126.897216,
      37.473005
     ],
     [
      126.897228,
      37.473094
     ],
     [
      126.89724,
      37.473184
     ],
     [
      126.897252,
      37.473274
     ],
     [
      126.897264,
      37.473363
     ],
     [
      126.897276,
      37.473453
     ],
     [
      126.897289,
      37.473542
     ],
     [
      126.897301,
      37.473632
     ],
     [
      126.897313,
      37.473721
     ],
     [
      126.897325,
      37.473811
     ],
     [
      126.897337,
      37.473901
     ],
     [
      126.897349,
      37.47399
     ],
     [
      126.897362,
      37.47408
     ],
     [
      126.897374,
      37.474169
     ],
     [
      126.897386,
      37.474259
     ],
     [
      126.897398,
      37.474348
     ],
     [
      126.89741,
      37.474438
     ],
     [
      126.897422,
      37.474528
     ],
     [
      126.897434,
      37.474617
     ],
     [
      126.897447,
      37.474707
     ],
     [
      126.897459,
      37.474796
     ],
     [
      126.897471,
      37.474886
     ],
     [
      126.897483,
      37.474976
     ],
     [
      126.897495,
      37.475065
     ],
     [
      126.897507,
      37.475155
     ],
     [
      126.897508,
      37.475157
     ],
     [
      126.897508,
      37.475158
     ],
     [
      126.897516,
      37.475248
     ],
     [
      126.897524,
      37.475338
     ],
     [
      126.897532,
      37.475428
     ],
     [
      126.89754,
      37.475518
     ],
     [
      126.897549,
      37.475608
     ],
     [
      126.897557,
      37.475697
     ],
     [
      126.897565,
      37.475787
     ],
     [
      126.897573,
      37.475877
     ],
     [
      126.897581,
      37.475967
     ],
     [
      126.897589,
      37.476057
     ],
     [
      126.897598,
      37.476147
     ],
     [
      126.897606,
      37.476237
     ],
     [
      126.897614,
      37.476326
     ],
     [
      126.897622,
      37.476416
     ],
     [
      126.89763,
      37.476506
     ],
     [
      126.897638,
      37.476596
     ],
     [
      126.897647,
      37.476686
     ],
     [
      126.897655,
      37.476776
     ],
     [
      126.897663,
      37.476866
     ],
     [
      126.897671,
      37.476955
     ],
     [
      126.897679,
      37.477045
     ],
     [
      126.897687,
      37.477135
     ],
     [
      126.897696,
      37.477225
     ],
     [
      126.897704,
      37.477315
     ],
     [
      126.897712,
      37.477405
     ],
     [
      126.89772,
      37.477495
     ],
     [
      126.897728,
      37.477585
     ],
     [
      126.897729,
      37.477597
     ],
     [
      126.89773,
      37.477608
     ],
     [
      126.897732,
      37.477698
     ],
     [
      126.897735,
      37.477789
     ],
     [
      126.897737,
      37.477879
     ],
     [
      126.897739,
      37.477969
     ],
     [
      126.897742,
      37.478059
     ],
     [
      126.897744,
      37.478149
     ],
     [
      126.897747,
      37.478239
     ],
     [
      126.897749,
      37.478329
     ],
     [
      126.897752,
      37.478419
     ],
     [
      126.897754,
      37.478509
     ],
     [
      126.897756,
      37.478599
     ],
     [
      126.897759,
      37.478689
     ],
     [
      126.897761,
      37.478779
     ],
     [
      126.897764,
      37.478869
     ],
     [
      126.897766,
      37.47896
     ],
     [
      126.897769,
      37.47905
     ],
     [
      126.897771,
      37.47914
     ],
     [
      126.897773,
      37.47923
     ],
     [
      126.897774,
      37.479261
     ],
     [
      126.897796,
      37.479317
     ],
     [
      126.89783,
      37.479403
     ],
     [
      126.897864,
      37.479489
     ],
     [
      126.897897,
      37.479575
     ],
     [
      126.897931,
      37.479661
     ],
     [
      126.897964,
      37.479747
     ],
     [
      126.897998,
      37.479833
     ],
     [
      126.898032,
      37.479919
     ],
     [
      126.898065,
      37.480005
     ],
     [
      126.898099,
      37.480091
     ],
     [
      126.898132,
      37.480177
     ],
     [
      126.898166,
      37.480264
     ],
     [
      126.8982,
      37.48035
     ],
     [
      126.898233,
      37.480436
     ],
     [
      126.898267,
      37.480522
     ],
     [
      126.898299,
      37.480604
     ],
     [
      126.898302,
      37.480607
     ],
     [
      126.898367,
      37.480681
     ],
     [
      126.898432,
      37.480754
     ],
     [
      126.898498,
      37.480828
     ],
     [
      126.898563,
      37.480901
     ],
     [
      126.898628,
      37.480975
     ],
     [
      126.898694,
      37.481048
     ],
     [
      126.898759,
      37.481122
     ],
     [
      126.898824,
      37.481196
     ],
     [
      126.898889,
      37.481269
     ],
     [
      126.898955,
      37.481343
     ],
     [
      126.89902,
      37.481416
     ],
     [
      126.899085,
      37.48149
     ],
     [
      126.899151,
      37.481563
     ],
     [
      126.899198,
      37.481616
     ],
     [
      126.899214,
      37.481635
     ],
     [
      126.899279,
      37.481708
     ],
     [
      126.899345,
      37.481782
     ],
     [
      126.89941,
      37.481856
     ],
     [
      126.899475,
      37.481929
     ],
     [
      126.89954,
      37.482003
     ],
     [
      126.899606,
      37.482076
     ],
     [
      126.899671,
      37.48215
     ],
     [
      126.899736,
      37.482223
     ],
     [
      126.899802,
      37.482297
     ],
     [
      126.899867,
      37.48237
     ],
     [
      126.899932,
      37.482444
     ],
     [
      126.899997,
      37.482518
     ],
     [
      126.900063,
      37.482591
     ],
     [
      126.900128,
      37.482665
     ],
     [
      126.900193,
      37.482738
     ],
     [
      126.900259,
      37.482812
     ],
     [
      126.900262,
      37.482816
     ],
     [
      126.900349,
      37.482865
     ],
     [
      126.900441,
      37.482918
     ],
     [
      126.900533,
      37.482971
     ],
     [
      126.900624,
      37.483023
     ],
     [
      126.900716,
      37.483076
     ],
     [
      126.900808,
      37.483128
     ],
     [
      126.9009,
      37.483181
     ],
     [
      126.900992,
      37.483234
     ],
     [
      126.901083,
      37.483286
     ],
     [
      126.901175,
      37.483339
     ],
     [
      126.901267,
      37.483391
     ],
     [
      126.901359,
      37.483444
     ],
     [
      126.901451,
      37.483496
     ],
     [
      126.901543,
      37.483549
     ],
     [
      126.901634,
      37.483602
     ],
     [
      126.901726,
      37.483654
     ],
     [
      126.901818,
      37.483707
     ],
     [
      126.90191,
      37.483759
     ],
     [
      126.902002,
      37.483812
     ],
     [
      126.902093,
      37.483865
     ],
     [
      126.902185,
      37.483917
     ],
     [
      126.902277,
      37.48397
     ],
     [
      126.902369,
      37.484022
     ],
     [
      126.902441,
      37.484064
     ],
     [
      126.902431,
      37.484081
     ],
     [
      126.902384,
      37.484163
     ],
     [
      126.902338,
      37.484246
     ],
     [
      126.902291,
      37.484328
     ],
     [
      126.902245,
      37.48441
     ],
     [
      126.902198,
      37.484492
     ],
     [
      126.902151,
      37.484574
     ],
     [
      126.902105,
      37.484656
     ],
     [
      126.902085,
      37.484691
     ],
     [
      126.902101,
      37.48471
     ],
     [
      126.902164,
      37.484784
     ],
     [
      126.902228,
      37.484859
     ],
     [
      126.902292,
      37.484933
     ],
     [
      126.902355,
      37.485008
     ],
     [
      126.902419,
      37.485082
     ],
     [
      126.902483,
      37.485156
     ],
     [
      126.902547,
      37.485231
     ],
     [
      126.90261,
      37.485305
     ],
     [
      126.902674,
      37.48538
     ],
     [
      126.902738,
      37.485454
     ],
     [
      126.902801,
      37.485529
     ],
     [
      126.902865,
      37.485603
     ],
     [
      126.902929,
      37.485678
     ],
     [
      126.902993,
      37.485752
     ],
     [
      126.903056,
      37.485826
     ],
     [
      126.90312,
      37.485901
     ],
     [
      126.903184,
      37.485975
     ],
     [
      126.903247,
      37.48605
     ],
     [
      126.903269,
      37.486074
     ],
     [
      126.903269,
      37.486075
     ],
     [
      126.903284,
      37.486091
     ],
     [
      126.903353,
      37.486162
     ],
     [
      126.903422,
      37.486234
     ],
     [
      126.90349,
      37.486305
     ],
     [
      126.903559,
      37.486377
     ],
     [
      126.903628,
      37.486448
     ],
     [
      126.903697,
      37.48652
     ],
     [
      126.903766,
      37.486591
     ],
     [
      126.903834,
      37.486663
     ],
     [
      126.903903,
      37.486734
     ],
     [
      126.903972,
      37.486806
     ],
     [
      126.904041,
      37.486877
     ],
     [
      126.904109,
      37.486949
     ],
     [
      126.904178,
      37.48702
     ],
     [
      126.904247,
      37.487092
     ],
     [
      126.904316,
      37.487163
     ],
     [
      126.904385,
      37.487235
     ],
     [
      126.904453,
      37.487306
     ],
     [
      126.904522,
      37.487378
     ],
     [
      126.904591,
      37.487449
     ],
     [
      126.90466,
      37.487521
     ],
     [
      126.904729,
      37.487592
     ],
     [
      126.904797,
      37.487664
     ],
     [
      126.904866,
      37.487735
     ],
     [
      126.904927,
      37.487799
     ],
     [
      126.904941,
      37.487815
     ],
     [
      126.905007,
      37.487888
     ],
     [
      126.905072,
      37.487962
     ],
     [
      126.905137,
      37.488036
     ],
     [
      126.905203,
      37.488109
     ],
     [
      126.905268,
      37.488183
     ],
     [
      126.905333,
      37.488256
     ],
     [
      126.905398,
      37.48833
     ],
     [
      126.905417,
      37.48835
     ],
     [
      126.905442,
      37.488379
     ],
     [
      126.905507,
      37.488452
     ],
     [
      126.905572,
      37.488526
     ],
     [
      126.905637,
      37.488599
     ],
     [
      126.905697,
      37.488667
     ],
     [
      126.905701,
      37.488674
     ],
     [
      126.905751,
      37.488755
     ],
     [
      126.9058,
      37.488836
     ],
     [
      126.905849,
      37.488917
     ],
     [
      126.905898,
      37.488998
     ],
     [
      126.905948,
      37.489079
     ],
     [
      126.905997,
      37.48916
     ],
     [
      126.906046,
      37.489241
     ],
     [
      126.906096,
      37.489322
     ],
     [
      126.906145,
      37.489403
     ],
     [
      126.906194,
      37.489485
     ],
     [
      126.906243,
      37.489566
     ],
     [
      126.906293,
      37.489647
     ],
     [
      126.906342,
      37.489728
     ],
     [
      126.906391,
      37.489809
     ],
     [
      126.906441,
      37.48989
     ],
     [
      126.90649,
      37.489971
     ],
     [
      126.906539,
      37.490052
     ],
     [
      126.906588,
      37.490133
     ],
     [
      126.906638,
      37.490214
     ],
     [
      126.906687,
      37.490295
     ],
     [
      126.906736,
      37.490377
     ],
     [
      126.906786,
      37.490458
     ],
     [
      126.906835,
      37.490539
     ],
     [
      126.906884,
      37.49062
     ],
     [
      126.906922,
      37.490682
     ],
     [
      126.906938,
      37.490698
     ],
     [
      126.907009,
      37.490769
     ],
     [
      126.90708,
      37.490839
     ],
     [
      126.90715,
      37.490909
     ],
     [
      126.907221,
      37.49098
     ],
     [
      126.907292,
      37.49105
     ],
     [
      126.907362,
      37.491121
     ],
     [
      126.907433,
      37.491191
     ],
     [
      126.907503,
      37.491261
     ],
     [
      126.907574,
      37.491332
     ],
     [
      126.907645,
      37.491402
     ],
     [
      126.907715,
      37.491472
     ],
     [
      126.907786,
      37.491543
     ],
     [
      126.907856,
      37.491613
     ],
     [
      126.907927,
      37.491684
     ],
     [
      126.907998,
      37.491754
     ],
     [
      126.908068,
      37.491824
     ],
     [
      126.908139,
      37.491895
     ],
     [
      126.90821,
      37.491965
     ],
     [
      126.90828,
      37.492035
     ],
     [
      126.908351,
      37.492106
     ],
     [
      126.908421,
      37.492176
     ],
     [
      126.908469,
      37.492224
     ],
     [
      126.908504,
      37.492266
     ],
     [
      126.908567,
      37.492341
     ],
     [
      126.908629,
      37.492416
     ],
     [
      126.908691,
      37.492491
     ],
     [
      126.908754,
      37.492566
     ],
     [
      126.908816,
      37.492642
     ],
     [
      126.908879,
      37.492717
     ],
     [
      126.908941,
      37.492792
     ],
     [
      126.909003,
      37.492867
     ],
     [
      126.909066,
      37.492942
     ],
     [
      126.909128,
      37.493017
     ],
     [
      126.909191,
      37.493092
     ],
     [
      126.909253,
      37.493167
     ],
     [
      126.909316,
      37.493243
     ],
     [
      126.909378,
      37.493318
     ],
     [
      126.90944,
      37.493393
     ],
     [
      126.909503,
      37.493468
     ],
     [
      126.909565,
      37.493543
     ],
     [
      126.909628,
      37.493618
     ],
     [
      126.90969,
      37.493693
     ],
     [
      126.909752,
      37.493769
     ],
     [
      126.909815,
      37.493844
     ],
     [
      126.909877,
      37.493919
     ],
     [
      126.90994,
      37.493994
     ],
     [
      126.910002,
      37.494069
     ],
     [
      126.910065,
      37.494144
     ],
     [
      126.910127,
      37.494219
     ],
     [
      126.910189,
      37.494294
     ],
     [
      126.910205,
      37.494314
     ],
     [
      126.910244,
      37.494373
     ],
     [
      126.910295,
      37.494454
     ],
     [
      126.910346,
      37.494534
     ],
     [
      126.910398,
      37.494614
     ],
     [
      126.910449,
      37.494694
     ],
     [
      126.910501,
      37.494775
     ],
     [
      126.910552,
      37.494855
     ],
     [
      126.910603,
      37.494935
     ],
     [
      126.910655,
      37.495015
     ],
     [
      126.910706,
      37.495096
     ],
     [
      126.910758,
      37.495176
     ],
     [
      126.910809,
      37.495256
     ],
     [
      126.910861,
      37.495336
     ],
     [
      126.910912,
      37.495417
     ],
     [
      126.910963,
      37.495497
     ],
     [
      126.911015,
      37.495577
     ],
     [
      126.911066,
      37.495657
     ],
     [
      126.911118,
      37.495738
     ],
     [
      126.911169,
      37.495818
     ],
     [
      126.911192,
      37.495854
     ],
     [
      126.911254,
      37.495858
     ],
     [
      126.911367,
      37.495864
     ],
     [
      126.91148,
      37.49587
     ],
     [
      126.911592,
      37.495877
     ],
     [
      126.911705,
      37.495883
     ],
     [
      126.911818,
      37.495889
     ],
     [
      126.911931,
      37.495896
     ],
     [
      126.912044,
      37.495902
     ],
     [
      126.912156,
      37.495909
     ],
     [
      126.912269,
      37.495915
     ],
     [
      126.912382,
      37.495921
     ],
     [
      126.912495,
      37.495928
     ],
     [
      126.912608,
      37.495934
     ],
     [
      126.91272,
      37.49594
     ],
     [
      126.912833,
      37.495947
     ],
     [
      126.912946,
      37.495953
     ],
     [
      126.913059,
      37.49596
     ],
     [
      126.913172,
      37.495966
     ],
     [
      126.913284,
      37.495972
     ],
     [
      126.913397,
      37.495979
     ],
     [
      126.91351,
      37.495985
     ],
     [
      126.913623,
      37.495991
     ],
     [
      126.913736,
      37.495998
     ],
     [
      126.913848,
      37.496004
     ],
     [
      126.913961,
      37.49601
     ],
     [
      126.914074,
      37.496017
     ],
     [
      126.914187,
      37.496023
     ],
     [
      126.9143,
      37.49603
     ],
     [
      126.914405,
      37.496036
     ],
     [
      126.914412,
      37.496038
     ],
     [
      126.914518,
      37.496069
     ],
     [
      126.914624,
      37.496101
     ],
     [
      126.91473,
      37.496133
     ],
     [
      126.914835,
      37.496164
     ],
     [
      126.914941,
      37.496196
     ],
     [
      126.915047,
      37.496228
     ],
     [
      126.915153,
      37.49626
     ],
     [
      126.915259,
      37.496291
     ],
     [
      126.915365,
      37.496323
     ],
     [
      126.91547,
      37.496355
     ],
     [
      126.915576,
      37.496387
     ],
     [
      126.915682,
      37.496418
     ],
     [
      126.915788,
      37.49645
     ],
     [
      126.915894,
      37.496482
     ],
     [
      126.915977,
      37.496507
     ],
     [
      126.916004,
      37.496515
     ],
     [
      126.916109,
      37.496546
     ],
     [
      126.916215,
      37.496578
     ],
     [
      126.916321,
      37.49661
     ],
     [
      126.916427,
      37.496642
     ],
     [
      126.916533,
      37.496673
     ],
     [
      126.916639,
      37.496705
     ],
     [
      126.916744,
      37.496737
     ],
     [
      126.91685,
      37.496768
     ],
     [
      126.916956,
      37.4968
     ],
     [
      126.917062,
      37.496832
     ],
     [
      126.917168,
      37.496864
     ],
     [
      126.917259,
      37.496891
     ],
     [
      126.917275,
      37.496892
     ],
     [
      126.917387,
      37.496898
     ],
     [
      126.9175,
      37.496904
     ],
     [
      126.917613,
      37.49691
     ],
     [
      126.917726,
      37.496916
     ],
     [
      126.917839,
      37.496922
     ],
     [
      126.917952,
      37.496929
     ],
     [
      126.918057,
      37.496934
     ],
     [
      126.918118,
      37.496938
     ],
     [
      126.918231,
      37.496944
     ],
     [
      126.918344,
      37.49695
     ],
     [
      126.918456,
      37.496956
     ],
     [
      126.918569,
      37.496962
     ],
     [
      126.918682,
      37.496968
     ],
     [
      126.918795,
      37.496974
     ],
     [
      126.918908,
      37.49698
     ],
     [
      126.919021,
      37.496986
     ],
     [
      126.919133,
      37.496992
     ],
     [
      126.919246,
      37.496999
     ],
     [
      126.919359,
      37.497005
     ],
     [
      126.919372,
      37.497005
     ],
     [
      126.919468,
      37.497027
     ],
     [
      126.919577,
      37.497051
     ],
     [
      126.919686,
      37.497075
     ],
     [
      126.919795,
      37.497099
     ],
     [
      126.919904,
      37.497124
     ],
     [
      126.920013,
      37.497148
     ],
     [
      126.920122,
      37.497172
     ],
     [
      126.920231,
      37.497196
     ],
     [
      126.92034,
      37.49722
     ],
     [
      126.920449,
      37.497245
     ],
     [
      126.920558,
      37.497269
     ],
     [
      126.920667,
      37.497293
     ],
     [
      126.920776,
      37.497317
     ],
     [
      126.920885,
      37.497341
     ],
     [
      126.920993,
      37.497366
     ],
     [
      126.921102,
      37.49739
     ],
     [
      126.921211,
      37.497414
     ],
     [
      126.92132,
      37.497438
     ],
     [
      126.921429,
      37.497462
     ],
     [
      126.921538,
      37.497487
     ],
     [
      126.921647,
      37.497511
     ],
     [
      126.921756,
      37.497535
     ],
     [
      126.921865,
      37.497559
     ],
     [
      126.921942,
      37.497576
     ],
     [
      126.92197,
      37.49759
     ],
     [
      126.922066,
      37.497638
     ],
     [
      126.922162,
      37.497686
     ],
     [
      126.922257,
      37.497734
     ],
     [
      126.922353,
      37.497782
     ],
     [
      126.922449,
      37.49783
     ],
     [
      126.922545,
      37.497878
     ],
     [
      126.92264,
      37.497926
     ],
     [
      126.922736,
      37.497973
     ],
     [
      126.922832,
      37.498021
     ],
     [
      126.922928,
      37.498069
     ],
     [
      126.92297,
      37.49809
     ],
     [
      126.923029,
      37.498108
     ],
     [
      126.923136,
      37.498139
     ],
     [
      126.923242,
      37.49817
     ],
     [
      126.923348,
      37.498201
     ],
     [
      126.923454,
      37.498232
     ],
     [
      126.92356,
      37.498263
     ],
     [
      126.923666,
      37.498295
     ],
     [
      126.923772,
      37.498326
     ],
     [
      126.923878,
      37.498357
     ],
     [
      126.923984,
      37.498388
     ],
     [
      126.924091,
      37.498419
     ],
     [
      126.924197,
      37.49845
     ],
     [
      126.924303,
      37.498481
     ],
     [
      126.924409,
      37.498513
     ],
     [
      126.924515,
      37.498544
     ],
     [
      126.924621,
      37.498575
     ],
     [
      126.924727,
      37.498606
     ],
     [
      126.924833,
      37.498637
     ],
     [
      126.92494,
      37.498668
     ],
     [
      126.925046,
      37.498699
     ],
     [
      126.925152,
      37.498731
     ],
     [
      126.925258,
      37.498762
     ],
     [
      126.925364,
      37.498793
     ],
     [
      126.92547,
      37.498824
     ],
     [
      126.925576,
      37.498855
     ],
     [
      126.925682,
      37.498886
     ],
     [
      126.925788,
      37.498917
     ],
     [
      126.925895,
      37.498949
     ],
     [
      126.926001,
      37.49898
     ],
     [
      126.926107,
      37.499011
     ],
     [
      126.926213,
      37.499042
     ],
     [
      126.926319,
      37.499073
     ],
     [
      126.926425,
      37.499104
     ],
     [
      126.926531,
      37.499135
     ],
     [
      126.926637,
      37.499167
     ],
     [
      126.926677,
      37.499178
     ],
     [
      126.926682,
      37.49918
     ],
     [
      126.926789,
      37.499211
     ],
     [
      126.926895,
      37.499242
     ],
     [
      126.927001,
      37.499273
     ],
     [
      126.927107,
      37.499304
     ],
     [
      126.927213,
      37.499336
     ],
     [
      126.927319,
      37.499367
     ],
     [
      126.927425,
      37.499398
     ],
     [
      126.927531,
      37.499429
     ],
     [
      126.927638,
      37.49946
     ],
     [
      126.927744,
      37.499491
     ],
     [
      126.92785,
      37.499522
     ],
     [
      126.927956,
      37.499554
     ],
     [
      126.928062,
      37.499585
     ],
     [
      126.928168,
      37.499616
     ],
     [
      126.928224,
      37.499632
     ],
     [
      126.928277,
      37.499628
     ],
     [
      126.92839,
      37.49962
     ],
     [
      126.928502,
      37.499611
     ],
     [
      126.928615,
      37.499602
     ],
     [
      126.928728,
      37.499594
     ],
     [
      126.92884,
      37.499585
     ],
     [
      126.928938,
      37.499577
     ],
     [
      126.928939,
      37.499577
     ],
     [
      126.929051,
      37.499569
     ],
     [
      126.929164,
      37.49956
     ],
     [
      126.929276,
      37.499551
     ],
     [
      126.929389,
      37.499543
     ],
     [
      126.929501,
      37.499534
     ],
     [
      126.929614,
      37.499525
     ],
     [
      126.929709,
      37.499518
     ],
     [
      126.929724,
      37.499525
     ],
     [
      126.929822,
      37.499571
     ],
     [
      126.929919,
      37.499616
     ],
     [
      126.930017,
      37.499662
     ],
     [
      126.930115,
      37.499707
     ],
     [
      126.930212,
      37.499753
     ],
     [
      126.93031,
      37.499798
     ],
     [
      126.930407,
      37.499844
     ],
     [
      126.930505,
      37.499889
     ],
     [
      126.930603,
      37.499935
     ],
     [
      126.9307,
      37.49998
     ],
     [
      126.930798,
      37.500026
     ],
     [
      126.930896,
      37.500071
     ],
     [
      126.930993,
      37.500117
     ],
     [
      126.931091,
      37.500162
     ],
     [
      126.931188,
      37.500208
     ],
     [
      126.931286,
      37.500253
     ],
     [
      126.931384,
      37.500299
     ],
     [
      126.931481,
      37.500344
     ],
     [
      126.931501,
      37.500353
     ],
     [
      126.931561,
      37.500407
     ],
     [
      126.931636,
      37.500475
     ],
     [
      126.931711,
      37.500542
     ],
     [
      126.931786,
      37.50061
     ],
     [
      126.931861,
      37.500677
     ],
     [
      126.931935,
      37.500744
     ],
     [
      126.93201,
      37.500812
     ],
     [
      126.932085,
      37.500879
     ],
     [
      126.93216,
      37.500947
     ],
     [
      126.932235,
      37.501014
     ],
     [
      126.93231,
      37.501082
     ],
     [
      126.932385,
      37.501149
     ],
     [
      126.93246,
      37.501217
     ],
     [
      126.932535,
      37.501284
     ],
     [
      126.93261,
      37.501352
     ],
     [
      126.932685,
      37.501419
     ],
     [
      126.93276,
      37.501487
     ],
     [
      126.932835,
      37.501554
     ],
     [
      126.93291,
      37.501622
     ],
     [
      126.932985,
      37.501689
     ],
     [
      126.93306,
      37.501756
     ],
     [
      126.933067,
      37.501763
     ],
     [
      126.933144,
      37.501816
     ],
     [
      126.93323,
      37.501875
     ],
     [
      126.933316,
      37.501934
     ],
     [
      126.933402,
      37.501992
     ],
     [
      126.933487,
      37.502051
     ],
     [
      126.933573,
      37.50211
     ],
     [
      126.933659,
      37.502169
     ],
     [
      126.933745,
      37.502227
     ],
     [
      126.93383,
      37.502286
     ],
     [
      126.933916,
      37.502345
     ],
     [
      126.934002,
      37.502404
     ],
     [
      126.934088,
      37.502462
     ],
     [
      126.934173,
      37.502521
     ],
     [
      126.934259,
      37.50258
     ],
     [
      126.934345,
      37.502639
     ],
     [
      126.934431,
      37.502697
     ],
     [
      126.934516,
      37.502756
     ],
     [
      126.934602,
      37.502815
     ],
     [
      126.934688,
      37.502874
     ],
     [
      126.934774,
      37.502932
     ],
     [
      126.934774,
      37.502933
     ],
     [
      126.934838,
      37.503006
     ],
     [
      126.934903,
      37.50308
     ],
     [
      126.934967,
      37.503154
     ],
     [
      126.935032,
      37.503228
     ],
     [
      126.935096,
      37.503302
     ],
     [
      126.935161,
      37.503376
     ],
     [
      126.935225,
      37.50345
     ],
     [
      126.93529,
      37.503524
     ],
     [
      126.935354,
      37.503598
     ],
     [
      126.935419,
      37.503672
     ],
     [
      126.935483,
      37.503746
     ],
     [
      126.935548,
      37.50382
     ],
     [
      126.935612,
      37.503894
     ],
     [
      126.935677,
      37.503968
     ],
     [
      126.935741,
      37.504042
     ],
     [
      126.935806,
      37.504116
     ],
     [
      126.93587,
      37.50419
     ],
     [
      126.935935,
      37.504264
     ],
     [
      126.935999,
      37.504338
     ],
     [
      126.936064,
      37.504412
     ],
     [
      126.936128,
      37.504486
     ],
     [
      126.936193,
      37.504561
     ],
     [
      126.93624,
      37.504615
     ],
     [
      126.936267,
      37.504625
     ],
     [
      126.936371,
      37.504661
     ],
     [
      126.936474,
      37.504697
     ],
     [
      126.936578,
      37.504734
     ],
     [
      126.936681,
      37.50477
     ],
     [
      126.936785,
      37.504807
     ],
     [
      126.936888,
      37.504843
     ],
     [
      126.936992,
      37.50488
     ],
     [
      126.937095,
      37.504916
     ],
     [
      126.937198,
      37.504953
     ],
     [
      126.937302,
      37.504989
     ],
     [
      126.937405,
      37.505025
     ],
     [
      126.937509,
      37.505062
     ],
     [
      126.937612,
      37.505098
     ],
     [
      126.937716,
      37.505135
     ],
     [
      126.937819,
      37.505171
     ],
     [
      126.937922,
      37.505208
     ],
     [
      126.938026,
      37.505244
     ],
     [
      126.938129,
      37.505281
     ],
     [
      126.938233,
      37.505317
     ],
     [
      126.938336,
      37.505353
     ],
     [
      126.93844,
      37.50539
     ],
     [
      126.938471,
      37.505401
     ],
     [
      126.938511,
      37.505455
     ],
     [
      126.938568,
      37.505533
     ],
     [
      126.938625,
      37.505611
     ],
     [
      126.938682,
      37.505689
     ],
     [
      126.938739,
      37.505766
     ],
     [
      126.938796,
      37.505844
     ],
     [
      126.938854,
      37.505922
     ],
     [
      126.938911,
      37.505999
     ],
     [
      126.938968,
      37.506077
     ],
     [
      126.939025,
      37.506155
     ],
     [
      126.939082,
      37.506233
     ],
     [
      126.939139,
      37.50631
     ],
     [
      126.939196,
      37.506388
     ],
     [
      126.939254,
      37.506466
     ],
     [
      126.939311,
      37.506544
     ],
     [
      126.939368,
      37.506621
     ],
     [
      126.939425,
      37.506699
     ],
     [
      126.939482,
      37.506777
     ],
     [
      126.939539,
      37.506855
     ],
     [
      126.939597,
      37.506932
     ],
     [
      126.939654,
      37.50701
     ],
     [
      126.939695,
      37.507067
     ],
     [
      126.939696,
      37.507091
     ],
     [
      126.9397,
      37.507181
     ],
     [
      126.939704,
      37.507271
     ],
     [
      126.939708,
      37.507361
     ],
     [
      126.939712,
      37.507451
     ],
     [
      126.939716,
      37.507542
     ],
     [
      126.93972,
      37.507632
     ],
     [
      126.939724,
      37.507722
     ],
     [
      126.939728,
      37.507812
     ],
     [
      126.939732,
      37.507902
     ],
     [
      126.939737,
      37.507992
     ],
     [
      126.939741,
      37.508082
     ],
     [
      126.939745,
      37.508172
     ],
     [
      126.939749,
      37.508262
     ],
     [
      126.939753,
      37.508352
     ],
     [
      126.939755,
      37.508396
     ],
     [
      126.939786,
      37.508435
     ],
     [
      126.939848,
      37.50851
     ],
     [
      126.939909,
      37.508586
     ],
     [
      126.939971,
      37.508661
     ],
     [
      126.940033,
      37.508737
     ],
     [
      126.940094,
      37.508812
     ],
     [
      126.940156,
      37.508888
     ],
     [
      126.940218,
      37.508963
     ],
     [
      126.940279,
      37.509039
     ],
     [
      126.940341,
      37.509114
     ],
     [
      126.940402,
      37.50919
     ],
     [
      126.940464,
      37.509266
     ],
     [
      126.940526,
      37.509341
     ],
     [
      126.940578,
      37.509405
     ],
     [
      126.940593,
      37.509412
     ],
     [
      126.940691,
      37.509456
     ],
     [
      126.94079,
      37.509501
     ],
     [
      126.940888,
      37.509545
     ],
     [
      126.940986,
      37.50959
     ],
     [
      126.941085,
      37.509634
     ],
     [
      126.941183,
      37.509679
     ],
     [
      126.941281,
      37.509723
     ],
     [
      126.94138,
      37.509768
     ],
     [
      126.941478,
      37.509812
     ],
     [
      126.941576,
      37.509857
     ],
     [
      126.941675,
      37.509901
     ],
     [
      126.941773,
      37.509946
     ],
     [
      126.941871,
      37.50999
     ],
     [
      126.94197,
      37.510035
     ],
     [
      126.942068,
      37.510079
     ],
     [
      126.942167,
      37.510124
     ],
     [
      126.942265,
      37.510168
     ],
     [
      126.942363,
      37.510213
     ],
     [
      126.942462,
      37.510257
     ],
     [
      126.94256,
      37.510302
     ],
     [
      126.942658,
      37.510347
     ],
     [
      126.942668,
      37.510351
     ],
     [
      126.942733,
      37.510413
     ],
     [
      126.942805,
      37.510483
     ],
     [
      126.942878,
      37.510552
     ],
     [
      126.94295,
      37.510621
     ],
     [
      126.943022,
      37.51069
     ],
     [
      126.943095,
      37.51076
     ],
     [
      126.943167,
      37.510829
     ],
     [
      126.94324,
      37.510898
     ],
     [
      126.943312,
      37.510967
     ],
     [
      126.943371,
      37.511024
     ],
     [
      126.943391,
      37.51102
     ],
     [
      126.943502,
      37.511001
     ],
     [
      126.943612,
      37.510981
     ],
     [
      126.943723,
      37.510962
     ],
     [
      126.943833,
      37.510943
     ],
     [
      126.943944,
      37.510924
     ],
     [
      126.944054,
      37.510904
     ],
     [
      126.944165,
      37.510885
     ],
     [
      126.944222,
      37.510875
     ],
     [
      126.944246,
      37.510914
     ],
     [
      126.944296,
      37.510995
     ],
     [
      126.944346,
      37.511075
     ],
     [
      126.944396,
      37.511156
     ],
     [
      126.944446,
      37.511237
     ],
     [
      126.944496,
      37.511318
     ],
     [
      126.944546,
      37.511399
     ],
     [
      126.944596,
      37.511479
     ],
     [
      126.944646,
      37.51156
     ],
     [
      126.944696,
      37.511641
     ],
     [
      126.944746,
      37.511722
     ],
     [
      126.944796,
      37.511803
     ],
     [
      126.944846,
      37.511883
     ],
     [
      126.944896,
      37.511964
     ],
     [
      126.944946,
      37.512045
     ],
     [
      126.944996,
      37.512126
     ],
     [
      126.945038,
      37.512193
     ],
     [
      126.945055,
      37.512201
     ],
     [
      126.945153,
      37.512245
     ],
     [
      126.945252,
      37.512289
     ],
     [
      126.945351,
      37.512333
     ],
     [
      126.945449,
      37.512377
     ],
     [
      126.945548,
      37.512421
     ],
     [
      126.945647,
      37.512465
     ],
     [
      126.945746,
      37.512509
     ],
     [
      126.945844,
      37.512553
     ],
     [
      126.945943,
      37.512597
     ],
     [
      126.946042,
      37.512641
     ],
     [
      126.94614,
      37.512685
     ],
     [
      126.946239,
      37.512728
     ],
     [
      126.946338,
      37.512772
     ],
     [
      126.946437,
      37.512816
     ],
     [
      126.946535,
      37.51286
     ],
     [
      126.946634,
      37.512904
     ],
     [
      126.946733,
      37.512948
     ],
     [
      126.946831,
      37.512992
     ],
     [
      126.94693,
      37.513036
     ],
     [
      126.947029,
      37.51308
     ],
     [
      126.947127,
      37.513124
     ],
     [
      126.947226,
      37.513168
     ],
     [
      126.947325,
      37.513212
     ],
     [
      126.947424,
      37.513256
     ],
     [
      126.947452,
      37.513269
     ],
     [
      126.947513,
      37.513246
     ],
     [
      126.947524,
      37.513241
     ],
     [
      126.947614,
      37.513278
     ],
     [
      126.947714,
      37.513319
     ],
     [
      126.947815,
      37.513361
     ],
     [
      126.947915,
      37.513402
     ],
     [
      126.948016,
      37.513443
     ],
     [
      126.948116,
      37.513485
     ],
     [
      126.948173,
      37.513508
     ],
     [
      126.94822,
      37.513495
     ],
     [
      126.948326,
      37.513465
     ],
     [
      126.948433,
      37.513435
     ],
     [
      126.94854,
      37.513405
     ],
     [
      126.948646,
      37.513375
     ],
     [
      126.948753,
      37.513345
     ],
     [
      126.94886,
      37.513315
     ],
     [
      126.948966,
      37.513285
     ],
     [
      126.949073,
      37.513255
     ],
     [
      126.94918,
      37.513225
     ],
     [
      126.949286,
      37.513195
     ],
     [
      126.949393,
      37.513165
     ],
     [
      126.9495,
      37.513135
     ],
     [
      126.94958,
      37.513113
     ],
     [
      126.949608,
      37.513111
     ],
     [
      126.949721,
      37.513102
     ],
     [
      126.949833,
      37.513093
     ],
     [
      126.949946,
      37.513085
     ],
     [
      126.950049,
      37.513077
     ],
     [
      126.95015,
      37.513069
     ],
     [
      126.950263,
      37.51306
     ],
     [
      126.950376,
      37.513052
     ],
     [
      126.950415,
      37.513049
     ],
     [
      126.950486,
      37.513062
     ],
     [
      126.950597,
      37.513083
     ],
     [
      126.950707,
      37.513103
     ],
     [
      126.950817,
      37.513124
     ],
     [
      126.950927,
      37.513145
     ],
     [
      126.951037,
      37.513165
     ],
     [
      126.951147,
      37.513186
     ],
     [
      126.951257,
      37.513206
     ],
     [
      126.951367,
      37.513227
     ],
     [
      126.951477,
      37.513248
     ],
     [
      126.951588,
      37.513268
     ],
     [
      126.951698,
      37.513289
     ],
     [
      126.951808,
      37.51331
     ],
     [
      126.951918,
      37.51333
     ],
     [
      126.952028,
      37.513351
     ],
     [
      126.952138,
      37.513371
     ],
     [
      126.952248,
      37.513392
     ],
     [
      126.952358,
      37.513413
     ],
     [
      126.952468,
      37.513433
     ],
     [
      126.952579,
      37.513454
     ],
     [
      126.952689,
      37.513474
     ],
     [
      126.952799,
      37.513495
     ],
     [
      126.952877,
      37.51351
     ],
     [
      126.952908,
      37.513501
     ],
     [
      126.953015,
      37.513472
     ],
     [
      126.953122,
      37.513442
     ],
     [
      126.953229,
      37.513413
     ],
     [
      126.953336,
      37.513384
     ],
     [
      126.953443,
      37.513354
     ],
     [
      126.95355,
      37.513325
     ],
     [
      126.953656,
      37.513296
     ],
     [
      126.953763,
      37.513266
     ],
     [
      126.95387,
      37.513237
     ],
     [
      126.953977,
      37.513208
     ],
     [
      126.954084,
      37.513178
     ],
     [
      126.954191,
      37.513149
     ],
     [
      126.954298,
      37.513119
     ],
     [
      126.954405,
      37.51309
     ],
     [
      126.954512,
      37.513061
     ],
     [
      126.954619,
      37.513031
     ],
     [
      126.954726,
      37.513002
     ],
     [
      126.954833,
      37.512973
     ],
     [
      126.95494,
      37.512943
     ],
     [
      126.955047,
      37.512914
     ],
     [
      126.955154,
      37.512885
     ],
     [
      126.955205,
      37.512871
     ],
     [
      126.955244,
      37.512906
     ],
     [
      126.955318,
      37.512974
     ],
     [
      126.955393,
      37.513041
     ],
     [
      126.955468,
      37.513109
     ],
     [
      126.95581,
      37.51287
     ],
     [
      126.955468,
      37.513109
     ],
     [
      126.955543,
      37.513177
     ],
     [
      126.955617,
      37.513244
     ],
     [
      126.955692,
      37.513312
     ],
     [
      126.955767,
      37.513379
     ],
     [
      126.955841,
      37.513447
     ],
     [
      126.955916,
      37.513515
     ],
     [
      126.955991,
      37.513582
     ],
     [
      126.956066,
      37.51365
     ],
     [
      126.95614,
      37.513718
     ],
     [
      126.956215,
      37.513785
     ],
     [
      126.956277,
      37.513842
     ],
     [
      126.956285,
      37.513849
     ],
     [
      126.956354,
      37.513911
     ],
     [
      126.956357,
      37.513917
     ],
     [
      126.956403,
      37.514
     ],
     [
      126.956448,
      37.514082
     ],
     [
      126.956494,
      37.514165
     ],
     [
      126.956539,
      37.514247
     ],
     [
      126.956584,
      37.51433
     ],
     [
      126.95663,
      37.514412
     ],
     [
      126.956675,
      37.514495
     ],
     [
      126.956721,
      37.514577
     ],
     [
      126.956766,
      37.51466
     ],
     [
      126.956811,
      37.514743
     ],
     [
      126.956857,
      37.514825
     ],
     [
      126.956902,
      37.514908
     ],
     [
      126.956948,
      37.51499
     ],
     [
      126.956993,
      37.515073
     ],
     [
      126.957039,
      37.515155
     ],
     [
      126.957084,
      37.515238
     ],
     [
      126.957129,
      37.51532
     ],
     [
      126.957175,
      37.515403
     ],
     [
      126.95722,
      37.515485
     ],
     [
      126.957266,
      37.515568
     ],
     [
      126.957311,
      37.51565
     ],
     [
      126.957356,
      37.515733
     ],
     [
      126.957402,
      37.515815
     ],
     [
      126.957447,
      37.515898
     ],
     [
      126.957493,
      37.51598
     ],
     [
      126.957538,
      37.516063
     ],
     [
      126.957583,
      37.516145
     ],
     [
      126.957629,
      37.516228
     ],
     [
      126.957674,
      37.51631
     ],
     [
      126.95772,
      37.516393
     ],
     [
      126.957765,
      37.516475
     ],
     [
      126.957811,
      37.516558
     ],
     [
      126.957856,
      37.51664
     ],
     [
      126.957901,
      37.516723
     ],
     [
      126.957941,
      37.516794
     ],
     [
      126.957947,
      37.516805
     ],
     [
      126.957996,
      37.516887
     ],
     [
      126.958044,
      37.516968
     ],
     [
      126.958093,
      37.51705
     ],
     [
      126.958141,
      37.517131
     ],
     [
      126.95819,
      37.517212
     ],
     [
      126.958238,
      37.517294
     ],
     [
      126.958263,
      37.517336
     ],
     [
      126.958303,
      37.517403
     ],
     [
      126.958352,
      37.517484
     ],
     [
      126.9584,
      37.517566
     ],
     [
      126.958449,
      37.517647
     ],
     [
      126.958497,
      37.517729
     ],
     [
      126.958546,
      37.51781
     ],
     [
      126.958594,
      37.517891
     ],
     [
      126.958643,
      37.517973
     ],
     [
      126.958691,
      37.518054
     ],
     [
      126.95874,
      37.518136
     ],
     [
      126.958788,
      37.518217
     ],
     [
      126.958837,
      37.518298
     ],
     [
      126.958885,
      37.51838
     ],
     [
      126.958934,
      37.518461
     ],
     [
      126.958982,
      37.518543
     ],
     [
      126.959031,
      37.518624
     ],
     [
      126.959079,
      37.518705
     ],
     [
      126.959128,
      37.518787
     ],
     [
      126.959176,
      37.518868
     ],
     [
      126.959225,
      37.51895
     ],
     [
      126.959273,
      37.519031
     ],
     [
      126.959322,
      37.519112
     ],
     [
      126.95937,
      37.519194
     ],
     [
      126.959419,
      37.519275
     ],
     [
      126.959467,
      37.519357
     ],
     [
      126.959516,
      37.519438
     ],
     [
      126.959564,
      37.519519
     ],
     [
      126.959613,
      37.519601
     ],
     [
      126.959661,
      37.519682
     ],
     [
      126.95971,
      37.519763
     ],
     [
      126.959758,
      37.519845
     ],
     [
      126.959807,
      37.519926
     ],
     [
      126.959855,
      37.520008
     ],
     [
      126.959904,
      37.520089
     ],
     [
      126.959952,
      37.52017
     ],
     [
      126.960001,
      37.520252
     ],
     [
      126.960049,
      37.520333
     ],
     [
      126.960098,
      37.520415
     ],
     [
      126.960147,
      37.520496
     ],
     [
      126.960195,
      37.520577
     ],
     [
      126.960244,
      37.520659
     ],
     [
      126.960292,
      37.52074
     ],
     [
      126.960341,
      37.520822
     ],
     [
      126.960389,
      37.520903
     ],
     [
      126.960438,
      37.520984
     ],
     [
      126.960486,
      37.521066
     ],
     [
      126.960535,
      37.521147
     ],
     [
      126.960583,
      37.521229
     ],
     [
      126.960632,
      37.52131
     ],
     [
      126.960632,
      37.521311
     ],
     [
      126.960682,
      37.521391
     ],
     [
      126.960732,
      37.521471
     ],
     [
      126.960782,
      37.521552
     ],
     [
      126.960833,
      37.521633
     ],
     [
      126.960883,
      37.521714
     ],
     [
      126.960933,
      37.521794
     ],
     [
      126.960983,
      37.521875
     ],
     [
      126.961033,
      37.521956
     ],
     [
      126.961084,
      37.522037
     ],
     [
      126.961134,
      37.522117
     ],
     [
      126.961184,
      37.522198
     ],
     [
      126.961234,
      37.522279
     ],
     [
      126.961285,
      37.522359
     ],
     [
      126.961335,
      37.52244
     ],
     [
      126.961385,
      37.522521
     ],
     [
      126.961435,
      37.522602
     ],
     [
      126.961486,
      37.522682
     ],
     [
      126.961536,
      37.522763
     ],
     [
      126.961586,
      37.522844
     ],
     [
      126.961636,
      37.522925
     ],
     [
      126.961687,
      37.523005
     ],
     [
      126.961737,
      37.523086
     ],
     [
      126.961787,
      37.523167
     ],
     [
      126.961837,
      37.523247
     ],
     [
      126.961888,
      37.523328
     ],
     [
      126.961938,
      37.523409
     ],
     [
      126.961958,
      37.523441
     ],
     [
      126.961996,
      37.523486
     ],
     [
      126.962058,
      37.523561
     ],
     [
      126.962121,
      37.523636
     ],
     [
      126.962184,
      37.523711
     ],
     [
      126.962247,
      37.523786
     ],
     [
      126.962309,
      37.523861
     ],
     [
      126.962372,
      37.523936
     ],
     [
      126.962435,
      37.524011
     ],
     [
      126.962497,
      37.524086
     ],
     [
      126.96256,
      37.524161
     ],
     [
      126.962623,
      37.524236
     ],
     [
      126.962686,
      37.524311
     ],
     [
      126.962748,
      37.524386
     ],
     [
      126.962811,
      37.524461
     ],
     [
      126.962874,
      37.524536
     ],
     [
      126.962936,
      37.524611
     ],
     [
      126.962999,
      37.524686
     ],
     [
      126.963043,
      37.524738
     ],
     [
      126.963065,
      37.524759
     ],
     [
      126.963139,
      37.524827
     ],
     [
      126.963213,
      37.524895
     ],
     [
      126.963287,
      37.524964
     ],
     [
      126.963361,
      37.525032
     ],
     [
      126.963435,
      37.5251
     ],
     [
      126.963509,
      37.525168
     ],
     [
      126.963582,
      37.525236
     ],
     [
      126.963656,
      37.525305
     ],
     [
      126.96373,
      37.525373
     ],
     [
      126.963804,
      37.525441
     ],
     [
      126.963878,
      37.525509
     ],
     [
      126.963952,
      37.525578
     ],
     [
      126.964026,
      37.525646
     ],
     [
      126.9641,
      37.525714
     ],
     [
      126.964174,
      37.525782
     ],
     [
      126.964247,
      37.52585
     ],
     [
      126.964321,
      37.525919
     ],
     [
      126.964395,
      37.525987
     ],
     [
      126.964469,
      37.526055
     ],
     [
      126.964543,
      37.526123
     ],
     [
      126.964617,
      37.526192
     ],
     [
      126.964691,
      37.52626
     ],
     [
      126.964765,
      37.526328
     ],
     [
      126.964839,
      37.526396
     ],
     [
      126.964913,
      37.526465
     ],
     [
      126.964986,
      37.526533
     ],
     [
      126.96506,
      37.526601
     ],
     [
      126.965072,
      37.526612
     ],
     [
      126.965126,
      37.526674
     ],
     [
      126.96519,
      37.526749
     ],
     [
      126.965254,
      37.526823
     ],
     [
      126.965317,
      37.526897
     ],
     [
      126.965381,
      37.526972
     ],
     [
      126.965445,
      37.527046
     ],
     [
      126.965509,
      37.52712
     ],
     [
      126.965573,
      37.527195
     ],
     [
      126.965637,
      37.527269
     ],
     [
      126.965701,
      37.527344
     ],
     [
      126.965765,
      37.527418
     ],
     [
      126.965828,
      37.527492
     ],
     [
      126.965892,
      37.527567
     ],
     [
      126.965956,
      37.527641
     ],
     [
      126.96602,
      37.527715
     ],
     [
      126.966084,
      37.52779
     ],
     [
      126.966148,
      37.527864
     ],
     [
      126.966212,
      37.527938
     ],
     [
      126.966276,
      37.528013
     ],
     [
      126.96634,
      37.528087
     ],
     [
      126.966403,
      37.528162
     ],
     [
      126.966467,
      37.528236
     ],
     [
      126.966531,
      37.52831
     ],
     [
      126.966595,
      37.528385
     ],
     [
      126.966659,
      37.528459
     ],
     [
      126.966723,
      37.528533
     ],
     [
      126.966787,
      37.528608
     ],
     [
      126.966851,
      37.528682
     ],
     [
      126.966914,
      37.528756
     ],
     [
      126.966978,
      37.528831
     ],
     [
      126.967042,
      37.528905
     ],
     [
      126.967106,
      37.52898
     ],
     [
      126.96717,
      37.529054
     ],
     [
      126.967234,
      37.529128
     ],
     [
      126.967298,
      37.529203
     ],
     [
      126.967362,
      37.529277
     ],
     [
      126.967376,
      37.529294
     ],
     [
      126.967431,
      37.529348
     ],
     [
      126.967501,
      37.529419
     ],
     [
      126.967572,
      37.529489
     ],
     [
      126.967643,
      37.529559
     ],
     [
      126.967713,
      37.52963
     ],
     [
      126.967784,
      37.5297
     ],
     [
      126.967855,
      37.52977
     ],
     [
      126.967925,
      37.529841
     ],
     [
      126.967996,
      37.529911
     ],
     [
      126.968067,
      37.529982
     ],
     [
      126.968137,
      37.530052
     ],
     [
      126.968208,
      37.530122
     ],
     [
      126.968279,
      37.530193
     ],
     [
      126.968349,
      37.530263
     ],
     [
      126.96842,
      37.530333
     ],
     [
      126.968491,
      37.530404
     ],
     [
      126.968561,
      37.530474
     ],
     [
      126.968632,
      37.530545
     ],
     [
      126.968702,
      37.530615
     ],
     [
      126.968773,
      37.530685
     ],
     [
      126.968844,
      37.530756
     ],
     [
      126.968914,
      37.530826
     ],
     [
      126.968985,
      37.530896
     ],
     [
      126.968998,
      37.53091
     ],
     [
      126.968998,
      37.53091
     ],
     [
      126.969058,
      37.530969
     ],
     [
      126.969129,
      37.531039
     ],
     [
      126.969199,
      37.53111
     ],
     [
      126.96927,
      37.53118
     ],
     [
      126.96934,
      37.53125
     ],
     [
      126.969411,
      37.531321
     ],
     [
      126.969482,
      37.531391
     ],
     [
      126.969552,
      37.531462
     ],
     [
      126.969623,
      37.531532
     ],
     [
      126.969694,
      37.531602
     ],
     [
      126.969764,
      37.531673
     ],
     [
      126.969835,
      37.531743
     ],
     [
      126.969906,
      37.531813
     ],
     [
      126.969976,
      37.531884
     ],
     [
      126.970047,
      37.531954
     ],
     [
      126.970118,
      37.532025
     ],
     [
      126.970188,
      37.532095
     ],
     [
      126.970259,
      37.532165
     ],
     [
      126.97033,
      37.532236
     ],
     [
      126.9704,
      37.532306
     ],
     [
      126.970471,
      37.532376
     ],
     [
      126.970506,
      37.532412
     ],
     [
      126.970541,
      37.532447
     ],
     [
      126.970611,
      37.532518
     ],
     [
      126.970681,
      37.532589
     ],
     [
      126.970751,
      37.532659
     ],
     [
      126.970821,
      37.53273
     ],
     [
      126.970891,
      37.532801
     ],
     [
      126.970908,
      37.532818
     ],
     [
      126.970946,
      37.532857
     ],
     [
      126.971016,
      37.532927
     ],
     [
      126.971086,
      37.532998
     ],
     [
      126.971156,
      37.533069
     ],
     [
      126.971226,
      37.53314
     ],
     [
      126.971296,
      37.533211
     ],
     [
      126.971366,
      37.533281
     ],
     [
      126.971436,
      37.533352
     ],
     [
      126.971506,
      37.533423
     ],
     [
      126.971576,
      37.533494
     ],
     [
      126.971645,
      37.533565
     ],
     [
      126.971715,
      37.533635
     ],
     [
      126.971785,
      37.533706
     ],
     [
      126.971855,
      37.533777
     ],
     [
      126.971925,
      37.533848
     ],
     [
      126.971995,
      37.533919
     ],
     [
      126.972065,
      37.53399
     ],
     [
      126.972135,
      37.53406
     ],
     [
      126.972205,
      37.534131
     ],
     [
      126.972275,
      37.534202
     ],
     [
      126.972345,
      37.534273
     ],
     [
      126.972415,
      37.534344
     ],
     [
      126.972485,
      37.534414
     ],
     [
      126.972555,
      37.534485
     ],
     [
      126.972625,
      37.534556
     ],
     [
      126.972695,
      37.534627
     ],
     [
      126.972738,
      37.534671
     ],
     [
      126.972799,
      37.534733
     ],
     [
      126.972869,
      37.534803
     ],
     [
      126.972939,
      37.534874
     ],
     [
      126.973009,
      37.534945
     ],
     [
      126.973079,
      37.535016
     ],
     [
      126.973149,
      37.535087
     ],
     [
      126.973219,
      37.535157
     ],
     [
      126.973289,
      37.535228
     ],
     [
      126.973359,
      37.535299
     ],
     [
      126.973429,
      37.53537
     ],
     [
      126.973499,
      37.535441
     ],
     [
      126.973569,
      37.535511
     ],
     [
      126.973639,
      37.535582
     ],
     [
      126.973709,
      37.535653
     ],
     [
      126.973774,
      37.535719
     ],
     [
      126.973792,
      37.535737
     ],
     [
      126.973862,
      37.535808
     ],
     [
      126.973932,
      37.535879
     ],
     [
      126.974002,
      37.53595
     ],
     [
      126.974072,
      37.536021
     ],
     [
      126.974142,
      37.536091
     ],
     [
      126.974212,
      37.536162
     ],
     [
      126.974282,
      37.536233
     ],
     [
      126.974307,
      37.536259
     ],
     [
      126.9743,
      37.536341
     ],
     [
      126.974291,
      37.536431
     ],
     [
      126.974283,
      37.53652
     ],
     [
      126.974275,
      37.53661
     ],
     [
      126.974266,
      37.5367
     ],
     [
      126.974258,
      37.53679
     ],
     [
      126.974249,
      37.53688
     ],
     [
      126.974241,
      37.53697
     ],
     [
      126.974233,
      37.537059
     ],
     [
      126.974224,
      37.537149
     ],
     [
      126.974216,
      37.537239
     ],
     [
      126.974208,
      37.537329
     ],
     [
      126.974199,
      37.537419
     ],
     [
      126.974191,
      37.537509
     ],
     [
      126.974183,
      37.537599
     ],
     [
      126.974179,
      37.537633
     ],
     [
      126.974164,
      37.537687
     ],
     [
      126.974139,
      37.537775
     ],
     [
      126.974115,
      37.537863
     ],
     [
      126.97409,
      37.537951
     ],
     [
      126.974078,
      37.537993
     ],
     [
      126.974074,
      37.53801
     ],
     [
      126.974049,
      37.538098
     ],
     [
      126.974024,
      37.538186
     ],
     [
      126.974,
      37.538274
     ],
     [
      126.973975,
      37.538362
     ],
     [
      126.973951,
      37.53845
     ],
     [
      126.973926,
      37.538538
     ],
     [
      126.973901,
      37.538626
     ],
     [
      126.973877,
      37.538714
     ],
     [
      126.973852,
      37.538802
     ],
     [
      126.973827,
      37.53889
     ],
     [
      126.973803,
      37.538978
     ],
     [
      126.973778,
      37.539066
     ],
     [
      126.973754,
      37.539154
     ],
     [
      126.973729,
      37.539241
     ],
     [
      126.973704,
      37.539329
     ],
     [
      126.97368,
      37.539417
     ],
     [
      126.973655,
      37.539505
     ],
     [
      126.97363,
      37.539593
     ],
     [
      126.973606,
      37.539681
     ],
     [
      126.973581,
      37.539769
     ],
     [
      126.973557,
      37.539857
     ],
     [
      126.973532,
      37.539945
     ],
     [
      126.973507,
      37.540033
     ],
     [
      126.973483,
      37.540121
     ],
     [
      126.973458,
      37.540209
     ],
     [
      126.973433,
      37.540297
     ],
     [
      126.973409,
      37.540385
     ],
     [
      126.973384,
      37.540473
     ],
     [
      126.97336,
      37.540561
     ],
     [
      126.973335,
      37.540649
     ],
     [
      126.97331,
      37.540736
     ],
     [
      126.973286,
      37.540824
     ],
     [
      126.97328,
      37.540845
     ],
     [
      126.973264,
      37.540913
     ],
     [
      126.973243,
      37.541001
     ],
     [
      126.973222,
      37.54109
     ],
     [
      126.973201,
      37.541178
     ],
     [
      126.97318,
      37.541267
     ],
     [
      126.973159,
      37.541356
     ],
     [
      126.973138,
      37.541444
     ],
     [
      126.973117,
      37.541533
     ],
     [
      126.973096,
      37.541621
     ],
     [
      126.973076,
      37.54171
     ],
     [
      126.973055,
      37.541798
     ],
     [
      126.973034,
      37.541887
     ],
     [
      126.973013,
      37.541975
     ],
     [
      126.972992,
      37.542064
     ],
     [
      126.972971,
      37.542152
     ],
     [
      126.97295,
      37.542241
     ],
     [
      126.972929,
      37.54233
     ],
     [
      126.972908,
      37.542418
     ],
     [
      126.972887,
      37.542507
     ],
     [
      126.972866,
      37.542595
     ],
     [
      126.972845,
      37.542684
     ],
     [
      126.972824,
      37.542772
     ],
     [
      126.972804,
      37.542861
     ],
     [
      126.972783,
      37.542949
     ],
     [
      126.972762,
      37.543038
     ],
     [
      126.972741,
      37.543126
     ],
     [
      126.97272,
      37.543215
     ],
     [
      126.972699,
      37.543304
     ],
     [
      126.972678,
      37.543392
     ],
     [
      126.972657,
      37.543481
     ],
     [
      126.972636,
      37.543569
     ],
     [
      126.972615,
      37.543658
     ],
     [
      126.972594,
      37.543746
     ],
     [
      126.972573,
      37.543835
     ],
     [
      126.972552,
      37.543923
     ],
     [
      126.972531,
      37.544012
     ],
     [
      126.972511,
      37.5441
     ],
     [
      126.97249,
      37.544189
     ],
     [
      126.972469,
      37.544278
     ],
     [
      126.972448,
      37.544366
     ],
     [
      126.972445,
      37.544378
     ],
     [
      126.97243,
      37.544455
     ],
     [
      126.972412,
      37.544544
     ],
     [
      126.972394,
      37.544633
     ],
     [
      126.972376,
      37.544722
     ],
     [
      126.972358,
      37.544811
     ],
     [
      126.972341,
      37.5449
     ],
     [
      126.972323,
      37.544989
     ],
     [
      126.972305,
      37.545078
     ],
     [
      126.972287,
      37.545167
     ],
     [
      126.972269,
      37.545256
     ],
     [
      126.972252,
      37.545345
     ],
     [
      126.972234,
      37.545434
     ],
     [
      126.97222,
      37.545504
     ],
     [
      126.972209,
      37.545556
     ],
     [
      126.972192,
      37.545645
     ],
     [
      126.972174,
      37.545733
     ],
     [
      126.972156,
      37.545822
     ],
     [
      126.972138,
      37.545911
     ],
     [
      126.97212,
      37.546
     ],
     [
      126.972103,
      37.546089
     ],
     [
      126.972085,
      37.546178
     ],
     [
      126.972067,
      37.546267
     ],
     [
      126.972049,
      37.546356
     ],
     [
      126.972031,
      37.546445
     ],
     [
      126.972014,
      37.546534
     ],
     [
      126.971996,
      37.546623
     ],
     [
      126.971995,
      37.546626
     ],
     [
      126.971992,
      37.546713
     ],
     [
      126.971988,
      37.546803
     ],
     [
      126.971985,
      37.546893
     ],
     [
      126.971982,
      37.546983
     ],
     [
      126.971978,
      37.547074
     ],
     [
      126.971975,
      37.547164
     ],
     [
      126.971971,
      37.547254
     ],
     [
      126.971968,
      37.547344
     ],
     [
      126.971964,
      37.547434
     ],
     [
      126.971961,
      37.547524
     ],
     [
      126.971957,
      37.547614
     ],
     [
      126.971954,
      37.547704
     ],
     [
      126.97195,
      37.547794
     ],
     [
      126.971947,
      37.547884
     ],
     [
      126.971943,
      37.547974
     ],
     [
      126.97194,
      37.548064
     ],
     [
      126.971936,
      37.548154
     ],
     [
      126.971933,
      37.548244
     ],
     [
      126.971929,
      37.548334
     ],
     [
      126.971926,
      37.548424
     ],
     [
      126.971922,
      37.548514
     ],
     [
      126.971919,
      37.548605
     ],
     [
      126.971915,
      37.548695
     ],
     [
      126.971912,
      37.548785
     ],
     [
      126.971908,
      37.548875
     ],
     [
      126.971905,
      37.548965
     ],
     [
      126.971902,
      37.549055
     ],
     [
      126.971898,
      37.549145
     ],
     [
      126.971895,
      37.549235
     ],
     [
      126.971891,
      37.549325
     ],
     [
      126.971888,
      37.549415
     ],
     [
      126.971884,
      37.549505
     ],
     [
      126.971881,
      37.549595
     ],
     [
      126.971877,
      37.549685
     ],
     [
      126.971874,
      37.549775
     ],
     [
      126.97187,
      37.549865
     ],
     [
      126.971867,
      37.549955
     ],
     [
      126.971863,
      37.550045
     ],
     [
      126.97186,
      37.550135
     ],
     [
      126.971858,
      37.550172
     ],
     [
      126.971869,
      37.550253
     ],
     [
      126.97188,
      37.550343
     ],
     [
      126.971892,
      37.550432
     ],
     [
      126.971903,
      37.550522
     ],
     [
      126.971915,
      37.550611
     ],
     [
      126.971926,
      37.550701
     ],
     [
      126.971938,
      37.550791
     ],
     [
      126.97195,
      37.55088
     ],
     [
      126.971961,
      37.55097
     ],
     [
      126.971973,
      37.55106
     ],
     [
      126.971984,
      37.551149
     ],
     [
      126.971996,
      37.551239
     ],
     [
      126.972007,
      37.551328
     ],
     [
      126.972019,
      37.551418
     ],
     [
      126.97203,
      37.551508
     ],
     [
      126.972042,
      37.551597
     ],
     [
      126.972053,
      37.551687
     ],
     [
      126.972065,
      37.551777
     ],
     [
      126.972076,
      37.551866
     ],
     [
      126.972088,
      37.551956
     ],
     [
      126.972096,
      37.552022
     ],
     [
      126.972103,
      37.552046
     ],
     [
      126.972126,
      37.552134
     ],
     [
      126.972149,
      37.552223
     ],
     [
      126.972172,
      37.552311
     ],
     [
      126.972195,
      37.552399
     ],
     [
      126.972218,
      37.552487
     ],
     [
      126.972241,
      37.552575
     ],
     [
      126.972265,
      37.552664
     ],
     [
      126.972288,
      37.552752
     ],
     [
      126.972311,
      37.55284
     ],
     [
      126.972334,
      37.552928
     ],
     [
      126.972357,
      37.553016
     ],
     [
      126.97238,
      37.553105
     ],
     [
      126.972403,
      37.553193
     ],
     [
      126.972426,
      37.553281
     ],
     [
      126.972449,
      37.553369
     ],
     [
      126.972446,
      37.55337
     ],
     [
      126.972471,
      37.553458
     ],
     [
      126.972489,
      37.553521
     ],
     [
      126.972514,
      37.553568
     ],
     [
      126.972559,
      37.553651
     ],
     [
      126.972603,
      37.553734
     ],
     [
      126.972647,
      37.553817
     ],
     [
      126.972692,
      37.5539
     ],
     [
      126.972736,
      37.553983
     ],
     [
      126.972781,
      37.554065
     ],
     [
      126.972825,
      37.554148
     ],
     [
      126.972869,
      37.554231
     ],
     [
      126.972914,
      37.554314
     ],
     [
      126.972958,
      37.554397
     ],
     [
      126.972959,
      37.554399
     ],
     [
      126.972903,
      37.55447
     ],
     [
      126.972844,
      37.554547
     ],
     [
      126.972784,
      37.554623
     ],
     [
      126.972725,
      37.5547
     ],
     [
      126.972665,
      37.554777
     ],
     [
      126.972606,
      37.554853
     ],
     [
      126.972546,
      37.55493
     ],
     [
      126.972486,
      37.555006
     ],
     [
      126.972427,
      37.555083
     ],
     [
      126.972367,
      37.55516
     ],
     [
      126.972308,
      37.555236
     ],
     [
      126.972248,
      37.555313
     ],
     [
      126.972189,
      37.55539
     ],
     [
      126.972129,
      37.555466
     ],
     [
      126.97207,
      37.555543
     ],
     [
      126.97201,
      37.555619
     ],
     [
      126.971955,
      37.55569
     ],
     [
      126.971956,
      37.555697
     ],
     [
      126.971962,
      37.555787
     ],
     [
      126.971969,
      37.555877
     ],
     [
      126.971976,
      37.555967
     ],
     [
      126.971983,
      37.556057
     ],
     [
      126.97199,
      37.556147
     ],
     [
      126.971997,
      37.556237
     ],
     [
      126.972004,
      37.556327
     ],
     [
      126.972011,
      37.556416
     ],
     [
      126.972018,
      37.556506
     ],
     [
      126.972025,
      37.556596
     ],
     [
      126.972032,
      37.556686
     ],
     [
      126.972039,
      37.556776
     ],
     [
      126.972046,
      37.556866
     ],
     [
      126.972052,
      37.556956
     ],
     [
      126.972059,
      37.557037
     ],
     [
      126.972083,
      37.557066
     ],
     [
      126.972147,
      37.557141
     ],
     [
      126.972211,
      37.557215
     ],
     [
      126.972275,
      37.557289
     ],
     [
      126.972339,
      37.557364
     ],
     [
      126.972403,
      37.557438
     ],
     [
      126.972466,
      37.557513
     ],
     [
      126.97253,
      37.557587
     ],
     [
      126.972594,
      37.557661
     ],
     [
      126.972658,
      37.557736
     ],
     [
      126.972722,
      37.55781
     ],
     [
      126.972786,
      37.557885
     ],
     [
      126.972849,
      37.557959
     ],
     [
      126.972913,
      37.558033
     ],
     [
      126.972977,
      37.558108
     ],
     [
      126.973041,
      37.558182
     ],
     [
      126.973079,
      37.558226
     ],
     [
      126.973103,
      37.558254
     ],
     [
      126.973166,
      37.558329
     ],
     [
      126.97323,
      37.558403
     ],
     [
      126.973294,
      37.558478
     ],
     [
      126.973358,
      37.558552
     ],
     [
      126.973422,
      37.558626
     ],
     [
      126.973486,
      37.558701
     ],
     [
      126.973549,
      37.558775
     ],
     [
      126.973613,
      37.55885
     ],
     [
      126.973677,
      37.558924
     ],
     [
      126.973741,
      37.558998
     ],
     [
      126.973805,
      37.559073
     ],
     [
      126.973869,
      37.559147
     ],
     [
      126.973932,
      37.559222
     ],
     [
      126.973996,
      37.559296
     ],
     [
      126.97406,
      37.55937
     ],
     [
      126.974124,
      37.559445
     ],
     [
      126.974188,
      37.559519
     ],
     [
      126.974252,
      37.559594
     ],
     [
      126.974315,
      37.559668
     ],
     [
      126.974379,
      37.559742
     ],
     [
      126.974443,
      37.559817
     ],
     [
      126.974457,
      37.559833
     ],
     [
      126.974499,
      37.559892
     ],
     [
      126.974555,
      37.55997
     ],
     [
      126.974611,
      37.560048
     ],
     [
      126.974668,
      37.560127
     ],
     [
      126.974724,
      37.560205
     ],
     [
      126.97478,
      37.560283
     ],
     [
      126.974836,
      37.560361
     ],
     [
      126.974887,
      37.560433
     ],
     [
      126.974942,
      37.56051
     ],
     [
      126.974998,
      37.560588
     ],
     [
      126.975055,
      37.560666
     ],
     [
      126.975111,
      37.560744
     ],
     [
      126.975137,
      37.560781
     ],
     [
      126.975149,
      37.560798
     ],
     [
      126.975206,
      37.560876
     ],
     [
      126.975263,
      37.560954
     ],
     [
      126.97532,
      37.561032
     ],
     [
      126.975376,
      37.56111
     ],
     [
      126.975433,
      37.561188
     ],
     [
      126.97549,
      37.561266
     ],
     [
      126.975547,
      37.561343
     ],
     [
      126.975604,
      37.561421
     ],
     [
      126.97566,
      37.561499
     ],
     [
      126.975717,
      37.561577
     ],
     [
      126.975774,
      37.561655
     ],
     [
      126.975831,
      37.561733
     ],
     [
      126.975888,
      37.561811
     ],
     [
      126.975944,
      37.561889
     ],
     [
      126.976001,
      37.561967
     ],
     [
      126.976058,
      37.562045
     ],
     [
      126.976115,
      37.562123
     ],
     [
      126.976171,
      37.562201
     ],
     [
      126.976228,
      37.562279
     ],
     [
      126.976285,
      37.562357
     ],
     [
      126.976342,
      37.562435
     ],
     [
      126.976399,
      37.562513
     ],
     [
      126.976416,
      37.562537
     ],
     [
      126.976435,
      37.562562
     ],
     [
      126.976492,
      37.56264
     ],
     [
      126.976549,
      37.562718
     ],
     [
      126.976605,
      37.562796
     ],
     [
      126.976662,
      37.562874
     ],
     [
      126.976719,
      37.562952
     ],
     [
      126.976776,
      37.56303
     ],
     [
      126.976833,
      37.563108
     ],
     [
      126.976889,
      37.563186
     ],
     [
      126.976918,
      37.563226
     ],
     [
      126.976923,
      37.56327
     ],
     [
      126.976933,
      37.563359
     ],
     [
      126.976943,
      37.563449
     ],
     [
      126.976953,
      37.563539
     ],
     [
      126.976963,
      37.563629
     ],
     [
      126.976973,
      37.563718
     ],
     [
      126.976983,
      37.563808
     ],
     [
      126.976993,
      37.563898
     ],
     [
      126.977003,
      37.563988
     ],
     [
      126.977013,
      37.564077
     ],
     [
      126.977023,
      37.564167
     ],
     [
      126.977032,
      37.564257
     ],
     [
      126.977042,
      37.564347
     ],
     [
      126.977052,
      37.564436
     ],
     [
      126.977062,
      37.564526
     ],
     [
      126.977072,
      37.564616
     ],
     [
      126.977082,
      37.564706
     ],
     [
      126.977092,
      37.564795
     ],
     [
      126.977102,
      37.564885
     ],
     [
      126.977104,
      37.564907
     ],
     [
      126.977105,
      37.564911
     ],
     [
      126.977115,
      37.565
     ],
     [
      126.977125,
      37.56509
     ],
     [
      126.977134,
      37.56518
     ],
     [
      126.977141,
      37.565243
     ],
     [
      126.977144,
      37.565268
     ],
     [
      126.977154,
      37.565358
     ],
     [
      126.977164,
      37.565448
     ],
     [
      126.977174,
      37.565537
     ],
     [
      126.977184,
      37.565627
     ],
     [
      126.977194,
      37.565717
     ],
     [
      126.977204,
      37.565807
     ],
     [
      126.977214,
      37.565896
     ],
     [
      126.977224,
      37.565986
     ],
     [
      126.977232,
      37.566064
     ],
     [
      126.977232,
      37.566065
     ],
     [
      126.977242,
      37.566155
     ],
     [
      126.977252,
      37.566245
     ],
     [
      126.977262,
      37.566335
     ],
     [
      126.977272,
      37.566424
     ],
     [
      126.977273,
      37.566434
     ],
     [
      126.977269,
      37.566494
     ],
     [
      126.977264,
      37.566584
     ],
     [
      126.977258,
      37.566674
     ],
     [
      126.977253,
      37.566764
     ],
     [
      126.977247,
      37.566854
     ],
     [
      126.977242,
      37.566944
     ],
     [
      126.977236,
      37.567034
     ],
     [
      126.977231,
      37.567124
     ],
     [
      126.977225,
      37.567214
     ],
     [
      126.97722,
      37.567304
     ],
     [
      126.977214,
      37.567394
     ],
     [
      126.977209,
      37.567484
     ],
     [
      126.977203,
      37.567574
     ],
     [
      126.977198,
      37.567664
     ],
     [
      126.977192,
      37.567754
     ],
     [
      126.977187,
      37.567844
     ],
     [
      126.977181,
      37.567934
     ],
     [
      126.977176,
      37.568024
     ],
     [
      126.97717,
      37.568114
     ],
     [
      126.977165,
      37.568204
     ],
     [
      126.977159,
      37.568294
     ],
     [
      126.977154,
      37.568384
     ],
     [
      126.977148,
      37.568474
     ],
     [
      126.977143,
      37.568564
     ],
     [
      126.977137,
      37.568654
     ],
     [
      126.977132,
      37.568744
     ],
     [
      126.977126,
      37.568834
     ],
     [
      126.977121,
      37.568924
     ],
     [
      126.977115,
      37.569014
     ],
     [
      126.977109,
      37.569104
     ],
     [
      126.977104,
      37.569194
     ],
     [
      126.977098,
      37.569284
     ],
     [
      126.977093,
      37.569374
     ],
     [
      126.977087,
      37.569464
     ],
     [
      126.977082,
      37.569554
     ],
     [
      126.977076,
      37.569644
     ],
     [
      126.977071,
      37.569734
     ],
     [
      126.977065,
      37.569824
     ],
     [
      126.977062,
      37.56988
     ],
     [
      126.977062,
      37.569914
     ],
     [
      126.977062,
      37.570004
     ],
     [
      126.977061,
      37.570094
     ],
     [
      126.977061,
      37.570184
     ],
     [
      126.977061,
      37.570274
     ],
     [
      126.977061,
      37.570308
     ],
     [
      126.977061,
      37.570315
     ],
     [
      126.97706,
      37.570405
     ],
     [
      126.97706,
      37.570495
     ],
     [
      126.97706,
      37.570585
     ],
     [
      126.97706,
      37.570675
     ],
     [
      126.977059,
      37.570766
     ],
     [
      126.977059,
      37.570856
     ],
     [
      126.977059,
      37.570946
     ],
     [
      126.977058,
      37.571036
     ],
     [
      126.977058,
      37.571126
     ],
     [
      126.977058,
      37.571216
     ],
     [
      126.977058,
      37.571306
     ],
     [
      126.977057,
      37.571396
     ],
     [
      126.977057,
      37.571486
     ],
     [
      126.977057,
      37.571576
     ],
     [
      126.977056,
      37.571667
     ],
     [
      126.977056,
      37.571757
     ],
     [
      126.977056,
      37.571847
     ],
     [
      126.977056,
      37.571937
     ],
     [
      126.977055,
      37.572027
     ],
     [
      126.977055,
      37.572117
     ],
     [
      126.977055,
      37.572207
     ],
     [
      126.977054,
      37.572297
     ],
     [
      126.977054,
      37.572387
     ],
     [
      126.977054,
      37.572477
     ],
     [
      126.977054,
      37.572568
     ],
     [
      126.977053,
      37.572658
     ],
     [
      126.977053,
      37.572748
     ],
     [
      126.977053,
      37.572838
     ],
     [
      126.977053,
      37.572928
     ],
     [
      126.977052,
      37.573018
     ],
     [
      126.977052,
      37.573108
     ],
     [
      126.977052,
      37.573198
     ],
     [
      126.977051,
      37.573288
     ],
     [
      126.977051,
      37.573378
     ],
     [
      126.977051,
      37.573469
     ],
     [
      126.977051,
      37.573559
     ],
     [
      126.97705,
      37.573649
     ],
     [
      126.97705,
      37.573739
     ],
     [
      126.97705,
      37.573829
     ],
     [
      126.977049,
      37.573919
     ],
     [
      126.977049,
      37.574009
     ],
     [
      126.977049,
      37.574099
     ],
     [
      126.977049,
      37.574163
     ],
     [
      126.977098,
      37.574172
     ],
     [
      126.977209,
      37.574192
     ],
     [
      126.977319,
      37.574212
     ],
     [
      126.97743,
      37.574232
     ],
     [
      126.97754,
      37.574252
     ],
     [
      126.97765,
      37.574272
     ],
     [
      126.977761,
      37.574291
     ],
     [
      126.977871,
      37.574311
     ],
     [
      126.977982,
      37.574331
     ],
     [
      126.978092,
      37.574351
     ],
     [
      126.978202,
      37.574371
     ],
     [
      126.978313,
      37.574391
     ],
     [
      126.978423,
      37.574411
     ],
     [
      126.978534,
      37.574431
     ],
     [
      126.978644,
      37.57445
     ],
     [
      126.978755,
      37.57447
     ],
     [
      126.978865,
      37.57449
     ],
     [
      126.978975,
      37.57451
     ],
     [
      126.979086,
      37.57453
     ],
     [
      126.979196,
      37.57455
     ],
     [
      126.979307,
      37.57457
     ],
     [
      126.979417,
      37.57459
     ],
     [
      126.979527,
      37.57461
     ],
     [
      126.979638,
      37.574629
     ],
     [
      126.979748,
      37.574649
     ],
     [
      126.979849,
      37.574668
     ],
     [
      126.979856,
      37.574673
     ],
     [
      126.979937,
      37.574736
     ],
     [
      126.980018,
      37.574799
     ],
     [
      126.980099,
      37.574862
     ],
     [
      126.98018,
      37.574925
     ],
     [
      126.980261,
      37.574988
     ],
     [
      126.980342,
      37.575051
     ],
     [
      126.980422,
      37.575114
     ],
     [
      126.980503,
      37.575177
     ],
     [
      126.980584,
      37.57524
     ],
     [
      126.980665,
      37.575303
     ],
     [
      126.980746,
      37.575366
     ],
     [
      126.980827,
      37.575429
     ],
     [
      126.980908,
      37.575492
     ],
     [
      126.980989,
      37.575555
     ],
     [
      126.98107,
      37.575618
     ],
     [
      126.981151,
      37.575681
     ],
     [
      126.981232,
      37.575744
     ],
     [
      126.981312,
      37.575807
     ],
     [
      126.981393,
      37.57587
     ],
     [
      126.981474,
      37.575933
     ],
     [
      126.981555,
      37.575996
     ],
     [
      126.981597,
      37.576029
     ],
     [
      126.981649,
      37.576015
     ],
     [
      126.981756,
      37.575987
     ],
     [
      126.981864,
      37.575958
     ],
     [
      126.981971,
      37.57593
     ],
     [
      126.982078,
      37.575901
     ],
     [
      126.982186,
      37.575873
     ],
     [
      126.982293,
      37.575844
     ],
     [
      126.982395,
      37.575817
     ],
     [
      126.982487,
      37.575857
     ],
     [
      126.982587,
      37.5759
     ],
     [
      126.982687,
      37.575942
     ],
     [
      126.982786,
      37.575985
     ],
     [
      126.982886,
      37.576028
     ],
     [
      126.982986,
      37.57607
     ],
     [
      126.983085,
      37.576113
     ],
     [
      126.983185,
      37.576156
     ],
     [
      126.983285,
      37.576199
     ],
     [
      126.983384,
      37.576241
     ],
     [
      126.983484,
      37.576284
     ],
     [
      126.983584,
      37.576327
     ],
     [
      126.983683,
      37.57637
     ],
     [
      126.983783,
      37.576412
     ],
     [
      126.983883,
      37.576455
     ],
     [
      126.983982,
      37.576498
     ],
     [
      126.984082,
      37.576541
     ],
     [
      126.984182,
      37.576583
     ],
     [
      126.984281,
      37.576626
     ],
     [
      126.984381,
      37.576669
     ],
     [
      126.984481,
      37.576711
     ],
     [
      126.98458,
      37.576754
     ],
     [
      126.98468,
      37.576797
     ],
     [
      126.98478,
      37.57684
     ],
     [
      126.984879,
      37.576882
     ],
     [
      126.984979,
      37.576925
     ],
     [
      126.985079,
      37.576968
     ],
     [
      126.985178,
      37.577011
     ],
     [
      126.985278,
      37.577053
     ],
     [
      126.985378,
      37.577096
     ],
     [
      126.985477,
      37.577139
     ],
     [
      126.985577,
      37.577181
     ],
     [
      126.985677,
      37.577224
     ],
     [
      126.985776,
      37.577267
     ],
     [
      126.985853,
      37.5773
     ],
     [
      126.985877,
      37.577307
     ],
     [
      126.985983,
      37.57734
     ],
     [
      126.986089,
      37.577372
     ],
     [
      126.986194,
      37.577404
     ],
     [
      126.9863,
      37.577436
     ],
     [
      126.986406,
      37.577469
     ],
     [
      126.986511,
      37.577501
     ],
     [
      126.986617,
      37.577533
     ],
     [
      126.986723,
      37.577566
     ],
     [
      126.986828,
      37.577598
     ],
     [
      126.986934,
      37.57763
     ],
     [
      126.98704,
      37.577662
     ],
     [
      126.987145,
      37.577695
     ],
     [
      126.987251,
      37.577727
     ],
     [
      126.987357,
      37.577759
     ],
     [
      126.987463,
      37.577792
     ],
     [
      126.987568,
      37.577824
     ],
     [
      126.987674,
      37.577856
     ],
     [
      126.98778,
      37.577888
     ],
     [
      126.987885,
      37.577921
     ],
     [
      126.987991,
      37.577953
     ],
     [
      126.988097,
      37.577985
     ],
     [
      126.988202,
      37.578018
     ],
     [
      126.988308,
      37.57805
     ],
     [
      126.988414,
      37.578082
     ],
     [
      126.988519,
      37.578114
     ],
     [
      126.988625,
      37.578147
     ],
     [
      126.988731,
      37.578179
     ],
     [
      126.988837,
      37.578211
     ],
     [
      126.988942,
      37.578244
     ],
     [
      126.989048,
      37.578276
     ],
     [
      126.989121,
      37.578298
     ],
     [
      126.989145,
      37.578278
     ],
     [
      126.989221,
      37.578212
     ],
     [
      126.989298,
      37.578145
     ],
     [
      126.989374,
      37.578079
     ],
     [
      126.989451,
      37.578012
     ],
     [
      126.9911,
      37.5792
     ]
    ]
   },
   "properties": {
    "kind": "leg",
    "id": "day8",
    "day": 8,
    "label": "시흥행궁 → 창덕궁 (환궁)",
    "direction": "inbound",
    "distanceKm": 19.98,
    "pointCount": 2050,
    "via": [
     "siheung",
     "baedari",
     "changdeok"
    ]
   }
  },
  {
   "type": "Feature",
   "geometry": {
    "type": "Point",
    "coordinates": [
     126.9911,
     37.5792
    ]
   },
   "properties": {
    "id": "changdeok",
    "name": "창덕궁 인정전",
    "day": 1,
    "confidence": "verified",
    "note": "윤2월 9일 오전 7시 출발",
    "kind": "waypoint"
   }
  },
  {
   "type": "Feature",
   "geometry": {
    "type": "Point",
    "coordinates": [
     126.95581,
     37.51287
    ]
   },
   "properties": {
    "id": "baedari",
    "name": "한강 배다리",
    "day": 1,
    "confidence": "approx",
    "note": "배다리가 놓였던 노량진 도하 지점 근사",
    "kind": "waypoint"
   }
  },
  {
   "type": "Feature",
   "geometry": {
    "type": "Point",
    "coordinates": [
     126.9599,
     37.5127
    ]
   },
   "properties": {
    "id": "yongyang",
    "name": "용양봉저정",
    "day": 1,
    "confidence": "verified",
    "note": "도하 후 점심 수라",
    "kind": "waypoint"
   }
  },
  {
   "type": "Feature",
   "geometry": {
    "type": "Point",
    "coordinates": [
     126.90792,
     37.44965
    ]
   },
   "properties": {
    "id": "siheung",
    "name": "시흥행궁 터",
    "day": 1,
    "confidence": "approx",
    "note": "금천구 시흥동 은행나무 사거리 일대. 건물은 남아 있지 않아 터를 근사",
    "kind": "waypoint"
   }
  },
  {
   "type": "Feature",
   "geometry": {
    "type": "Point",
    "coordinates": [
     126.97039,
     37.34441
    ]
   },
   "properties": {
    "id": "sageuncham",
    "name": "사근참행궁 터",
    "day": 2,
    "confidence": "approx",
    "note": "의왕시 고천동 일대(현 의왕시청 인근). 터만 남아 근사",
    "kind": "waypoint"
   }
  },
  {
   "type": "Feature",
   "geometry": {
    "type": "Point",
    "coordinates": [
     127.01371,
     37.28184
    ]
   },
   "properties": {
    "id": "haenggung",
    "name": "화성행궁",
    "day": 2,
    "confidence": "verified",
    "note": "윤2월 10일 오후 도착, 4박",
    "kind": "waypoint"
   }
  },
  {
   "type": "Feature",
   "geometry": {
    "type": "Point",
    "coordinates": [
     126.99386,
     37.21165
    ]
   },
   "properties": {
    "id": "yungneung",
    "name": "현륭원(융릉)",
    "day": 4,
    "confidence": "verified",
    "note": "윤2월 12일 사도세자 묘소 참배",
    "kind": "waypoint"
   }
  }
 ]
}